input_row_number,extracted_identifier,extracted_product_name,extracted_manufacturer,source_filename,matched_source_page,disposition,canonical_product_id,canonical_catalog_number,match_basis,evidence_strength,reason_code,owner_review_note
12,Not stated in source,One-Step Centesis Catheter,Merit Medical Systems,401295001.pdf,Document p. not stated (PDF page 1),relevant_family_level_only,,,relevant_family_without_exact_orderable_identifier,moderate,relevant_family_without_exact_orderable_identifier,
293,Not stated in source,ReSolve One-Step Centesis Catheter,Merit Medical Systems,402036009.pdf,Document p. not stated (PDF page 1),relevant_family_level_only,,,relevant_family_without_exact_orderable_identifier,moderate,relevant_family_without_exact_orderable_identifier,
414,MBR-000019,Bronchoscope Valve,"Auris Health, Inc.",AccessGUDID - (&quot;Monarch Bronchoscope&quot;)2.pdf,"PDF page index 1; printed p. 1/2, AccessGUDID exact device row",needs_owner_review,,,needs_owner_review,needs_review,needs_owner_review,"Exact GUDID identity exists, but repository handoff deliberately excludes MBR-000019 because no governed role reaches bronchoscope valves."
425,LBL-007438,aScope 4 Broncho Single-Use Bronchoscope,Ambu,aScope-4-Broncho-Datasheets.pdf,Flexible bronchoscopy platforms!7,source_evidence_conflicted,PRD-A6CF0E2BA4,476101000,source_evidence_conflicted,low,source_evidence_conflicted,"LBL value is the datasheet revision/control number, not the product SKU. The same page prints exact US product number 476101000, already governed."
426,LBL-007439,aScope 4 Broncho Single-Use Bronchoscope,Ambu,aScope-4-Broncho-Datasheets.pdf,Flexible bronchoscopy platforms!8,source_evidence_conflicted,PRD-F2C87C4908,477101000,source_evidence_conflicted,low,source_evidence_conflicted,"LBL value is the datasheet revision/control number, not the product SKU. The same page prints exact US product number 477101000, already governed."
427,LBL-007440,aScope 4 Broncho Single-Use Bronchoscope,Ambu,aScope-4-Broncho-Datasheets.pdf,Flexible bronchoscopy platforms!9,source_evidence_conflicted,PRD-E907C0EB2E,478101000,source_evidence_conflicted,low,source_evidence_conflicted,"LBL value is the datasheet revision/control number, not the product SKU. The same page prints exact US product number 478101000, already governed."
629,MOSS,MOSS Robotic Bronchoscopy System,Body Vision Medical,Brochure-BodyVision_MOSS.pdf,PDF pages 1-3 describe LungVision; PDF page 4 identifies MOSS S.p.A. in the company footer,source_evidence_conflicted,PRD-2C5302C206,,source_evidence_conflicted,low,source_evidence_conflicted,"MOSS is the legacy brochure publisher/company footer, not a product model. The brochure describes the LungVision System already governed."
642,PPD,Fuhrman Pleural/Pneumopericardial Drainage Set,Cook Medical,C_T_PPD_REV6.pdf,PDF p. 1,relevant_family_level_only,,,document_or_family_code_not_orderable_product_identifier,moderate,document_or_family_code_not_orderable_product_identifier,
643,PTISGI2,Blue Rhino G2-Multi Percutaneous Tracheostomy Introducer,Cook Medical,C_T_PTISGI2_REV0 (1).pdf; C_T_PTISGI2_REV0.pdf,PDF p. 1,relevant_family_level_only,,,document_or_family_code_not_orderable_product_identifier,moderate,document_or_family_code_not_orderable_product_identifier,
644,THAL,Thal-Quick Chest Tube Set and Tray,Cook Medical,C_T_THAL_REV11.pdf,PDF p. 1,relevant_family_level_only,,,document_or_family_code_not_orderable_product_identifier,moderate,document_or_family_code_not_orderable_product_identifier,
752,Not stated in source,FOX 980,A.R.C. Laser,deep-research-report-lasers.md,,relevant_but_insufficient_identity,,,relevant_but_insufficient_identity,moderate,relevant_but_insufficient_identity,"No exact orderable identifier is present in the input, and the supplied evidence is a research report or manufacturer-unresolved document rather than an exact authoritative SKU record."
753,Not stated in source,Beacon Advanced Energy CO2 Laser,Beacon,deep-research-report-lasers.md,,relevant_but_insufficient_identity,,,relevant_but_insufficient_identity,moderate,relevant_but_insufficient_identity,"No exact orderable identifier is present in the input, and the supplied evidence is a research report or manufacturer-unresolved document rather than an exact authoritative SKU record."
754,Not stated in source,LEONARDO DUAL 100/45,biolitec,deep-research-report-lasers.md,,source_evidence_conflicted,,,source_evidence_conflicted,low,source_evidence_conflicted,"The extracted combined 'LEONARDO DUAL 100/45' identity is not an exact SKU; prior governed review found the UDI-listed pair to be DUAL 45 and DUAL 200, while DUAL 100 lacks the required exact identity evidence."
756,Not stated in source,VELAS,GIGAA,deep-research-report-lasers.md,,relevant_but_insufficient_identity,,,relevant_but_insufficient_identity,moderate,relevant_but_insufficient_identity,"No exact orderable identifier is present in the input, and the supplied evidence is a research report or manufacturer-unresolved document rather than an exact authoritative SKU record."
757,Not stated in source,RevoLix,LISA Laser Products,deep-research-report-lasers.md,,relevant_but_insufficient_identity,,,relevant_but_insufficient_identity,moderate,relevant_but_insufficient_identity,"No exact orderable identifier is present in the input, and the supplied evidence is a research report or manufacturer-unresolved document rather than an exact authoritative SKU record."
759,Not stated in source,Cyber TM,Quanta System,deep-research-report-lasers.md,,relevant_but_insufficient_identity,,,relevant_but_insufficient_identity,moderate,relevant_but_insufficient_identity,"No exact orderable identifier is present in the input, and the supplied evidence is a research report or manufacturer-unresolved document rather than an exact authoritative SKU record."
762,Not stated in source,Thoracentesis and Paracentesis Set,Merit Medical Systems,download (3).html,,relevant_family_level_only,,,relevant_family_without_exact_orderable_identifier,moderate,relevant_family_without_exact_orderable_identifier,
763,Not stated in source,One-Step Centesis Catheter with Echo Enhanced Needle,Merit Medical Systems,download (4).html,,relevant_family_level_only,,,relevant_family_without_exact_orderable_identifier,moderate,relevant_family_without_exact_orderable_identifier,
779,EB-J10,EB-J10 Video Bronchoscope Series,PENTAX Medical,EB-J10 Bronchoscopes_ Advanced High-Definition imaging.pdf,"Official EB-J10 product-page capture, PDF indices 1-7; the source identifies only the EB-J10 Series",relevant_family_level_only,,,relevant_family_level_only,moderate,relevant_family_level_only,EB-J10 is a series/family label; no exact orderable scope configuration/model number is printed in the supplied capture.
1061,Not stated in source,Nd:YAG Laser System,Not stated in source,NdYAG_2026_EUR_260417.pdf,,relevant_but_insufficient_identity,,,relevant_but_insufficient_identity,moderate,relevant_but_insufficient_identity,"No exact orderable identifier is present in the input, and the supplied evidence is a research report or manufacturer-unresolved document rather than an exact authoritative SKU record."
1062,NR-001,Netis Retrieval Net,Thoracent / Micro-Tech Endoscopy,Netis Retrieval Net - Pulmonary - Thoracent.pdf,"PDF page index 3; printed p. 3/4, PRODUCT SPECIFICATIONS table",source_evidence_conflicted,PRD-F43B951B75,MED-194-NET,source_evidence_conflicted,low,source_evidence_conflicted,"NR-001 is not printed in the source. The official table prints MED-194-NET, already governed; adding NR-001 would duplicate it."
1063,NR-002,Netis Retrieval Net,Thoracent / Micro-Tech Endoscopy,Netis Retrieval Net - Pulmonary - Thoracent.pdf,"PDF page index 3; printed p. 3/4, PRODUCT SPECIFICATIONS table",source_evidence_conflicted,PRD-D532D5406F,MED-200-NET,source_evidence_conflicted,low,source_evidence_conflicted,"NR-002 is not printed in the source. The official table prints MED-200-NET, already governed; adding NR-002 would duplicate it."
1068,NOV-MR-PCA-3D,NOVATECH 3D Patient-Specific Airway Stent,Novatech,NOV-MR-PCA-SS3_NOVATECH_3D_EN.pdf,PDF p. 4 describes NOVATECH 3D customized stents; p. 12 prints NOV-MR-PCA-3D as the document code,relevant_family_level_only,,,relevant_family_level_only,moderate,relevant_family_level_only,"NOV-MR-PCA-3D is a brochure/document code, not an orderable product identifier. Do not invent a patient-specific stent SKU."
1070,DV25,STERITALC Medical Talc,Novatech,NOV-MR-PCA-STE_STERITALC_EN.pdf,PDF p. 9 particle-size graph; pp. 11-15 PF3/F2/F4 products and ordering table,source_evidence_conflicted,,,source_evidence_conflicted,low,source_evidence_conflicted,"Dv25/Dv50/Dv75 are particle-distribution statistics, not product identifiers; PF3 is a family label. Exact governed order numbers are 16903, 16913, 16863, and 16983."
1071,DV50,STERITALC Medical Talc,Novatech,NOV-MR-PCA-STE_STERITALC_EN.pdf,PDF p. 9 particle-size graph; pp. 11-15 PF3/F2/F4 products and ordering table,source_evidence_conflicted,,,source_evidence_conflicted,low,source_evidence_conflicted,"Dv25/Dv50/Dv75 are particle-distribution statistics, not product identifiers; PF3 is a family label. Exact governed order numbers are 16903, 16913, 16863, and 16983."
1072,DV75,STERITALC Medical Talc,Novatech,NOV-MR-PCA-STE_STERITALC_EN.pdf,PDF p. 9 particle-size graph; pp. 11-15 PF3/F2/F4 products and ordering table,source_evidence_conflicted,,,source_evidence_conflicted,low,source_evidence_conflicted,"Dv25/Dv50/Dv75 are particle-distribution statistics, not product identifiers; PF3 is a family label. Exact governed order numbers are 16903, 16913, 16863, and 16983."
1073,PF3,STERITALC Medical Talc,Novatech,NOV-MR-PCA-STE_STERITALC_EN.pdf,PDF p. 9 particle-size graph; pp. 11-15 PF3/F2/F4 products and ordering table,source_evidence_conflicted,,,source_evidence_conflicted,low,source_evidence_conflicted,"Dv25/Dv50/Dv75 are particle-distribution statistics, not product identifiers; PF3 is a family label. Exact governed order numbers are 16903, 16913, 16863, and 16983."
1245,8295.5,Cotton Swab,Richard Wolf,Richard Wolfe.pdf,p. 26,source_evidence_conflicted,PRD-3FE0E7E391,8295.50,source_evidence_conflicted,low,source_evidence_conflicted,CSV extraction dropped official decimal zero(s); source prints 8295.50. Input 8295.5 is especially ambiguous because the same source also lists 8295.35.
1400,Not stated in source,Empyema and Pleural Effusion Thoracoscopy Product Set,KARL STORZ,Search - Empyema and pleural effusion _ KARL STORZ Endoskope _ Cyprus.pdf,PDF 1-11 (family-level search capture),relevant_family_level_only,,,Named manufacturer product-set page; no exact catalog/model/reference identifier,moderate,family_or_product_set_without_identifier,
1401,Not stated in source,Flexible Bronchoscopy Product Set,KARL STORZ,Search - Flexible bronchoscopy _ KARL STORZ Endoskope _ United States.pdf,PDF 1-14 (family-level search capture),relevant_family_level_only,,,Named manufacturer product-set page; no exact catalog/model/reference identifier,moderate,family_or_product_set_without_identifier,
1402,Not stated in source,Medical Thoracoscopy Product Set,KARL STORZ,Search - Medical thoracoscopy _ KARL STORZ Endoskope _ United States.pdf,PDF 1-8 (family-level search capture),relevant_family_level_only,,,Named manufacturer product-set page; no exact catalog/model/reference identifier,moderate,family_or_product_set_without_identifier,
1404,Not stated in source,Rigid Bronchoscopy Product Set,KARL STORZ,Search - Rigid bronchoscopy _ KARL STORZ Endoskope _ United States.pdf,PDF 1-138 (family-level search capture),relevant_family_level_only,,,Named manufacturer product-set page; no exact catalog/model/reference identifier,moderate,family_or_product_set_without_identifier,
1406,SSV / SSVO,Shiley Speaking Valve,Medtronic,shiley-speaking-valves-product-brochure.pdf,Document p. not stated (PDF page 3),needs_owner_review,,,exact_relevant_accessory_but_no_existing_governed_role_code,needs_review,exact_relevant_accessory_but_no_existing_governed_role_code,"Identity is supported, but do not invent a speaking-valve or replacement-inner-cannula role in this intake."
1421,10IC10,Shiley Replacement Inner Cannula,Medtronic,Shiley™ Flexible Adult Tracheostomy Tube _ Medtronic.pdf,Document p. not stated (PDF page 5),needs_owner_review,,,exact_relevant_accessory_but_no_existing_governed_role_code,needs_review,exact_relevant_accessory_but_no_existing_governed_role_code,"Identity is supported, but do not invent a speaking-valve or replacement-inner-cannula role in this intake."
1422,4IC65,Shiley Replacement Inner Cannula,Medtronic,Shiley™ Flexible Adult Tracheostomy Tube _ Medtronic.pdf,Document p. not stated (PDF page 5),needs_owner_review,,,exact_relevant_accessory_but_no_existing_governed_role_code,needs_review,exact_relevant_accessory_but_no_existing_governed_role_code,"Identity is supported, but do not invent a speaking-valve or replacement-inner-cannula role in this intake."
1423,5IC70,Shiley Replacement Inner Cannula,Medtronic,Shiley™ Flexible Adult Tracheostomy Tube _ Medtronic.pdf,Document p. not stated (PDF page 5),needs_owner_review,,,exact_relevant_accessory_but_no_existing_governed_role_code,needs_review,exact_relevant_accessory_but_no_existing_governed_role_code,"Identity is supported, but do not invent a speaking-valve or replacement-inner-cannula role in this intake."
1424,6IC75,Shiley Replacement Inner Cannula,Medtronic,Shiley™ Flexible Adult Tracheostomy Tube _ Medtronic.pdf,Document p. not stated (PDF page 5),needs_owner_review,,,exact_relevant_accessory_but_no_existing_governed_role_code,needs_review,exact_relevant_accessory_but_no_existing_governed_role_code,"Identity is supported, but do not invent a speaking-valve or replacement-inner-cannula role in this intake."
1425,7IC80,Shiley Replacement Inner Cannula,Medtronic,Shiley™ Flexible Adult Tracheostomy Tube _ Medtronic.pdf,Document p. not stated (PDF page 5),needs_owner_review,,,exact_relevant_accessory_but_no_existing_governed_role_code,needs_review,exact_relevant_accessory_but_no_existing_governed_role_code,"Identity is supported, but do not invent a speaking-valve or replacement-inner-cannula role in this intake."
1426,8IC85,Shiley Replacement Inner Cannula,Medtronic,Shiley™ Flexible Adult Tracheostomy Tube _ Medtronic.pdf,Document p. not stated (PDF page 5),needs_owner_review,,,exact_relevant_accessory_but_no_existing_governed_role_code,needs_review,exact_relevant_accessory_but_no_existing_governed_role_code,"Identity is supported, but do not invent a speaking-valve or replacement-inner-cannula role in this intake."
1427,9IC90,Shiley Replacement Inner Cannula,Medtronic,Shiley™ Flexible Adult Tracheostomy Tube _ Medtronic.pdf,Document p. not stated (PDF page 5),needs_owner_review,,,exact_relevant_accessory_but_no_existing_governed_role_code,needs_review,exact_relevant_accessory_but_no_existing_governed_role_code,"Identity is supported, but do not invent a speaking-valve or replacement-inner-cannula role in this intake."
1429,50XLTIN,Shiley XLT Extended-Length Tracheostomy Tube,Medtronic,Shiley™ XLT Extended Length Tracheostomy Tube _ Medtronic.pdf,Document p. not stated (PDF page 5),needs_owner_review,,,exact_relevant_accessory_but_no_existing_governed_role_code,needs_review,exact_relevant_accessory_but_no_existing_governed_role_code,"Identity is supported, but do not invent a speaking-valve or replacement-inner-cannula role in this intake."
1432,60XLTIN,Shiley XLT Extended-Length Tracheostomy Tube,Medtronic,Shiley™ XLT Extended Length Tracheostomy Tube _ Medtronic.pdf,Document p. not stated (PDF page 5),needs_owner_review,,,exact_relevant_accessory_but_no_existing_governed_role_code,needs_review,exact_relevant_accessory_but_no_existing_governed_role_code,"Identity is supported, but do not invent a speaking-valve or replacement-inner-cannula role in this intake."
1435,70XLTIN,Shiley XLT Extended-Length Tracheostomy Tube,Medtronic,Shiley™ XLT Extended Length Tracheostomy Tube _ Medtronic.pdf,Document p. not stated (PDF page 5),needs_owner_review,,,exact_relevant_accessory_but_no_existing_governed_role_code,needs_review,exact_relevant_accessory_but_no_existing_governed_role_code,"Identity is supported, but do not invent a speaking-valve or replacement-inner-cannula role in this intake."
1438,80XLTIN,Shiley XLT Extended-Length Tracheostomy Tube,Medtronic,Shiley™ XLT Extended Length Tracheostomy Tube _ Medtronic.pdf,Document p. not stated (PDF page 6),needs_owner_review,,,exact_relevant_accessory_but_no_existing_governed_role_code,needs_review,exact_relevant_accessory_but_no_existing_governed_role_code,"Identity is supported, but do not invent a speaking-valve or replacement-inner-cannula role in this intake."
1472,BTB-100209,BONASTENT Tracheal/Bronchial Stent,M.I. Tech / Thoracent,TB-Stent-size-chart.pdf,"PDF page index 1; printed p. 1/2, BONASTENT order-number table",source_evidence_conflicted,PRD-6EFB8B3386,BTB-102009,source_evidence_conflicted,low,source_evidence_conflicted,"Supplied authoritative chart and AccessGUDID use BTB-100209; current product PRD-6EFB8B3386 uses BTB-102009 for the same diameter/length. Do not add a duplicate: correct/reconcile the governed identifier and manufacturer (GUDID labeler Sewoon Medical Co., Ltd.; Thoracent is the U.S. distributor)."
1473,BTB-100309,BONASTENT Tracheal/Bronchial Stent,M.I. Tech / Thoracent,TB-Stent-size-chart.pdf,"PDF page index 1; printed p. 1/2, BONASTENT order-number table",source_evidence_conflicted,PRD-733F2370BA,BTB-103009,source_evidence_conflicted,low,source_evidence_conflicted,"Supplied authoritative chart and AccessGUDID use BTB-100309; current product PRD-733F2370BA uses BTB-103009 for the same diameter/length. Do not add a duplicate: correct/reconcile the governed identifier and manufacturer (GUDID labeler Sewoon Medical Co., Ltd.; Thoracent is the U.S. distributor)."
1474,BTB-100409,BONASTENT Tracheal/Bronchial Stent,M.I. Tech / Thoracent,TB-Stent-size-chart.pdf,"PDF page index 1; printed p. 1/2, BONASTENT order-number table",source_evidence_conflicted,PRD-138ECF4319,BTB-104009,source_evidence_conflicted,low,source_evidence_conflicted,"Supplied authoritative chart and AccessGUDID use BTB-100409; current product PRD-138ECF4319 uses BTB-104009 for the same diameter/length. Do not add a duplicate: correct/reconcile the governed identifier and manufacturer (GUDID labeler Sewoon Medical Co., Ltd.; Thoracent is the U.S. distributor)."
1475,BTB-100509,BONASTENT Tracheal/Bronchial Stent,M.I. Tech / Thoracent,TB-Stent-size-chart.pdf,"PDF page index 1; printed p. 1/2, BONASTENT order-number table",source_evidence_conflicted,PRD-CBD72081E8,BTB-105009,source_evidence_conflicted,low,source_evidence_conflicted,"Supplied authoritative chart and AccessGUDID use BTB-100509; current product PRD-CBD72081E8 uses BTB-105009 for the same diameter/length. Do not add a duplicate: correct/reconcile the governed identifier and manufacturer (GUDID labeler Sewoon Medical Co., Ltd.; Thoracent is the U.S. distributor)."
1476,BTB-120209,BONASTENT Tracheal/Bronchial Stent,M.I. Tech / Thoracent,TB-Stent-size-chart.pdf,"PDF page index 1; printed p. 1/2, BONASTENT order-number table",source_evidence_conflicted,PRD-FBE99854E1,BTB-122009,source_evidence_conflicted,low,source_evidence_conflicted,"Supplied authoritative chart and AccessGUDID use BTB-120209; current product PRD-FBE99854E1 uses BTB-122009 for the same diameter/length. Do not add a duplicate: correct/reconcile the governed identifier and manufacturer (GUDID labeler Sewoon Medical Co., Ltd.; Thoracent is the U.S. distributor)."
1477,BTB-120309,BONASTENT Tracheal/Bronchial Stent,M.I. Tech / Thoracent,TB-Stent-size-chart.pdf,"PDF page index 1; printed p. 1/2, BONASTENT order-number table",source_evidence_conflicted,PRD-7ACC124BE1,BTB-123009,source_evidence_conflicted,low,source_evidence_conflicted,"Supplied authoritative chart and AccessGUDID use BTB-120309; current product PRD-7ACC124BE1 uses BTB-123009 for the same diameter/length. Do not add a duplicate: correct/reconcile the governed identifier and manufacturer (GUDID labeler Sewoon Medical Co., Ltd.; Thoracent is the U.S. distributor)."
1478,BTB-120409,BONASTENT Tracheal/Bronchial Stent,M.I. Tech / Thoracent,TB-Stent-size-chart.pdf,"PDF page index 1; printed p. 1/2, BONASTENT order-number table",source_evidence_conflicted,PRD-A0DF0074DB,BTB-124009,source_evidence_conflicted,low,source_evidence_conflicted,"Supplied authoritative chart and AccessGUDID use BTB-120409; current product PRD-A0DF0074DB uses BTB-124009 for the same diameter/length. Do not add a duplicate: correct/reconcile the governed identifier and manufacturer (GUDID labeler Sewoon Medical Co., Ltd.; Thoracent is the U.S. distributor)."
1479,BTB-120509,BONASTENT Tracheal/Bronchial Stent,M.I. Tech / Thoracent,TB-Stent-size-chart.pdf,"PDF page index 1; printed p. 1/2, BONASTENT order-number table",source_evidence_conflicted,PRD-7AA19EC9FD,BTB-125009,source_evidence_conflicted,low,source_evidence_conflicted,"Supplied authoritative chart and AccessGUDID use BTB-120509; current product PRD-7AA19EC9FD uses BTB-125009 for the same diameter/length. Do not add a duplicate: correct/reconcile the governed identifier and manufacturer (GUDID labeler Sewoon Medical Co., Ltd.; Thoracent is the U.S. distributor)."
1480,BTB-120609,BONASTENT Tracheal/Bronchial Stent,M.I. Tech / Thoracent,TB-Stent-size-chart.pdf,"PDF page index 1; printed p. 1/2, BONASTENT order-number table",source_evidence_conflicted,PRD-6DB8E6BC3D,BTB-126009,source_evidence_conflicted,low,source_evidence_conflicted,"Supplied authoritative chart and AccessGUDID use BTB-120609; current product PRD-6DB8E6BC3D uses BTB-126009 for the same diameter/length. Do not add a duplicate: correct/reconcile the governed identifier and manufacturer (GUDID labeler Sewoon Medical Co., Ltd.; Thoracent is the U.S. distributor)."
1481,BTB-120709,BONASTENT Tracheal/Bronchial Stent,M.I. Tech / Thoracent,TB-Stent-size-chart.pdf,"PDF page index 1; printed p. 1/2, BONASTENT order-number table",source_evidence_conflicted,PRD-BBBE3C6465,BTB-127009,source_evidence_conflicted,low,source_evidence_conflicted,"Supplied authoritative chart and AccessGUDID use BTB-120709; current product PRD-BBBE3C6465 uses BTB-127009 for the same diameter/length. Do not add a duplicate: correct/reconcile the governed identifier and manufacturer (GUDID labeler Sewoon Medical Co., Ltd.; Thoracent is the U.S. distributor)."
1482,BTB-120809,BONASTENT Tracheal/Bronchial Stent,M.I. Tech / Thoracent,TB-Stent-size-chart.pdf,"PDF page index 1; printed p. 1/2, BONASTENT order-number table",source_evidence_conflicted,PRD-D2C6029A70,BTB-128009,source_evidence_conflicted,low,source_evidence_conflicted,"Supplied authoritative chart and AccessGUDID use BTB-120809; current product PRD-D2C6029A70 uses BTB-128009 for the same diameter/length. Do not add a duplicate: correct/reconcile the governed identifier and manufacturer (GUDID labeler Sewoon Medical Co., Ltd.; Thoracent is the U.S. distributor)."
1483,BTB-140209,BONASTENT Tracheal/Bronchial Stent,M.I. Tech / Thoracent,TB-Stent-size-chart.pdf,"PDF page index 1; printed p. 1/2, BONASTENT order-number table",source_evidence_conflicted,PRD-6F74CF87DF,BTB-142009,source_evidence_conflicted,low,source_evidence_conflicted,"Supplied authoritative chart and AccessGUDID use BTB-140209; current product PRD-6F74CF87DF uses BTB-142009 for the same diameter/length. Do not add a duplicate: correct/reconcile the governed identifier and manufacturer (GUDID labeler Sewoon Medical Co., Ltd.; Thoracent is the U.S. distributor)."
1484,BTB-140309,BONASTENT Tracheal/Bronchial Stent,M.I. Tech / Thoracent,TB-Stent-size-chart.pdf,"PDF page index 1; printed p. 1/2, BONASTENT order-number table",source_evidence_conflicted,PRD-908A7EB205,BTB-143009,source_evidence_conflicted,low,source_evidence_conflicted,"Supplied authoritative chart and AccessGUDID use BTB-140309; current product PRD-908A7EB205 uses BTB-143009 for the same diameter/length. Do not add a duplicate: correct/reconcile the governed identifier and manufacturer (GUDID labeler Sewoon Medical Co., Ltd.; Thoracent is the U.S. distributor)."
1485,BTB-140409,BONASTENT Tracheal/Bronchial Stent,M.I. Tech / Thoracent,TB-Stent-size-chart.pdf,"PDF page index 1; printed p. 1/2, BONASTENT order-number table",source_evidence_conflicted,PRD-7EE559B95F,BTB-144009,source_evidence_conflicted,low,source_evidence_conflicted,"Supplied authoritative chart and AccessGUDID use BTB-140409; current product PRD-7EE559B95F uses BTB-144009 for the same diameter/length. Do not add a duplicate: correct/reconcile the governed identifier and manufacturer (GUDID labeler Sewoon Medical Co., Ltd.; Thoracent is the U.S. distributor)."
1486,BTB-140509,BONASTENT Tracheal/Bronchial Stent,M.I. Tech / Thoracent,TB-Stent-size-chart.pdf,"PDF page index 1; printed p. 1/2, BONASTENT order-number table",source_evidence_conflicted,PRD-81325BA145,BTB-145009,source_evidence_conflicted,low,source_evidence_conflicted,"Supplied authoritative chart and AccessGUDID use BTB-140509; current product PRD-81325BA145 uses BTB-145009 for the same diameter/length. Do not add a duplicate: correct/reconcile the governed identifier and manufacturer (GUDID labeler Sewoon Medical Co., Ltd.; Thoracent is the U.S. distributor)."
1487,BTB-140609,BONASTENT Tracheal/Bronchial Stent,M.I. Tech / Thoracent,TB-Stent-size-chart.pdf,"PDF page index 1; printed p. 1/2, BONASTENT order-number table",source_evidence_conflicted,PRD-0C3327D71D,BTB-146009,source_evidence_conflicted,low,source_evidence_conflicted,"Supplied authoritative chart and AccessGUDID use BTB-140609; current product PRD-0C3327D71D uses BTB-146009 for the same diameter/length. Do not add a duplicate: correct/reconcile the governed identifier and manufacturer (GUDID labeler Sewoon Medical Co., Ltd.; Thoracent is the U.S. distributor)."
1488,BTB-140709,BONASTENT Tracheal/Bronchial Stent,M.I. Tech / Thoracent,TB-Stent-size-chart.pdf,"PDF page index 1; printed p. 1/2, BONASTENT order-number table",source_evidence_conflicted,PRD-0581A0B7D2,BTB-147009,source_evidence_conflicted,low,source_evidence_conflicted,"Supplied authoritative chart and AccessGUDID use BTB-140709; current product PRD-0581A0B7D2 uses BTB-147009 for the same diameter/length. Do not add a duplicate: correct/reconcile the governed identifier and manufacturer (GUDID labeler Sewoon Medical Co., Ltd.; Thoracent is the U.S. distributor)."
1489,BTB-140809,BONASTENT Tracheal/Bronchial Stent,M.I. Tech / Thoracent,TB-Stent-size-chart.pdf,"PDF page index 1; printed p. 1/2, BONASTENT order-number table",source_evidence_conflicted,PRD-EF96863018,BTB-148009,source_evidence_conflicted,low,source_evidence_conflicted,"Supplied authoritative chart and AccessGUDID use BTB-140809; current product PRD-EF96863018 uses BTB-148009 for the same diameter/length. Do not add a duplicate: correct/reconcile the governed identifier and manufacturer (GUDID labeler Sewoon Medical Co., Ltd.; Thoracent is the U.S. distributor)."
1490,BTB-160209,BONASTENT Tracheal/Bronchial Stent,M.I. Tech / Thoracent,TB-Stent-size-chart.pdf,"PDF page index 1; printed p. 1/2, BONASTENT order-number table",source_evidence_conflicted,PRD-5255AADD2C,BTB-162009,source_evidence_conflicted,low,source_evidence_conflicted,"Supplied authoritative chart and AccessGUDID use BTB-160209; current product PRD-5255AADD2C uses BTB-162009 for the same diameter/length. Do not add a duplicate: correct/reconcile the governed identifier and manufacturer (GUDID labeler Sewoon Medical Co., Ltd.; Thoracent is the U.S. distributor)."
1491,BTB-160309,BONASTENT Tracheal/Bronchial Stent,M.I. Tech / Thoracent,TB-Stent-size-chart.pdf,"PDF page index 1; printed p. 1/2, BONASTENT order-number table",source_evidence_conflicted,PRD-2CEB73CB15,BTB-163009,source_evidence_conflicted,low,source_evidence_conflicted,"Supplied authoritative chart and AccessGUDID use BTB-160309; current product PRD-2CEB73CB15 uses BTB-163009 for the same diameter/length. Do not add a duplicate: correct/reconcile the governed identifier and manufacturer (GUDID labeler Sewoon Medical Co., Ltd.; Thoracent is the U.S. distributor)."
1492,BTB-160409,BONASTENT Tracheal/Bronchial Stent,M.I. Tech / Thoracent,TB-Stent-size-chart.pdf,"PDF page index 1; printed p. 1/2, BONASTENT order-number table",source_evidence_conflicted,PRD-9BBDA8D7D6,BTB-164009,source_evidence_conflicted,low,source_evidence_conflicted,"Supplied authoritative chart and AccessGUDID use BTB-160409; current product PRD-9BBDA8D7D6 uses BTB-164009 for the same diameter/length. Do not add a duplicate: correct/reconcile the governed identifier and manufacturer (GUDID labeler Sewoon Medical Co., Ltd.; Thoracent is the U.S. distributor)."
1493,BTB-160509,BONASTENT Tracheal/Bronchial Stent,M.I. Tech / Thoracent,TB-Stent-size-chart.pdf,"PDF page index 1; printed p. 1/2, BONASTENT order-number table",source_evidence_conflicted,PRD-F980B28A34,BTB-165009,source_evidence_conflicted,low,source_evidence_conflicted,"Supplied authoritative chart and AccessGUDID use BTB-160509; current product PRD-F980B28A34 uses BTB-165009 for the same diameter/length. Do not add a duplicate: correct/reconcile the governed identifier and manufacturer (GUDID labeler Sewoon Medical Co., Ltd.; Thoracent is the U.S. distributor)."
1494,BTB-160609,BONASTENT Tracheal/Bronchial Stent,M.I. Tech / Thoracent,TB-Stent-size-chart.pdf,"PDF page index 1; printed p. 1/2, BONASTENT order-number table",source_evidence_conflicted,PRD-8C9CE98C9B,BTB-166009,source_evidence_conflicted,low,source_evidence_conflicted,"Supplied authoritative chart and AccessGUDID use BTB-160609; current product PRD-8C9CE98C9B uses BTB-166009 for the same diameter/length. Do not add a duplicate: correct/reconcile the governed identifier and manufacturer (GUDID labeler Sewoon Medical Co., Ltd.; Thoracent is the U.S. distributor)."
1495,BTB-160709,BONASTENT Tracheal/Bronchial Stent,M.I. Tech / Thoracent,TB-Stent-size-chart.pdf,"PDF page index 1; printed p. 1/2, BONASTENT order-number table",source_evidence_conflicted,PRD-13EE4FE542,BTB-167009,source_evidence_conflicted,low,source_evidence_conflicted,"Supplied authoritative chart and AccessGUDID use BTB-160709; current product PRD-13EE4FE542 uses BTB-167009 for the same diameter/length. Do not add a duplicate: correct/reconcile the governed identifier and manufacturer (GUDID labeler Sewoon Medical Co., Ltd.; Thoracent is the U.S. distributor)."
1496,BTB-160809,BONASTENT Tracheal/Bronchial Stent,M.I. Tech / Thoracent,TB-Stent-size-chart.pdf,"PDF page index 1; printed p. 1/2, BONASTENT order-number table",source_evidence_conflicted,PRD-DF6218682C,BTB-168009,source_evidence_conflicted,low,source_evidence_conflicted,"Supplied authoritative chart and AccessGUDID use BTB-160809; current product PRD-DF6218682C uses BTB-168009 for the same diameter/length. Do not add a duplicate: correct/reconcile the governed identifier and manufacturer (GUDID labeler Sewoon Medical Co., Ltd.; Thoracent is the U.S. distributor)."
1497,BTB-180209,BONASTENT Tracheal/Bronchial Stent,M.I. Tech / Thoracent,TB-Stent-size-chart.pdf,"PDF page index 1; printed p. 1/2, BONASTENT order-number table",source_evidence_conflicted,PRD-03B374F7B8,BTB-182009,source_evidence_conflicted,low,source_evidence_conflicted,"Supplied authoritative chart and AccessGUDID use BTB-180209; current product PRD-03B374F7B8 uses BTB-182009 for the same diameter/length. Do not add a duplicate: correct/reconcile the governed identifier and manufacturer (GUDID labeler Sewoon Medical Co., Ltd.; Thoracent is the U.S. distributor)."
1498,BTB-180309,BONASTENT Tracheal/Bronchial Stent,M.I. Tech / Thoracent,TB-Stent-size-chart.pdf,"PDF page index 1; printed p. 1/2, BONASTENT order-number table",source_evidence_conflicted,PRD-EFB3CF2E71,BTB-183009,source_evidence_conflicted,low,source_evidence_conflicted,"Supplied authoritative chart and AccessGUDID use BTB-180309; current product PRD-EFB3CF2E71 uses BTB-183009 for the same diameter/length. Do not add a duplicate: correct/reconcile the governed identifier and manufacturer (GUDID labeler Sewoon Medical Co., Ltd.; Thoracent is the U.S. distributor)."
1499,BTB-180409,BONASTENT Tracheal/Bronchial Stent,M.I. Tech / Thoracent,TB-Stent-size-chart.pdf,"PDF page index 1; printed p. 1/2, BONASTENT order-number table",source_evidence_conflicted,PRD-470EA6C7BA,BTB-184009,source_evidence_conflicted,low,source_evidence_conflicted,"Supplied authoritative chart and AccessGUDID use BTB-180409; current product PRD-470EA6C7BA uses BTB-184009 for the same diameter/length. Do not add a duplicate: correct/reconcile the governed identifier and manufacturer (GUDID labeler Sewoon Medical Co., Ltd.; Thoracent is the U.S. distributor)."
1500,BTB-180509,BONASTENT Tracheal/Bronchial Stent,M.I. Tech / Thoracent,TB-Stent-size-chart.pdf,"PDF page index 1; printed p. 1/2, BONASTENT order-number table",source_evidence_conflicted,PRD-4AECEED0C8,BTB-185009,source_evidence_conflicted,low,source_evidence_conflicted,"Supplied authoritative chart and AccessGUDID use BTB-180509; current product PRD-4AECEED0C8 uses BTB-185009 for the same diameter/length. Do not add a duplicate: correct/reconcile the governed identifier and manufacturer (GUDID labeler Sewoon Medical Co., Ltd.; Thoracent is the U.S. distributor)."
1501,BTB-180609,BONASTENT Tracheal/Bronchial Stent,M.I. Tech / Thoracent,TB-Stent-size-chart.pdf,"PDF page index 1; printed p. 1/2, BONASTENT order-number table",source_evidence_conflicted,PRD-56932BDE51,BTB-186009,source_evidence_conflicted,low,source_evidence_conflicted,"Supplied authoritative chart and AccessGUDID use BTB-180609; current product PRD-56932BDE51 uses BTB-186009 for the same diameter/length. Do not add a duplicate: correct/reconcile the governed identifier and manufacturer (GUDID labeler Sewoon Medical Co., Ltd.; Thoracent is the U.S. distributor)."
1502,BTB-180709,BONASTENT Tracheal/Bronchial Stent,M.I. Tech / Thoracent,TB-Stent-size-chart.pdf,"PDF page index 1; printed p. 1/2, BONASTENT order-number table",source_evidence_conflicted,PRD-D968D7AB8E,BTB-187009,source_evidence_conflicted,low,source_evidence_conflicted,"Supplied authoritative chart and AccessGUDID use BTB-180709; current product PRD-D968D7AB8E uses BTB-187009 for the same diameter/length. Do not add a duplicate: correct/reconcile the governed identifier and manufacturer (GUDID labeler Sewoon Medical Co., Ltd.; Thoracent is the U.S. distributor)."
1503,BTB-180809,BONASTENT Tracheal/Bronchial Stent,M.I. Tech / Thoracent,TB-Stent-size-chart.pdf,"PDF page index 1; printed p. 1/2, BONASTENT order-number table",source_evidence_conflicted,PRD-6BC9B48573,BTB-188009,source_evidence_conflicted,low,source_evidence_conflicted,"Supplied authoritative chart and AccessGUDID use BTB-180809; current product PRD-6BC9B48573 uses BTB-188009 for the same diameter/length. Do not add a duplicate: correct/reconcile the governed identifier and manufacturer (GUDID labeler Sewoon Medical Co., Ltd.; Thoracent is the U.S. distributor)."
1504,BTB-200209,BONASTENT Tracheal/Bronchial Stent,M.I. Tech / Thoracent,TB-Stent-size-chart.pdf,"PDF page index 1; printed p. 1/2, BONASTENT order-number table",source_evidence_conflicted,PRD-95C0E7E548,BTB-202009,source_evidence_conflicted,low,source_evidence_conflicted,"Supplied authoritative chart and AccessGUDID use BTB-200209; current product PRD-95C0E7E548 uses BTB-202009 for the same diameter/length. Do not add a duplicate: correct/reconcile the governed identifier and manufacturer (GUDID labeler Sewoon Medical Co., Ltd.; Thoracent is the U.S. distributor)."
1505,BTB-200309,BONASTENT Tracheal/Bronchial Stent,M.I. Tech / Thoracent,TB-Stent-size-chart.pdf,"PDF page index 1; printed p. 1/2, BONASTENT order-number table",source_evidence_conflicted,PRD-34598AB94A,BTB-203009,source_evidence_conflicted,low,source_evidence_conflicted,"Supplied authoritative chart and AccessGUDID use BTB-200309; current product PRD-34598AB94A uses BTB-203009 for the same diameter/length. Do not add a duplicate: correct/reconcile the governed identifier and manufacturer (GUDID labeler Sewoon Medical Co., Ltd.; Thoracent is the U.S. distributor)."
1506,BTB-200409,BONASTENT Tracheal/Bronchial Stent,M.I. Tech / Thoracent,TB-Stent-size-chart.pdf,"PDF page index 1; printed p. 1/2, BONASTENT order-number table",source_evidence_conflicted,PRD-9C53328A79,BTB-204009,source_evidence_conflicted,low,source_evidence_conflicted,"Supplied authoritative chart and AccessGUDID use BTB-200409; current product PRD-9C53328A79 uses BTB-204009 for the same diameter/length. Do not add a duplicate: correct/reconcile the governed identifier and manufacturer (GUDID labeler Sewoon Medical Co., Ltd.; Thoracent is the U.S. distributor)."
1507,BTB-200509,BONASTENT Tracheal/Bronchial Stent,M.I. Tech / Thoracent,TB-Stent-size-chart.pdf,"PDF page index 1; printed p. 1/2, BONASTENT order-number table",source_evidence_conflicted,PRD-9DCC51E06A,BTB-205009,source_evidence_conflicted,low,source_evidence_conflicted,"Supplied authoritative chart and AccessGUDID use BTB-200509; current product PRD-9DCC51E06A uses BTB-205009 for the same diameter/length. Do not add a duplicate: correct/reconcile the governed identifier and manufacturer (GUDID labeler Sewoon Medical Co., Ltd.; Thoracent is the U.S. distributor)."
1508,BTB-200609,BONASTENT Tracheal/Bronchial Stent,M.I. Tech / Thoracent,TB-Stent-size-chart.pdf,"PDF page index 1; printed p. 1/2, BONASTENT order-number table",source_evidence_conflicted,PRD-963930CE88,BTB-206009,source_evidence_conflicted,low,source_evidence_conflicted,"Supplied authoritative chart and AccessGUDID use BTB-200609; current product PRD-963930CE88 uses BTB-206009 for the same diameter/length. Do not add a duplicate: correct/reconcile the governed identifier and manufacturer (GUDID labeler Sewoon Medical Co., Ltd.; Thoracent is the U.S. distributor)."
1509,BTB-200709,BONASTENT Tracheal/Bronchial Stent,M.I. Tech / Thoracent,TB-Stent-size-chart.pdf,"PDF page index 1; printed p. 1/2, BONASTENT order-number table",source_evidence_conflicted,PRD-9BAC333008,BTB-207009,source_evidence_conflicted,low,source_evidence_conflicted,"Supplied authoritative chart and AccessGUDID use BTB-200709; current product PRD-9BAC333008 uses BTB-207009 for the same diameter/length. Do not add a duplicate: correct/reconcile the governed identifier and manufacturer (GUDID labeler Sewoon Medical Co., Ltd.; Thoracent is the U.S. distributor)."
1510,BTB-200809,BONASTENT Tracheal/Bronchial Stent,M.I. Tech / Thoracent,TB-Stent-size-chart.pdf,"PDF page index 1; printed p. 1/2, BONASTENT order-number table",source_evidence_conflicted,PRD-78354BF30F,BTB-208009,source_evidence_conflicted,low,source_evidence_conflicted,"Supplied authoritative chart and AccessGUDID use BTB-200809; current product PRD-78354BF30F uses BTB-208009 for the same diameter/length. Do not add a duplicate: correct/reconcile the governed identifier and manufacturer (GUDID labeler Sewoon Medical Co., Ltd.; Thoracent is the U.S. distributor)."
1543,Shipping Box Qty 5,EXPANDED EXPANDED CATHETER CATHETER - Shipping Box Qty 5 TAPS-6F- - Thorac Product men17uPLT,Merit Medical Systems,Thoracentesis & Paracentesis Set - a Convienent All-in-One Centisis Set.pdf,Document p. 8/29 (PDF page 8),relevant_but_insufficient_identity,,,ocr_artifact_or_incomplete_family_identifier,moderate,ocr_artifact_or_incomplete_family_identifier,Do not treat shipping quantity or partial TAPS family string as a catalog number.
1544,TAPS-6F,EXPANDED EXPANDED CATHETER CATHETER - Thorac; Paracentesis Set,Merit Medical Systems,Thoracentesis & Paracentesis Set - a Convienent All-in-One Centisis Set.pdf,Document p. 11/29 (PDF page 11),relevant_but_insufficient_identity,,,ocr_artifact_or_incomplete_family_identifier,moderate,ocr_artifact_or_incomplete_family_identifier,Do not treat shipping quantity or partial TAPS family string as a catalog number.
1545,TAPS-8F,EXPANDED EXPANDED CATHETER CATHETER - Thorac; Paracentesis Set,Merit Medical Systems,Thoracentesis & Paracentesis Set - a Convienent All-in-One Centisis Set.pdf,Document p. 15/29 (PDF page 15),relevant_but_insufficient_identity,,,ocr_artifact_or_incomplete_family_identifier,moderate,ocr_artifact_or_incomplete_family_identifier,Do not treat shipping quantity or partial TAPS family string as a catalog number.
1801,10071 Y,Instrument set for neonates for endoscopic treatment,KARL STORZ,THORAX.pdf,Document p. 72 (PDF page 80),needs_owner_review,,10071Y,exact_identity_but_pediatric_airway_surgery_scope_not_established,needs_review,pediatric_airway_surgery_scope_not_established,"Exact catalog identity is supported, but pediatric airway surgery is outside the established interventional-pulmonology preference-card scope; owner review is required before canonical addition."
1971,10387 AX,Sponge Holder,KARL STORZ,THORAX.pdf,Document p. SP4;SP24 (PDF page 266;286),needs_owner_review,,10387AX,"Exact article appears on relevant catalog page, but governed role/granularity or primary product evidence is insufficient for automatic intake",needs_review,relevant_exact_but_role_or_granularity_unclear,
1981,10382 AL,Suction Tube,KARL STORZ,THORAX.pdf,Document p. SP4;SP23 (PDF page 266;285),needs_owner_review,,10382AL,"Exact article appears on relevant catalog page, but governed role/granularity or primary product evidence is insufficient for automatic intake",needs_review,relevant_exact_but_role_or_granularity_unclear,
