manufacturer,catalog_number,alternate_identifiers,gtin,normalized_catalog_number,baseline_products_compared,strongest_duplicate_candidates,final_result,canonical_product_id
Medtronic,4CN65R,,,4CN65R,1929,"No same-manufacturer exact catalog-number, normalized identifier, GTIN, alternate-identifier, or deterministic-ID collision in the 1,929-product baseline.",new_unique_exact_product,PRD-9167283C52
Medtronic,5CN70R,,,5CN70R,1929,"No same-manufacturer exact catalog-number, normalized identifier, GTIN, alternate-identifier, or deterministic-ID collision in the 1,929-product baseline.",new_unique_exact_product,PRD-D51CBB0DEE
Medtronic,6CN75R,,,6CN75R,1929,"No same-manufacturer exact catalog-number, normalized identifier, GTIN, alternate-identifier, or deterministic-ID collision in the 1,929-product baseline.",new_unique_exact_product,PRD-AA2895A2EB
Medtronic,8CN85R,,,8CN85R,1929,"No same-manufacturer exact catalog-number, normalized identifier, GTIN, alternate-identifier, or deterministic-ID collision in the 1,929-product baseline.",new_unique_exact_product,PRD-F22D94D3A5
Medtronic,9CN90R,,,9CN90R,1929,"No same-manufacturer exact catalog-number, normalized identifier, GTIN, alternate-identifier, or deterministic-ID collision in the 1,929-product baseline.",new_unique_exact_product,PRD-18DFC39794
Medtronic,10CN10R,,,10CN10R,1929,"No same-manufacturer exact catalog-number, normalized identifier, GTIN, alternate-identifier, or deterministic-ID collision in the 1,929-product baseline.",new_unique_exact_product,PRD-58CCB8208E
Medtronic,4UN65R,,,4UN65R,1929,"No same-manufacturer exact catalog-number, normalized identifier, GTIN, alternate-identifier, or deterministic-ID collision in the 1,929-product baseline.",new_unique_exact_product,PRD-529643988C
Medtronic,5UN70R,,,5UN70R,1929,"No same-manufacturer exact catalog-number, normalized identifier, GTIN, alternate-identifier, or deterministic-ID collision in the 1,929-product baseline.",new_unique_exact_product,PRD-38079F20BD
Medtronic,6UN75R,,,6UN75R,1929,"No same-manufacturer exact catalog-number, normalized identifier, GTIN, alternate-identifier, or deterministic-ID collision in the 1,929-product baseline.",new_unique_exact_product,PRD-46C823F8EC
Medtronic,7UN80R,,,7UN80R,1929,"No same-manufacturer exact catalog-number, normalized identifier, GTIN, alternate-identifier, or deterministic-ID collision in the 1,929-product baseline.",new_unique_exact_product,PRD-41C846CC8F
Medtronic,8UN85R,,,8UN85R,1929,"No same-manufacturer exact catalog-number, normalized identifier, GTIN, alternate-identifier, or deterministic-ID collision in the 1,929-product baseline.",new_unique_exact_product,PRD-00910661BA
Medtronic,9UN90R,,,9UN90R,1929,"No same-manufacturer exact catalog-number, normalized identifier, GTIN, alternate-identifier, or deterministic-ID collision in the 1,929-product baseline.",new_unique_exact_product,PRD-F77790BA96
Medtronic,10UN10R,,,10UN10R,1929,"No same-manufacturer exact catalog-number, normalized identifier, GTIN, alternate-identifier, or deterministic-ID collision in the 1,929-product baseline.",new_unique_exact_product,PRD-8B7BA0C7A5
Medtronic,50XLTCP,,,50XLTCP,1929,"No same-manufacturer exact catalog-number, normalized identifier, GTIN, alternate-identifier, or deterministic-ID collision in the 1,929-product baseline.",new_unique_exact_product,PRD-D7858C62B6
Medtronic,60XLTCP,,,60XLTCP,1929,"No same-manufacturer exact catalog-number, normalized identifier, GTIN, alternate-identifier, or deterministic-ID collision in the 1,929-product baseline.",new_unique_exact_product,PRD-AFBD510BCF
Medtronic,70XLTCP,,,70XLTCP,1929,"No same-manufacturer exact catalog-number, normalized identifier, GTIN, alternate-identifier, or deterministic-ID collision in the 1,929-product baseline.",new_unique_exact_product,PRD-85F4300C8B
Medtronic,80XLTCP,,,80XLTCP,1929,"No same-manufacturer exact catalog-number, normalized identifier, GTIN, alternate-identifier, or deterministic-ID collision in the 1,929-product baseline.",new_unique_exact_product,PRD-1B7B4B9C6A
Medtronic,50XLTUP,,,50XLTUP,1929,"No same-manufacturer exact catalog-number, normalized identifier, GTIN, alternate-identifier, or deterministic-ID collision in the 1,929-product baseline.",new_unique_exact_product,PRD-8EEB25CE00
Medtronic,60XLTUP,,,60XLTUP,1929,"No same-manufacturer exact catalog-number, normalized identifier, GTIN, alternate-identifier, or deterministic-ID collision in the 1,929-product baseline.",new_unique_exact_product,PRD-EFCF0B85F5
Medtronic,70XLTUP,,,70XLTUP,1929,"No same-manufacturer exact catalog-number, normalized identifier, GTIN, alternate-identifier, or deterministic-ID collision in the 1,929-product baseline.",new_unique_exact_product,PRD-7FEF1C2544
Medtronic,80XLTUP,,,80XLTUP,1929,"No same-manufacturer exact catalog-number, normalized identifier, GTIN, alternate-identifier, or deterministic-ID collision in the 1,929-product baseline.",new_unique_exact_product,PRD-92A8739CF4
Medtronic,1899200,,,1899200,1929,"No same-manufacturer exact catalog-number, normalized identifier, GTIN, alternate-identifier, or deterministic-ID collision in the 1,929-product baseline.",new_unique_exact_product,PRD-9163FB693E
Medtronic,1899076,,,1899076,1929,"No same-manufacturer exact catalog-number, normalized identifier, GTIN, alternate-identifier, or deterministic-ID collision in the 1,929-product baseline.",new_unique_exact_product,PRD-D5621CD59E
Medtronic,1884035HRE,,,1884035HRE,1929,"No same-manufacturer exact catalog-number, normalized identifier, GTIN, alternate-identifier, or deterministic-ID collision in the 1,929-product baseline.",new_unique_exact_product,PRD-3E1556EBE5
Medtronic,1884033HRE,,,1884033HRE,1929,"No same-manufacturer exact catalog-number, normalized identifier, GTIN, alternate-identifier, or deterministic-ID collision in the 1,929-product baseline.",new_unique_exact_product,PRD-5CF4F1857F
Medtronic,1884033,,,1884033,1929,"No same-manufacturer exact catalog-number, normalized identifier, GTIN, alternate-identifier, or deterministic-ID collision in the 1,929-product baseline.",new_unique_exact_product,PRD-5592532651
Medtronic,1884032,,,1884032,1929,"No same-manufacturer exact catalog-number, normalized identifier, GTIN, alternate-identifier, or deterministic-ID collision in the 1,929-product baseline.",new_unique_exact_product,PRD-E23034FC46
Medtronic,1884031HRE,,,1884031HRE,1929,"No same-manufacturer exact catalog-number, normalized identifier, GTIN, alternate-identifier, or deterministic-ID collision in the 1,929-product baseline.",new_unique_exact_product,PRD-378597DD7A
Medtronic,1882937E,,,1882937E,1929,"No same-manufacturer exact catalog-number, normalized identifier, GTIN, alternate-identifier, or deterministic-ID collision in the 1,929-product baseline.",new_unique_exact_product,PRD-7DFA867CB6
Medtronic,1882936E,,,1882936E,1929,"No same-manufacturer exact catalog-number, normalized identifier, GTIN, alternate-identifier, or deterministic-ID collision in the 1,929-product baseline.",new_unique_exact_product,PRD-7B8C092373
Axess Vision Technology S.A.S.,10040001,,03664977000103,10040001,1929,Axess Vision Technology S.A.S. remains the sole legal manufacturer; TSC Life US is distributor/brand context and does not create a duplicate manufacturer.,new_unique_exact_product,PRD-2632FFBF07
Axess Vision Technology S.A.S.,20030001,,03664977020033,20030001,1929,Axess Vision Technology S.A.S. remains the sole legal manufacturer; TSC Life US is distributor/brand context and does not create a duplicate manufacturer.,new_unique_exact_product,PRD-D55094A08A
Axess Vision Technology S.A.S.,30030000,,,30030000,1929,30030000 and 30030001 are separately listed package configurations. Only 30030001 carries the corroborated primary DI; 30030000 is retained without that GTIN.,new_unique_exact_product,PRD-181DE98372
Axess Vision Technology S.A.S.,30030001,,03664977030032,30030001,1929,30030000 and 30030001 are separately listed package configurations. Only 30030001 carries the corroborated primary DI; 30030000 is retained without that GTIN.,new_unique_exact_product,PRD-6F15A8C9B5
Axess Vision Technology S.A.S.,41010000,,03664977000042,41010000,1929,Axess Vision Technology S.A.S. remains the sole legal manufacturer; TSC Life US is distributor/brand context and does not create a duplicate manufacturer.,new_unique_exact_product,PRD-0A90C0B244
Axess Vision Technology S.A.S.,30030303,,,30030303,1929,Axess Vision Technology S.A.S. remains the sole legal manufacturer; TSC Life US is distributor/brand context and does not create a duplicate manufacturer.,new_unique_exact_product,PRD-1B6B236545
Axess Vision Technology S.A.S.,30030010,,,30030010,1929,Axess Vision Technology S.A.S. remains the sole legal manufacturer; TSC Life US is distributor/brand context and does not create a duplicate manufacturer.,new_unique_exact_product,PRD-07A1B4DA10
Axess Vision Technology S.A.S.,31010008,,,31010008,1929,Axess Vision Technology S.A.S. remains the sole legal manufacturer; TSC Life US is distributor/brand context and does not create a duplicate manufacturer.,new_unique_exact_product,PRD-AAECD27F75
Praxis Medical LLC,ENDO-BV-22G-Kit-O,ENDO-BV-22G-O; Primary DI 00850081350033,10850081350030,ENDOBV22GKITO,1929,"The paired order/reference identifiers (ENDO-BV-22G-Kit-O / ENDO-BV-22G-O; Primary DI 00850081350033) identify one exact product; the reference number is carried as an alternate identifier, not a second product.",new_unique_exact_product,PRD-1ED27ADA45
Praxis Medical LLC,ENDO-FR-22G-Kit-O,ENDO-FR-22G-O; Primary DI 00850081350040,10850081350047,ENDOFR22GKITO,1929,"The paired order/reference identifiers (ENDO-FR-22G-Kit-O / ENDO-FR-22G-O; Primary DI 00850081350040) identify one exact product; the reference number is carried as an alternate identifier, not a second product.",new_unique_exact_product,PRD-AC45D3E510
Serpex Medical,MCB-1000-Kit,,,MCB1000KIT,1929,The owner-supplied kit code is a distinct configuration and does not claim the FDA MCB-1000 probe alias.,new_unique_exact_product,PRD-F9BA60E9A6
Serpex Medical,MCB-1000-4,MCB-1000,,MCB10004,1929,The FDA MCB-1000 base model is retained only on the exact probe product; the kit does not reuse that alias.,new_unique_exact_product,PRD-AED3720BF6
Serpex Medical,CC-1000-4,CC-1000,,CC10004,1929,The FDA CC-1000 cartridge base model is retained only on the exact four-cartridge package.,new_unique_exact_product,PRD-75D987903F
DISA Medinotec,TRD1-06030,,,TRD106030,1929,"No same-manufacturer exact catalog-number, normalized identifier, GTIN, alternate-identifier, or deterministic-ID collision in the 1,929-product baseline.",new_unique_exact_product,PRD-973D3F9656
DISA Medinotec,TRD1-07030,,,TRD107030,1929,"No same-manufacturer exact catalog-number, normalized identifier, GTIN, alternate-identifier, or deterministic-ID collision in the 1,929-product baseline.",new_unique_exact_product,PRD-908A9B501B
DISA Medinotec,TRD1-08030,,,TRD108030,1929,"No same-manufacturer exact catalog-number, normalized identifier, GTIN, alternate-identifier, or deterministic-ID collision in the 1,929-product baseline.",new_unique_exact_product,PRD-85B355AE93
DISA Medinotec,TRD1-09030,,,TRD109030,1929,"No same-manufacturer exact catalog-number, normalized identifier, GTIN, alternate-identifier, or deterministic-ID collision in the 1,929-product baseline.",new_unique_exact_product,PRD-81878EEA9B
DISA Medinotec,TRD1-10030,,,TRD110030,1929,"No same-manufacturer exact catalog-number, normalized identifier, GTIN, alternate-identifier, or deterministic-ID collision in the 1,929-product baseline.",new_unique_exact_product,PRD-BA71A30B4A
DISA Medinotec,TRD1-12040,,,TRD112040,1929,"No same-manufacturer exact catalog-number, normalized identifier, GTIN, alternate-identifier, or deterministic-ID collision in the 1,929-product baseline.",new_unique_exact_product,PRD-73A1532E08
DISA Medinotec,TRD1-14540,,,TRD114540,1929,"No same-manufacturer exact catalog-number, normalized identifier, GTIN, alternate-identifier, or deterministic-ID collision in the 1,929-product baseline.",new_unique_exact_product,PRD-5AC73F2FA3
DISA Medinotec,TRD1-16040,,,TRD116040,1929,"No same-manufacturer exact catalog-number, normalized identifier, GTIN, alternate-identifier, or deterministic-ID collision in the 1,929-product baseline.",new_unique_exact_product,PRD-2C1F1ABA62
DISA Medinotec,TRD1-18040,,,TRD118040,1929,"No same-manufacturer exact catalog-number, normalized identifier, GTIN, alternate-identifier, or deterministic-ID collision in the 1,929-product baseline.",new_unique_exact_product,PRD-4F290FD9D3
"Shenzhen HugeMed Medical Technical Development Co., Ltd.",BR-M22,,06970462546115,BRM22,1929,"Shenzhen HugeMed Medical Technical Development Co., Ltd. remains the sole legal manufacturer; EndoTherapeutics is distributor/brand context and does not create a duplicate manufacturer.",new_unique_exact_product,PRD-DADEAB2B83
"Shenzhen HugeMed Medical Technical Development Co., Ltd.",BR-M32,,06970462546108,BRM32,1929,"Shenzhen HugeMed Medical Technical Development Co., Ltd. remains the sole legal manufacturer; EndoTherapeutics is distributor/brand context and does not create a duplicate manufacturer.",new_unique_exact_product,PRD-AFF9BDD685
"Shenzhen HugeMed Medical Technical Development Co., Ltd.",BR-M40,,06970462546092,BRM40,1929,"Shenzhen HugeMed Medical Technical Development Co., Ltd. remains the sole legal manufacturer; EndoTherapeutics is distributor/brand context and does not create a duplicate manufacturer.",new_unique_exact_product,PRD-39C1BDB306
"Shenzhen HugeMed Medical Technical Development Co., Ltd.",BR-M50,,06970462546085,BRM50,1929,"Shenzhen HugeMed Medical Technical Development Co., Ltd. remains the sole legal manufacturer; EndoTherapeutics is distributor/brand context and does not create a duplicate manufacturer.",new_unique_exact_product,PRD-48F43B9C6A
"Shenzhen HugeMed Medical Technical Development Co., Ltd.",BR-M58,,06970462546061,BRM58,1929,"Shenzhen HugeMed Medical Technical Development Co., Ltd. remains the sole legal manufacturer; EndoTherapeutics is distributor/brand context and does not create a duplicate manufacturer.",new_unique_exact_product,PRD-4E7880DB69
"Shenzhen HugeMed Medical Technical Development Co., Ltd.",BR-M40H,,06970462546184,BRM40H,1929,"Shenzhen HugeMed Medical Technical Development Co., Ltd. remains the sole legal manufacturer; EndoTherapeutics is distributor/brand context and does not create a duplicate manufacturer.",new_unique_exact_product,PRD-A3852DB56A
"Shenzhen HugeMed Medical Technical Development Co., Ltd.",BR-M52H,,06970462546177,BRM52H,1929,"Shenzhen HugeMed Medical Technical Development Co., Ltd. remains the sole legal manufacturer; EndoTherapeutics is distributor/brand context and does not create a duplicate manufacturer.",new_unique_exact_product,PRD-961C4B6422
"Shenzhen HugeMed Medical Technical Development Co., Ltd.",BR-M58H,,06970462546160,BRM58H,1929,"Shenzhen HugeMed Medical Technical Development Co., Ltd. remains the sole legal manufacturer; EndoTherapeutics is distributor/brand context and does not create a duplicate manufacturer.",new_unique_exact_product,PRD-B02CF0A059
CLR Medical,S012-01-200,,00860003054949,S01201200,1929,"No same-manufacturer exact catalog-number, normalized identifier, GTIN, alternate-identifier, or deterministic-ID collision in the 1,929-product baseline.",new_unique_exact_product,PRD-2CD37C1E67
CLR Medical,S012-01-100,,00860003054918,S01201100,1929,"No same-manufacturer exact catalog-number, normalized identifier, GTIN, alternate-identifier, or deterministic-ID collision in the 1,929-product baseline.",new_unique_exact_product,PRD-2FA3F3A0DD
CLR Medical,S012-01-016,,00850052377007,S01201016,1929,"No same-manufacturer exact catalog-number, normalized identifier, GTIN, alternate-identifier, or deterministic-ID collision in the 1,929-product baseline.",new_unique_exact_product,PRD-BC2856A7CB
CLR Medical,S012-01-015,,00860003054994,S01201015,1929,"No same-manufacturer exact catalog-number, normalized identifier, GTIN, alternate-identifier, or deterministic-ID collision in the 1,929-product baseline.",new_unique_exact_product,PRD-D59133B2EE
CLR Medical,S012-01-019,,00860003054901,S01201019,1929,"No same-manufacturer exact catalog-number, normalized identifier, GTIN, alternate-identifier, or deterministic-ID collision in the 1,929-product baseline.",new_unique_exact_product,PRD-003C4641E6
Cook Medical,G06885,C-TQTSY-1000,,G06885,1929,"The paired order/reference identifiers (G06885 / C-TQTSY-1000) identify one exact product; the reference number is carried as an alternate identifier, not a second product.",new_unique_exact_product,PRD-7793F60F05
Cook Medical,G05464,C-TQTSY-1200,,G05464,1929,"The paired order/reference identifiers (G05464 / C-TQTSY-1200) identify one exact product; the reference number is carried as an alternate identifier, not a second product.",new_unique_exact_product,PRD-D060A8BE6C
Cook Medical,G07090,C-TQTSY-1400,,G07090,1929,"The paired order/reference identifiers (G07090 / C-TQTSY-1400) identify one exact product; the reference number is carried as an alternate identifier, not a second product.",new_unique_exact_product,PRD-78176D6C9C
Cook Medical,G04220,C-TQTSY-2400,,G04220,1929,"The paired order/reference identifiers (G04220 / C-TQTSY-2400) identify one exact product; the reference number is carried as an alternate identifier, not a second product.",new_unique_exact_product,PRD-B0A5A793EA
Cook Medical,G02327,CTU14.0-40-ST,,G02327,1929,"The paired order/reference identifiers (G02327 / CTU14.0-40-ST) identify one exact product; the reference number is carried as an alternate identifier, not a second product.",new_unique_exact_product,PRD-83ABCBA52B
Cook Medical,G02791,CTU14.0-30,,G02791,1929,"The paired order/reference identifiers (G02791 / CTU14.0-30) identify one exact product; the reference number is carried as an alternate identifier, not a second product.",new_unique_exact_product,PRD-40A16220EC
Cook Medical,G36370,C-CDV-1,,G36370,1929,"The paired order/reference identifiers (G36370 / C-CDV-1) identify one exact product; the reference number is carried as an alternate identifier, not a second product.",new_unique_exact_product,PRD-27F927260E
Cook Medical,G57682,C-PTIS-100-HC-G-NA,,G57682,1929,"The paired order/reference identifiers (G57682 / C-PTIS-100-HC-G-NA) identify one exact product; the reference number is carried as an alternate identifier, not a second product.",new_unique_exact_product,PRD-B76AF3D731
Cook Medical,G57683,C-PTIS-100-UNS-HC-G-NA,,G57683,1929,"The paired order/reference identifiers (G57683 / C-PTIS-100-UNS-HC-G-NA) identify one exact product; the reference number is carried as an alternate identifier, not a second product.",new_unique_exact_product,PRD-D0F1748B0D
Cook Medical,G57684,C-PTIS-100-UNL-HC-G-NA,,G57684,1929,"The paired order/reference identifiers (G57684 / C-PTIS-100-UNL-HC-G-NA) identify one exact product; the reference number is carried as an alternate identifier, not a second product.",new_unique_exact_product,PRD-86B4C57E4C
Cook Medical,G57691,C-PTIS-100-HC-G-NA-FLEX7.5,,G57691,1929,"The paired order/reference identifiers (G57691 / C-PTIS-100-HC-G-NA-FLEX7.5) identify one exact product; the reference number is carried as an alternate identifier, not a second product.",new_unique_exact_product,PRD-18D0D3090E
Cook Medical,G57692,C-PTIS-100-HC-G-NA-FLEX8.5,,G57692,1929,"The paired order/reference identifiers (G57692 / C-PTIS-100-HC-G-NA-FLEX8.5) identify one exact product; the reference number is carried as an alternate identifier, not a second product.",new_unique_exact_product,PRD-9EE9380618
Cook Medical,G57693,C-PTIS-100-HC-G-NA-EVAC7.5,,G57693,1929,"The paired order/reference identifiers (G57693 / C-PTIS-100-HC-G-NA-EVAC7.5) identify one exact product; the reference number is carried as an alternate identifier, not a second product.",new_unique_exact_product,PRD-F93B7FF984
Cook Medical,G57694,C-PTIS-100-HC-G-NA-EVAC8.5,,G57694,1929,"The paired order/reference identifiers (G57694 / C-PTIS-100-HC-G-NA-EVAC8.5) identify one exact product; the reference number is carried as an alternate identifier, not a second product.",new_unique_exact_product,PRD-0FD8BE79BA
Cook Medical,G57707,C-PTISYJ-100-HC-G-NA,,G57707,1929,"The paired order/reference identifiers (G57707 / C-PTISYJ-100-HC-G-NA) identify one exact product; the reference number is carried as an alternate identifier, not a second product.",new_unique_exact_product,PRD-61930EA6FF
Cook Medical,G57708,C-PTISYJ-100-UNS-HC-G-NA,,G57708,1929,"The paired order/reference identifiers (G57708 / C-PTISYJ-100-UNS-HC-G-NA) identify one exact product; the reference number is carried as an alternate identifier, not a second product.",new_unique_exact_product,PRD-39295A9759
Cook Medical,G57709,C-PTISYJ-100-UNL-HC-G-NA,,G57709,1929,"The paired order/reference identifiers (G57709 / C-PTISYJ-100-UNL-HC-G-NA) identify one exact product; the reference number is carried as an alternate identifier, not a second product.",new_unique_exact_product,PRD-25412B4F20
Cook Medical,G57719,C-PTISY-100-HC-G-NA-EVAC8.5,,G57719,1929,"The paired order/reference identifiers (G57719 / C-PTISY-100-HC-G-NA-EVAC8.5) identify one exact product; the reference number is carried as an alternate identifier, not a second product.",new_unique_exact_product,PRD-318DD7F80F
Cook Medical,G57720,C-PTISYJ-100-HC-G-NA-FLEX7.5,,G57720,1929,"The paired order/reference identifiers (G57720 / C-PTISYJ-100-HC-G-NA-FLEX7.5) identify one exact product; the reference number is carried as an alternate identifier, not a second product.",new_unique_exact_product,PRD-FF056E168C
Cook Medical,G57721,C-PTISYJ-100-HC-G-NA-FLEX8.5,,G57721,1929,"The paired order/reference identifiers (G57721 / C-PTISYJ-100-HC-G-NA-FLEX8.5) identify one exact product; the reference number is carried as an alternate identifier, not a second product.",new_unique_exact_product,PRD-131661EB7C
Cook Medical,G57722,C-PTISYJ-100-HC-G-NA-EVAC7.5,,G57722,1929,"The paired order/reference identifiers (G57722 / C-PTISYJ-100-HC-G-NA-EVAC7.5) identify one exact product; the reference number is carried as an alternate identifier, not a second product.",new_unique_exact_product,PRD-0B0CC1045A
Cook Medical,G57723,C-PTISYJ-100-HC-G-NA-EVAC8.5,,G57723,1929,"The paired order/reference identifiers (G57723 / C-PTISYJ-100-HC-G-NA-EVAC8.5) identify one exact product; the reference number is carried as an alternate identifier, not a second product.",new_unique_exact_product,PRD-90327D4D73
Novatech,01BD1020,,,01BD1020,1929,"Novatech matrix reference; the seven already-canonical GSS references are excluded from expansion, so no baseline Novatech identifier is duplicated.",new_unique_exact_product,PRD-D13A7A8211
Novatech,01BD1030,,,01BD1030,1929,"Novatech matrix reference; the seven already-canonical GSS references are excluded from expansion, so no baseline Novatech identifier is duplicated.",new_unique_exact_product,PRD-6C3C818624
Novatech,01BD1050,,,01BD1050,1929,"Novatech matrix reference; the seven already-canonical GSS references are excluded from expansion, so no baseline Novatech identifier is duplicated.",new_unique_exact_product,PRD-52D3317209
Novatech,01BD1060,,,01BD1060,1929,"Novatech matrix reference; the seven already-canonical GSS references are excluded from expansion, so no baseline Novatech identifier is duplicated.",new_unique_exact_product,PRD-DBEAA70E14
Novatech,01BD1070,,,01BD1070,1929,"Novatech matrix reference; the seven already-canonical GSS references are excluded from expansion, so no baseline Novatech identifier is duplicated.",new_unique_exact_product,PRD-999435B5F2
Novatech,01BD1120,,,01BD1120,1929,"Novatech matrix reference; the seven already-canonical GSS references are excluded from expansion, so no baseline Novatech identifier is duplicated.",new_unique_exact_product,PRD-834C88FA6C
Novatech,01BD1130,,,01BD1130,1929,"Novatech matrix reference; the seven already-canonical GSS references are excluded from expansion, so no baseline Novatech identifier is duplicated.",new_unique_exact_product,PRD-CE40BBC605
Novatech,01BD1140,,,01BD1140,1929,"Novatech matrix reference; the seven already-canonical GSS references are excluded from expansion, so no baseline Novatech identifier is duplicated.",new_unique_exact_product,PRD-FC9576E2DA
Novatech,01BD1150,,,01BD1150,1929,"Novatech matrix reference; the seven already-canonical GSS references are excluded from expansion, so no baseline Novatech identifier is duplicated.",new_unique_exact_product,PRD-232789C6C1
Novatech,01BD1160,,,01BD1160,1929,"Novatech matrix reference; the seven already-canonical GSS references are excluded from expansion, so no baseline Novatech identifier is duplicated.",new_unique_exact_product,PRD-BA2729925D
Novatech,01BD1170,,,01BD1170,1929,"Novatech matrix reference; the seven already-canonical GSS references are excluded from expansion, so no baseline Novatech identifier is duplicated.",new_unique_exact_product,PRD-774F5269E2
Novatech,01BD1220,,,01BD1220,1929,"Novatech matrix reference; the seven already-canonical GSS references are excluded from expansion, so no baseline Novatech identifier is duplicated.",new_unique_exact_product,PRD-AD18CD2649
Novatech,01BD1230,,,01BD1230,1929,"Novatech matrix reference; the seven already-canonical GSS references are excluded from expansion, so no baseline Novatech identifier is duplicated.",new_unique_exact_product,PRD-D73935B1E8
Novatech,01BD1240,,,01BD1240,1929,"Novatech matrix reference; the seven already-canonical GSS references are excluded from expansion, so no baseline Novatech identifier is duplicated.",new_unique_exact_product,PRD-366B39FF6B
Novatech,01BD1250,,,01BD1250,1929,"Novatech matrix reference; the seven already-canonical GSS references are excluded from expansion, so no baseline Novatech identifier is duplicated.",new_unique_exact_product,PRD-4C7DAEBAE7
Novatech,01BD1260,,,01BD1260,1929,"Novatech matrix reference; the seven already-canonical GSS references are excluded from expansion, so no baseline Novatech identifier is duplicated.",new_unique_exact_product,PRD-7E4E2B9FDC
Novatech,01BD1270,,,01BD1270,1929,"Novatech matrix reference; the seven already-canonical GSS references are excluded from expansion, so no baseline Novatech identifier is duplicated.",new_unique_exact_product,PRD-3A150854E1
Novatech,01BD1280,,,01BD1280,1929,"Novatech matrix reference; the seven already-canonical GSS references are excluded from expansion, so no baseline Novatech identifier is duplicated.",new_unique_exact_product,PRD-B29FAADB4A
Novatech,01DST141214,,,01DST141214,1929,"Novatech matrix reference; the seven already-canonical GSS references are excluded from expansion, so no baseline Novatech identifier is duplicated.",new_unique_exact_product,PRD-CDD970B82B
Novatech,01DST161416,,,01DST161416,1929,"Novatech matrix reference; the seven already-canonical GSS references are excluded from expansion, so no baseline Novatech identifier is duplicated.",new_unique_exact_product,PRD-32BF963169
Novatech,01DST181618,,,01DST181618,1929,"Novatech matrix reference; the seven already-canonical GSS references are excluded from expansion, so no baseline Novatech identifier is duplicated.",new_unique_exact_product,PRD-D141CFA4EF
Novatech,01OKI130910,,,01OKI130910,1929,"Novatech matrix reference; the seven already-canonical GSS references are excluded from expansion, so no baseline Novatech identifier is duplicated.",new_unique_exact_product,PRD-3B47B1AB00
Novatech,01ST121012,,,01ST121012,1929,"Novatech matrix reference; the seven already-canonical GSS references are excluded from expansion, so no baseline Novatech identifier is duplicated.",new_unique_exact_product,PRD-1FF342CE0D
Novatech,01ST141214,,,01ST141214,1929,"Novatech matrix reference; the seven already-canonical GSS references are excluded from expansion, so no baseline Novatech identifier is duplicated.",new_unique_exact_product,PRD-C92DE7A290
Novatech,01ST151315,,,01ST151315,1929,"Novatech matrix reference; the seven already-canonical GSS references are excluded from expansion, so no baseline Novatech identifier is duplicated.",new_unique_exact_product,PRD-52F1053FEF
Novatech,01ST161416,,,01ST161416,1929,"Novatech matrix reference; the seven already-canonical GSS references are excluded from expansion, so no baseline Novatech identifier is duplicated.",new_unique_exact_product,PRD-2414844270
Novatech,01ST181618,,,01ST181618,1929,"Novatech matrix reference; the seven already-canonical GSS references are excluded from expansion, so no baseline Novatech identifier is duplicated.",new_unique_exact_product,PRD-1FD99C1C80
Novatech,01TD1120,,,01TD1120,1929,"Novatech matrix reference; the seven already-canonical GSS references are excluded from expansion, so no baseline Novatech identifier is duplicated.",new_unique_exact_product,PRD-F4AE2A74E6
Novatech,01TD1130,,,01TD1130,1929,"Novatech matrix reference; the seven already-canonical GSS references are excluded from expansion, so no baseline Novatech identifier is duplicated.",new_unique_exact_product,PRD-019F07860E
Novatech,01TD1140,,,01TD1140,1929,"Novatech matrix reference; the seven already-canonical GSS references are excluded from expansion, so no baseline Novatech identifier is duplicated.",new_unique_exact_product,PRD-2DDE688499
Novatech,01TD1150,,,01TD1150,1929,"Novatech matrix reference; the seven already-canonical GSS references are excluded from expansion, so no baseline Novatech identifier is duplicated.",new_unique_exact_product,PRD-276127E04A
Novatech,01TD1160,,,01TD1160,1929,"Novatech matrix reference; the seven already-canonical GSS references are excluded from expansion, so no baseline Novatech identifier is duplicated.",new_unique_exact_product,PRD-6F78474D2A
Novatech,01TD1170,,,01TD1170,1929,"Novatech matrix reference; the seven already-canonical GSS references are excluded from expansion, so no baseline Novatech identifier is duplicated.",new_unique_exact_product,PRD-F76492101A
Novatech,01TD1180,,,01TD1180,1929,"Novatech matrix reference; the seven already-canonical GSS references are excluded from expansion, so no baseline Novatech identifier is duplicated.",new_unique_exact_product,PRD-9F6EC5CD84
Novatech,01TD1220,,,01TD1220,1929,"Novatech matrix reference; the seven already-canonical GSS references are excluded from expansion, so no baseline Novatech identifier is duplicated.",new_unique_exact_product,PRD-7445BA4E0F
Novatech,01TD1230,,,01TD1230,1929,"Novatech matrix reference; the seven already-canonical GSS references are excluded from expansion, so no baseline Novatech identifier is duplicated.",new_unique_exact_product,PRD-16087EF21E
Novatech,01TD1240,,,01TD1240,1929,"Novatech matrix reference; the seven already-canonical GSS references are excluded from expansion, so no baseline Novatech identifier is duplicated.",new_unique_exact_product,PRD-3986FCB7FE
Novatech,01TD1250,,,01TD1250,1929,"Novatech matrix reference; the seven already-canonical GSS references are excluded from expansion, so no baseline Novatech identifier is duplicated.",new_unique_exact_product,PRD-56C6C135B4
Novatech,01TD1270,,,01TD1270,1929,"Novatech matrix reference; the seven already-canonical GSS references are excluded from expansion, so no baseline Novatech identifier is duplicated.",new_unique_exact_product,PRD-DD508FDC2F
Novatech,01TD1280,,,01TD1280,1929,"Novatech matrix reference; the seven already-canonical GSS references are excluded from expansion, so no baseline Novatech identifier is duplicated.",new_unique_exact_product,PRD-13D5B75D62
Novatech,01TD1330,,,01TD1330,1929,"Novatech matrix reference; the seven already-canonical GSS references are excluded from expansion, so no baseline Novatech identifier is duplicated.",new_unique_exact_product,PRD-463BA2D412
Novatech,01TD1340,,,01TD1340,1929,"Novatech matrix reference; the seven already-canonical GSS references are excluded from expansion, so no baseline Novatech identifier is duplicated.",new_unique_exact_product,PRD-DBEEFE82FF
Novatech,01TD1350,,,01TD1350,1929,"Novatech matrix reference; the seven already-canonical GSS references are excluded from expansion, so no baseline Novatech identifier is duplicated.",new_unique_exact_product,PRD-81640EACFF
Novatech,01TD1360,,,01TD1360,1929,"Novatech matrix reference; the seven already-canonical GSS references are excluded from expansion, so no baseline Novatech identifier is duplicated.",new_unique_exact_product,PRD-347CF3D4E6
Novatech,01TD1370,,,01TD1370,1929,"Novatech matrix reference; the seven already-canonical GSS references are excluded from expansion, so no baseline Novatech identifier is duplicated.",new_unique_exact_product,PRD-2098582C05
Novatech,01TD1380,,,01TD1380,1929,"Novatech matrix reference; the seven already-canonical GSS references are excluded from expansion, so no baseline Novatech identifier is duplicated.",new_unique_exact_product,PRD-CEF84007CF
Novatech,01TD1430,,,01TD1430,1929,"Novatech matrix reference; the seven already-canonical GSS references are excluded from expansion, so no baseline Novatech identifier is duplicated.",new_unique_exact_product,PRD-3E26A24907
Novatech,01TD1440,,,01TD1440,1929,"Novatech matrix reference; the seven already-canonical GSS references are excluded from expansion, so no baseline Novatech identifier is duplicated.",new_unique_exact_product,PRD-9ED4F80417
Novatech,01TD1450,,,01TD1450,1929,"Novatech matrix reference; the seven already-canonical GSS references are excluded from expansion, so no baseline Novatech identifier is duplicated.",new_unique_exact_product,PRD-3A88D5EB25
Novatech,01TD1460,,,01TD1460,1929,"Novatech matrix reference; the seven already-canonical GSS references are excluded from expansion, so no baseline Novatech identifier is duplicated.",new_unique_exact_product,PRD-BE8B4A277C
Novatech,01TD1470,,,01TD1470,1929,"Novatech matrix reference; the seven already-canonical GSS references are excluded from expansion, so no baseline Novatech identifier is duplicated.",new_unique_exact_product,PRD-9529C72074
Novatech,01TD1480,,,01TD1480,1929,"Novatech matrix reference; the seven already-canonical GSS references are excluded from expansion, so no baseline Novatech identifier is duplicated.",new_unique_exact_product,PRD-61727E3C96
Novatech,01TD15100,,,01TD15100,1929,"Novatech matrix reference; the seven already-canonical GSS references are excluded from expansion, so no baseline Novatech identifier is duplicated.",new_unique_exact_product,PRD-1C9FDC1255
Novatech,01TD15110,,,01TD15110,1929,"Novatech matrix reference; the seven already-canonical GSS references are excluded from expansion, so no baseline Novatech identifier is duplicated.",new_unique_exact_product,PRD-BE7AE1B706
Novatech,01TD1530,,,01TD1530,1929,"Novatech matrix reference; the seven already-canonical GSS references are excluded from expansion, so no baseline Novatech identifier is duplicated.",new_unique_exact_product,PRD-4EB1471E00
Novatech,01TD1540,,,01TD1540,1929,"Novatech matrix reference; the seven already-canonical GSS references are excluded from expansion, so no baseline Novatech identifier is duplicated.",new_unique_exact_product,PRD-FA89A93009
Novatech,01TD1550,,,01TD1550,1929,"Novatech matrix reference; the seven already-canonical GSS references are excluded from expansion, so no baseline Novatech identifier is duplicated.",new_unique_exact_product,PRD-CE0D740AA5
Novatech,01TD1560,,,01TD1560,1929,"Novatech matrix reference; the seven already-canonical GSS references are excluded from expansion, so no baseline Novatech identifier is duplicated.",new_unique_exact_product,PRD-1177EAE01C
Novatech,01TD1570,,,01TD1570,1929,"Novatech matrix reference; the seven already-canonical GSS references are excluded from expansion, so no baseline Novatech identifier is duplicated.",new_unique_exact_product,PRD-2AF0108F60
Novatech,01TD1580,,,01TD1580,1929,"Novatech matrix reference; the seven already-canonical GSS references are excluded from expansion, so no baseline Novatech identifier is duplicated.",new_unique_exact_product,PRD-1732BD35FF
Novatech,01TD1590,,,01TD1590,1929,"Novatech matrix reference; the seven already-canonical GSS references are excluded from expansion, so no baseline Novatech identifier is duplicated.",new_unique_exact_product,PRD-ED8351E635
Novatech,01TD16110,,,01TD16110,1929,"Novatech matrix reference; the seven already-canonical GSS references are excluded from expansion, so no baseline Novatech identifier is duplicated.",new_unique_exact_product,PRD-5835D2C88F
Novatech,01TD1630,,,01TD1630,1929,"Novatech matrix reference; the seven already-canonical GSS references are excluded from expansion, so no baseline Novatech identifier is duplicated.",new_unique_exact_product,PRD-3463CE8678
Novatech,01TD1640,,,01TD1640,1929,"Novatech matrix reference; the seven already-canonical GSS references are excluded from expansion, so no baseline Novatech identifier is duplicated.",new_unique_exact_product,PRD-CD3E9E65EF
Novatech,01TD1650,,,01TD1650,1929,"Novatech matrix reference; the seven already-canonical GSS references are excluded from expansion, so no baseline Novatech identifier is duplicated.",new_unique_exact_product,PRD-8C0A788C05
Novatech,01TD1660,,,01TD1660,1929,"Novatech matrix reference; the seven already-canonical GSS references are excluded from expansion, so no baseline Novatech identifier is duplicated.",new_unique_exact_product,PRD-2CED104B04
Novatech,01TD1670,,,01TD1670,1929,"Novatech matrix reference; the seven already-canonical GSS references are excluded from expansion, so no baseline Novatech identifier is duplicated.",new_unique_exact_product,PRD-7C9F7DB2C9
Novatech,01TD1680,,,01TD1680,1929,"Novatech matrix reference; the seven already-canonical GSS references are excluded from expansion, so no baseline Novatech identifier is duplicated.",new_unique_exact_product,PRD-A11D1CECF1
Novatech,01TD1690,,,01TD1690,1929,"Novatech matrix reference; the seven already-canonical GSS references are excluded from expansion, so no baseline Novatech identifier is duplicated.",new_unique_exact_product,PRD-E3B4B4DAA7
Novatech,01TD1840,,,01TD1840,1929,"Novatech matrix reference; the seven already-canonical GSS references are excluded from expansion, so no baseline Novatech identifier is duplicated.",new_unique_exact_product,PRD-B2522D8768
Novatech,01TD1850,,,01TD1850,1929,"Novatech matrix reference; the seven already-canonical GSS references are excluded from expansion, so no baseline Novatech identifier is duplicated.",new_unique_exact_product,PRD-DB9A48291E
Novatech,01TF1230,,,01TF1230,1929,"Novatech matrix reference; the seven already-canonical GSS references are excluded from expansion, so no baseline Novatech identifier is duplicated.",new_unique_exact_product,PRD-02DE06B9C9
Novatech,01TF1240,,,01TF1240,1929,"Novatech matrix reference; the seven already-canonical GSS references are excluded from expansion, so no baseline Novatech identifier is duplicated.",new_unique_exact_product,PRD-3E8090F385
Novatech,01TF1250,,,01TF1250,1929,"Novatech matrix reference; the seven already-canonical GSS references are excluded from expansion, so no baseline Novatech identifier is duplicated.",new_unique_exact_product,PRD-5F208B3FCD
Novatech,01TF1260,,,01TF1260,1929,"Novatech matrix reference; the seven already-canonical GSS references are excluded from expansion, so no baseline Novatech identifier is duplicated.",new_unique_exact_product,PRD-D3FFC7F061
Novatech,01TF1270,,,01TF1270,1929,"Novatech matrix reference; the seven already-canonical GSS references are excluded from expansion, so no baseline Novatech identifier is duplicated.",new_unique_exact_product,PRD-E9E6ABA91B
Novatech,01TF1280,,,01TF1280,1929,"Novatech matrix reference; the seven already-canonical GSS references are excluded from expansion, so no baseline Novatech identifier is duplicated.",new_unique_exact_product,PRD-DFCDE71429
Novatech,01TF1330,,,01TF1330,1929,"Novatech matrix reference; the seven already-canonical GSS references are excluded from expansion, so no baseline Novatech identifier is duplicated.",new_unique_exact_product,PRD-1A55FCEC7E
Novatech,01TF1340,,,01TF1340,1929,"Novatech matrix reference; the seven already-canonical GSS references are excluded from expansion, so no baseline Novatech identifier is duplicated.",new_unique_exact_product,PRD-844FB6A5E1
Novatech,01TF1350,,,01TF1350,1929,"Novatech matrix reference; the seven already-canonical GSS references are excluded from expansion, so no baseline Novatech identifier is duplicated.",new_unique_exact_product,PRD-520C940CFE
Novatech,01TF1360,,,01TF1360,1929,"Novatech matrix reference; the seven already-canonical GSS references are excluded from expansion, so no baseline Novatech identifier is duplicated.",new_unique_exact_product,PRD-69E6517714
Novatech,01TF1370,,,01TF1370,1929,"Novatech matrix reference; the seven already-canonical GSS references are excluded from expansion, so no baseline Novatech identifier is duplicated.",new_unique_exact_product,PRD-2B4FD782FC
Novatech,01TF1430,,,01TF1430,1929,"Novatech matrix reference; the seven already-canonical GSS references are excluded from expansion, so no baseline Novatech identifier is duplicated.",new_unique_exact_product,PRD-39573A2536
Novatech,01TF1440,,,01TF1440,1929,"Novatech matrix reference; the seven already-canonical GSS references are excluded from expansion, so no baseline Novatech identifier is duplicated.",new_unique_exact_product,PRD-5599EE7DDE
Novatech,01TF1460,,,01TF1460,1929,"Novatech matrix reference; the seven already-canonical GSS references are excluded from expansion, so no baseline Novatech identifier is duplicated.",new_unique_exact_product,PRD-DCE2445A69
Novatech,01TF1470,,,01TF1470,1929,"Novatech matrix reference; the seven already-canonical GSS references are excluded from expansion, so no baseline Novatech identifier is duplicated.",new_unique_exact_product,PRD-7ACB0B07FD
Novatech,01TF15100,,,01TF15100,1929,"Novatech matrix reference; the seven already-canonical GSS references are excluded from expansion, so no baseline Novatech identifier is duplicated.",new_unique_exact_product,PRD-AE4F2E3EBE
Novatech,01TF15110,,,01TF15110,1929,"Novatech matrix reference; the seven already-canonical GSS references are excluded from expansion, so no baseline Novatech identifier is duplicated.",new_unique_exact_product,PRD-E7A617F05F
Novatech,01TF1530,,,01TF1530,1929,"Novatech matrix reference; the seven already-canonical GSS references are excluded from expansion, so no baseline Novatech identifier is duplicated.",new_unique_exact_product,PRD-AB6FAE841E
Novatech,01TF1540,,,01TF1540,1929,"Novatech matrix reference; the seven already-canonical GSS references are excluded from expansion, so no baseline Novatech identifier is duplicated.",new_unique_exact_product,PRD-D4CC0EF49E
Novatech,01TF1550,,,01TF1550,1929,"Novatech matrix reference; the seven already-canonical GSS references are excluded from expansion, so no baseline Novatech identifier is duplicated.",new_unique_exact_product,PRD-C5D7A147AD
Novatech,01TF1560,,,01TF1560,1929,"Novatech matrix reference; the seven already-canonical GSS references are excluded from expansion, so no baseline Novatech identifier is duplicated.",new_unique_exact_product,PRD-AAB08BB8EE
Novatech,01TF1570,,,01TF1570,1929,"Novatech matrix reference; the seven already-canonical GSS references are excluded from expansion, so no baseline Novatech identifier is duplicated.",new_unique_exact_product,PRD-84E9A6010C
Novatech,01TF1580,,,01TF1580,1929,"Novatech matrix reference; the seven already-canonical GSS references are excluded from expansion, so no baseline Novatech identifier is duplicated.",new_unique_exact_product,PRD-BD52DE1395
Novatech,01TF1590,,,01TF1590,1929,"Novatech matrix reference; the seven already-canonical GSS references are excluded from expansion, so no baseline Novatech identifier is duplicated.",new_unique_exact_product,PRD-9E686BEC27
Novatech,01TF16100,,,01TF16100,1929,"Novatech matrix reference; the seven already-canonical GSS references are excluded from expansion, so no baseline Novatech identifier is duplicated.",new_unique_exact_product,PRD-FEBD25B6DC
Novatech,01TF1640,,,01TF1640,1929,"Novatech matrix reference; the seven already-canonical GSS references are excluded from expansion, so no baseline Novatech identifier is duplicated.",new_unique_exact_product,PRD-0D28E189BE
Novatech,01TF1650,,,01TF1650,1929,"Novatech matrix reference; the seven already-canonical GSS references are excluded from expansion, so no baseline Novatech identifier is duplicated.",new_unique_exact_product,PRD-0E06448C6B
Novatech,01TF1660,,,01TF1660,1929,"Novatech matrix reference; the seven already-canonical GSS references are excluded from expansion, so no baseline Novatech identifier is duplicated.",new_unique_exact_product,PRD-FC4E977BDF
Novatech,01TF1670,,,01TF1670,1929,"Novatech matrix reference; the seven already-canonical GSS references are excluded from expansion, so no baseline Novatech identifier is duplicated.",new_unique_exact_product,PRD-3D5D1B81EF
Novatech,01TF1680,,,01TF1680,1929,"Novatech matrix reference; the seven already-canonical GSS references are excluded from expansion, so no baseline Novatech identifier is duplicated.",new_unique_exact_product,PRD-557DD115A0
Novatech,01TF1690,,,01TF1690,1929,"Novatech matrix reference; the seven already-canonical GSS references are excluded from expansion, so no baseline Novatech identifier is duplicated.",new_unique_exact_product,PRD-37749355A5
Novatech,01TF18100,,,01TF18100,1929,"Novatech matrix reference; the seven already-canonical GSS references are excluded from expansion, so no baseline Novatech identifier is duplicated.",new_unique_exact_product,PRD-499E95E8F0
Novatech,01TF18110,,,01TF18110,1929,"Novatech matrix reference; the seven already-canonical GSS references are excluded from expansion, so no baseline Novatech identifier is duplicated.",new_unique_exact_product,PRD-7DA2AA3A9A
Novatech,01TF1840,,,01TF1840,1929,"Novatech matrix reference; the seven already-canonical GSS references are excluded from expansion, so no baseline Novatech identifier is duplicated.",new_unique_exact_product,PRD-B2F1DA2473
Novatech,01TF1850,,,01TF1850,1929,"Novatech matrix reference; the seven already-canonical GSS references are excluded from expansion, so no baseline Novatech identifier is duplicated.",new_unique_exact_product,PRD-BB020047FF
Novatech,01TF1870,,,01TF1870,1929,"Novatech matrix reference; the seven already-canonical GSS references are excluded from expansion, so no baseline Novatech identifier is duplicated.",new_unique_exact_product,PRD-8C43D4DD1B
Novatech,01TF1880,,,01TF1880,1929,"Novatech matrix reference; the seven already-canonical GSS references are excluded from expansion, so no baseline Novatech identifier is duplicated.",new_unique_exact_product,PRD-629D420930
Novatech,01TF1890,,,01TF1890,1929,"Novatech matrix reference; the seven already-canonical GSS references are excluded from expansion, so no baseline Novatech identifier is duplicated.",new_unique_exact_product,PRD-F6120153F0
Novatech,01TF20100,,,01TF20100,1929,"Novatech matrix reference; the seven already-canonical GSS references are excluded from expansion, so no baseline Novatech identifier is duplicated.",new_unique_exact_product,PRD-364F11177A
Novatech,01TF20110,,,01TF20110,1929,"Novatech matrix reference; the seven already-canonical GSS references are excluded from expansion, so no baseline Novatech identifier is duplicated.",new_unique_exact_product,PRD-053D7E2071
Novatech,01TF2040,,,01TF2040,1929,"Novatech matrix reference; the seven already-canonical GSS references are excluded from expansion, so no baseline Novatech identifier is duplicated.",new_unique_exact_product,PRD-9F6664E553
Novatech,01TF2050,,,01TF2050,1929,"Novatech matrix reference; the seven already-canonical GSS references are excluded from expansion, so no baseline Novatech identifier is duplicated.",new_unique_exact_product,PRD-23BB8EAB48
Novatech,01TF2060,,,01TF2060,1929,"Novatech matrix reference; the seven already-canonical GSS references are excluded from expansion, so no baseline Novatech identifier is duplicated.",new_unique_exact_product,PRD-EB403F5C97
Novatech,01TF2070,,,01TF2070,1929,"Novatech matrix reference; the seven already-canonical GSS references are excluded from expansion, so no baseline Novatech identifier is duplicated.",new_unique_exact_product,PRD-30FF74237D
Novatech,01TF2080,,,01TF2080,1929,"Novatech matrix reference; the seven already-canonical GSS references are excluded from expansion, so no baseline Novatech identifier is duplicated.",new_unique_exact_product,PRD-FFDCFF2DF6
Novatech,01TF2090,,,01TF2090,1929,"Novatech matrix reference; the seven already-canonical GSS references are excluded from expansion, so no baseline Novatech identifier is duplicated.",new_unique_exact_product,PRD-F56B9B1935
Novatech,01Y121010,,,01Y121010,1929,"Novatech matrix reference; the seven already-canonical GSS references are excluded from expansion, so no baseline Novatech identifier is duplicated.",new_unique_exact_product,PRD-55E04E6B4A
Novatech,01Y141010V1,,,01Y141010V1,1929,"Novatech matrix reference; the seven already-canonical GSS references are excluded from expansion, so no baseline Novatech identifier is duplicated.",new_unique_exact_product,PRD-E5E73685E9
Novatech,01Y151212,,,01Y151212,1929,"Novatech matrix reference; the seven already-canonical GSS references are excluded from expansion, so no baseline Novatech identifier is duplicated.",new_unique_exact_product,PRD-AF93E14891
Novatech,01Y151212V1,,,01Y151212V1,1929,"Novatech matrix reference; the seven already-canonical GSS references are excluded from expansion, so no baseline Novatech identifier is duplicated.",new_unique_exact_product,PRD-CE6BAAD222
Novatech,01Y151212V2,,,01Y151212V2,1929,"Novatech matrix reference; the seven already-canonical GSS references are excluded from expansion, so no baseline Novatech identifier is duplicated.",new_unique_exact_product,PRD-22140843C5
Novatech,01Y161313V1,,,01Y161313V1,1929,"Novatech matrix reference; the seven already-canonical GSS references are excluded from expansion, so no baseline Novatech identifier is duplicated.",new_unique_exact_product,PRD-7ACD240A5C
Novatech,01Y161313V2,,,01Y161313V2,1929,"Novatech matrix reference; the seven already-canonical GSS references are excluded from expansion, so no baseline Novatech identifier is duplicated.",new_unique_exact_product,PRD-6B83734A5B
Novatech,01Y181414,,,01Y181414,1929,"Novatech matrix reference; the seven already-canonical GSS references are excluded from expansion, so no baseline Novatech identifier is duplicated.",new_unique_exact_product,PRD-6D82EFD1D2
Novatech,025301S20,,,025301S20,1929,"Novatech matrix reference; the seven already-canonical GSS references are excluded from expansion, so no baseline Novatech identifier is duplicated.",new_unique_exact_product,PRD-EC39DE72EA
Novatech,025301S30,,,025301S30,1929,"Novatech matrix reference; the seven already-canonical GSS references are excluded from expansion, so no baseline Novatech identifier is duplicated.",new_unique_exact_product,PRD-4F72B750FD
Novatech,025301S40,,,025301S40,1929,"Novatech matrix reference; the seven already-canonical GSS references are excluded from expansion, so no baseline Novatech identifier is duplicated.",new_unique_exact_product,PRD-6D61D60C38
Novatech,025301S50,,,025301S50,1929,"Novatech matrix reference; the seven already-canonical GSS references are excluded from expansion, so no baseline Novatech identifier is duplicated.",new_unique_exact_product,PRD-21E82DCB13
Novatech,026201S20,,,026201S20,1929,"Novatech matrix reference; the seven already-canonical GSS references are excluded from expansion, so no baseline Novatech identifier is duplicated.",new_unique_exact_product,PRD-D8651BEFDB
Novatech,026201S30,,,026201S30,1929,"Novatech matrix reference; the seven already-canonical GSS references are excluded from expansion, so no baseline Novatech identifier is duplicated.",new_unique_exact_product,PRD-9891102F8B
Novatech,026201S40,,,026201S40,1929,"Novatech matrix reference; the seven already-canonical GSS references are excluded from expansion, so no baseline Novatech identifier is duplicated.",new_unique_exact_product,PRD-F30F9B6B87
Novatech,026201S50,,,026201S50,1929,"Novatech matrix reference; the seven already-canonical GSS references are excluded from expansion, so no baseline Novatech identifier is duplicated.",new_unique_exact_product,PRD-9E45614EB7
Novatech,026501S20,,,026501S20,1929,"Novatech matrix reference; the seven already-canonical GSS references are excluded from expansion, so no baseline Novatech identifier is duplicated.",new_unique_exact_product,PRD-5FFC64ACE1
Novatech,026501S30,,,026501S30,1929,"Novatech matrix reference; the seven already-canonical GSS references are excluded from expansion, so no baseline Novatech identifier is duplicated.",new_unique_exact_product,PRD-BFBEBBCA02
Novatech,026501S40,,,026501S40,1929,"Novatech matrix reference; the seven already-canonical GSS references are excluded from expansion, so no baseline Novatech identifier is duplicated.",new_unique_exact_product,PRD-DCF8F46465
Novatech,026501S50,,,026501S50,1929,"Novatech matrix reference; the seven already-canonical GSS references are excluded from expansion, so no baseline Novatech identifier is duplicated.",new_unique_exact_product,PRD-4055F48A03
Novatech,026701S20,,,026701S20,1929,"Novatech matrix reference; the seven already-canonical GSS references are excluded from expansion, so no baseline Novatech identifier is duplicated.",new_unique_exact_product,PRD-B69245D8EF
Novatech,026701S30,,,026701S30,1929,"Novatech matrix reference; the seven already-canonical GSS references are excluded from expansion, so no baseline Novatech identifier is duplicated.",new_unique_exact_product,PRD-9227711C8C
Novatech,026701S40,,,026701S40,1929,"Novatech matrix reference; the seven already-canonical GSS references are excluded from expansion, so no baseline Novatech identifier is duplicated.",new_unique_exact_product,PRD-F1B8B5D639
Novatech,026701S50,,,026701S50,1929,"Novatech matrix reference; the seven already-canonical GSS references are excluded from expansion, so no baseline Novatech identifier is duplicated.",new_unique_exact_product,PRD-A2209933C6
Cook Medical,G34281,ECHO-HD-22-EBUS-O-C,,G34281,1929,Existing exact Cook order number G34281 already carries alternate identifier ECHO-HD-22-EBUS-O-C.,existing_alias_or_format_variant,PRD-5CC8131FDE
Cook Medical,G34279,ECHO-HD-22-EBUS-P-C,,G34279,1929,Existing exact Cook order number G34279 already carries alternate identifier ECHO-HD-22-EBUS-P-C.,existing_alias_or_format_variant,PRD-2D0C9B936A
Cook Medical,G34282,ECHO-HD-25-EBUS-O-C,,G34282,1929,Existing exact Cook order number G34282 already carries alternate identifier ECHO-HD-25-EBUS-O-C.,existing_alias_or_format_variant,PRD-2DA93F54B9
Cook Medical,G34280,ECHO-HD-25-EBUS-P-C,,G34280,1929,Existing exact Cook order number G34280 already carries alternate identifier ECHO-HD-25-EBUS-P-C.,existing_alias_or_format_variant,PRD-3F51C7D66F
