product_id,manufacturer,catalog_number,alternate_identifiers,product_name,origin,verification_grade,visibility_state,role_code,taxonomy_class,taxonomy_subtype,evidence
PRD-9167283C52,Medtronic,4CN65R,,Shiley Flexible Adult Cuffed Tracheostomy Tube with Reusable Inner Cannula — 4CN65R,old_corpus,verified_source,hidden,TRACH_TUBE_CUFFED,tracheostomy_tube,cuffed_tracheostomy_tube,"SRC083: Shiley flexible adult tracheostomy tube table, PDF pages 5-6 | SRC046: AccessGUDID Delimited Full Release 20260723 exact-device row"
PRD-D51CBB0DEE,Medtronic,5CN70R,,Shiley Flexible Adult Cuffed Tracheostomy Tube with Reusable Inner Cannula — 5CN70R,old_corpus,verified_source,hidden,TRACH_TUBE_CUFFED,tracheostomy_tube,cuffed_tracheostomy_tube,"SRC083: Shiley flexible adult tracheostomy tube table, PDF pages 5-6 | SRC046: AccessGUDID Delimited Full Release 20260723 exact-device row"
PRD-AA2895A2EB,Medtronic,6CN75R,,Shiley Flexible Adult Cuffed Tracheostomy Tube with Reusable Inner Cannula — 6CN75R,old_corpus,verified_source,hidden,TRACH_TUBE_CUFFED,tracheostomy_tube,cuffed_tracheostomy_tube,"SRC083: Shiley flexible adult tracheostomy tube table, PDF pages 5-6 | SRC046: AccessGUDID Delimited Full Release 20260723 exact-device row"
PRD-F22D94D3A5,Medtronic,8CN85R,,Shiley Flexible Adult Cuffed Tracheostomy Tube with Reusable Inner Cannula — 8CN85R,old_corpus,verified_source,hidden,TRACH_TUBE_CUFFED,tracheostomy_tube,cuffed_tracheostomy_tube,"SRC083: Shiley flexible adult tracheostomy tube table, PDF pages 5-6 | SRC046: AccessGUDID Delimited Full Release 20260723 exact-device row"
PRD-18DFC39794,Medtronic,9CN90R,,Shiley Flexible Adult Cuffed Tracheostomy Tube with Reusable Inner Cannula — 9CN90R,old_corpus,verified_source,hidden,TRACH_TUBE_CUFFED,tracheostomy_tube,cuffed_tracheostomy_tube,"SRC083: Shiley flexible adult tracheostomy tube table, PDF pages 5-6 | SRC046: AccessGUDID Delimited Full Release 20260723 exact-device row"
PRD-58CCB8208E,Medtronic,10CN10R,,Shiley Flexible Adult Cuffed Tracheostomy Tube with Reusable Inner Cannula — 10CN10R,old_corpus,verified_source,hidden,TRACH_TUBE_CUFFED,tracheostomy_tube,cuffed_tracheostomy_tube,"SRC083: Shiley flexible adult tracheostomy tube table, PDF pages 5-6 | SRC046: AccessGUDID Delimited Full Release 20260723 exact-device row"
PRD-529643988C,Medtronic,4UN65R,,Shiley Flexible Adult Cuffless Tracheostomy Tube with Reusable Inner Cannula — 4UN65R,old_corpus,verified_source,hidden,TRACH_TUBE_CUFFLESS,tracheostomy_tube,cuffless_tracheostomy_tube,"SRC083: Shiley flexible adult cuffless tracheostomy tube table, PDF page 6 | SRC046: AccessGUDID Delimited Full Release 20260723 exact-device row"
PRD-38079F20BD,Medtronic,5UN70R,,Shiley Flexible Adult Cuffless Tracheostomy Tube with Reusable Inner Cannula — 5UN70R,old_corpus,verified_source,hidden,TRACH_TUBE_CUFFLESS,tracheostomy_tube,cuffless_tracheostomy_tube,"SRC083: Shiley flexible adult cuffless tracheostomy tube table, PDF page 6 | SRC046: AccessGUDID Delimited Full Release 20260723 exact-device row"
PRD-46C823F8EC,Medtronic,6UN75R,,Shiley Flexible Adult Cuffless Tracheostomy Tube with Reusable Inner Cannula — 6UN75R,old_corpus,verified_source,hidden,TRACH_TUBE_CUFFLESS,tracheostomy_tube,cuffless_tracheostomy_tube,"SRC083: Shiley flexible adult cuffless tracheostomy tube table, PDF page 6 | SRC046: AccessGUDID Delimited Full Release 20260723 exact-device row"
PRD-41C846CC8F,Medtronic,7UN80R,,Shiley Flexible Adult Cuffless Tracheostomy Tube with Reusable Inner Cannula — 7UN80R,old_corpus,verified_source,hidden,TRACH_TUBE_CUFFLESS,tracheostomy_tube,cuffless_tracheostomy_tube,"SRC083: Shiley flexible adult cuffless tracheostomy tube table, PDF page 6 | SRC046: AccessGUDID Delimited Full Release 20260723 exact-device row"
PRD-00910661BA,Medtronic,8UN85R,,Shiley Flexible Adult Cuffless Tracheostomy Tube with Reusable Inner Cannula — 8UN85R,old_corpus,verified_source,hidden,TRACH_TUBE_CUFFLESS,tracheostomy_tube,cuffless_tracheostomy_tube,"SRC083: Shiley flexible adult cuffless tracheostomy tube table, PDF page 6 | SRC046: AccessGUDID Delimited Full Release 20260723 exact-device row"
PRD-F77790BA96,Medtronic,9UN90R,,Shiley Flexible Adult Cuffless Tracheostomy Tube with Reusable Inner Cannula — 9UN90R,old_corpus,verified_source,hidden,TRACH_TUBE_CUFFLESS,tracheostomy_tube,cuffless_tracheostomy_tube,"SRC083: Shiley flexible adult cuffless tracheostomy tube table, PDF page 6 | SRC046: AccessGUDID Delimited Full Release 20260723 exact-device row"
PRD-8B7BA0C7A5,Medtronic,10UN10R,,Shiley Flexible Adult Cuffless Tracheostomy Tube with Reusable Inner Cannula — 10UN10R,old_corpus,verified_source,hidden,TRACH_TUBE_CUFFLESS,tracheostomy_tube,cuffless_tracheostomy_tube,"SRC083: Shiley flexible adult cuffless tracheostomy tube table, PDF page 6 | SRC046: AccessGUDID Delimited Full Release 20260723 exact-device row"
PRD-D7858C62B6,Medtronic,50XLTCP,,"Shiley XLT Cuffed Tracheostomy Tube — Extended Proximal, 50 size",old_corpus,verified_source,hidden,TRACH_TUBE_CUFFED,tracheostomy_tube,cuffed_tracheostomy_tube,"SRC084: Shiley XLT extended-proximal cuffed ordering table, PDF pages 4-5 | SRC046: AccessGUDID Delimited Full Release 20260723 exact-device row"
PRD-AFBD510BCF,Medtronic,60XLTCP,,"Shiley XLT Cuffed Tracheostomy Tube — Extended Proximal, 60 size",old_corpus,verified_source,hidden,TRACH_TUBE_CUFFED,tracheostomy_tube,cuffed_tracheostomy_tube,"SRC084: Shiley XLT extended-proximal cuffed ordering table, PDF pages 4-5 | SRC046: AccessGUDID Delimited Full Release 20260723 exact-device row"
PRD-85F4300C8B,Medtronic,70XLTCP,,"Shiley XLT Cuffed Tracheostomy Tube — Extended Proximal, 70 size",old_corpus,verified_source,hidden,TRACH_TUBE_CUFFED,tracheostomy_tube,cuffed_tracheostomy_tube,"SRC084: Shiley XLT extended-proximal cuffed ordering table, PDF pages 4-5 | SRC046: AccessGUDID Delimited Full Release 20260723 exact-device row"
PRD-1B7B4B9C6A,Medtronic,80XLTCP,,"Shiley XLT Cuffed Tracheostomy Tube — Extended Proximal, 80 size",old_corpus,verified_source,hidden,TRACH_TUBE_CUFFED,tracheostomy_tube,cuffed_tracheostomy_tube,"SRC084: Shiley XLT extended-proximal cuffed ordering table, PDF pages 4-5 | SRC046: AccessGUDID Delimited Full Release 20260723 exact-device row"
PRD-8EEB25CE00,Medtronic,50XLTUP,,"Shiley XLT Cuffless Tracheostomy Tube — Extended Proximal, 50 size",old_corpus,verified_source,hidden,TRACH_TUBE_CUFFLESS,tracheostomy_tube,cuffless_tracheostomy_tube,"SRC084: Shiley XLT extended-proximal cuffless ordering table, PDF page 5 | SRC046: AccessGUDID Delimited Full Release 20260723 exact-device row"
PRD-EFCF0B85F5,Medtronic,60XLTUP,,"Shiley XLT Cuffless Tracheostomy Tube — Extended Proximal, 60 size",old_corpus,verified_source,hidden,TRACH_TUBE_CUFFLESS,tracheostomy_tube,cuffless_tracheostomy_tube,"SRC084: Shiley XLT extended-proximal cuffless ordering table, PDF page 5 | SRC046: AccessGUDID Delimited Full Release 20260723 exact-device row"
PRD-7FEF1C2544,Medtronic,70XLTUP,,"Shiley XLT Cuffless Tracheostomy Tube — Extended Proximal, 70 size",old_corpus,verified_source,hidden,TRACH_TUBE_CUFFLESS,tracheostomy_tube,cuffless_tracheostomy_tube,"SRC084: Shiley XLT extended-proximal cuffless ordering table, PDF page 5 | SRC046: AccessGUDID Delimited Full Release 20260723 exact-device row"
PRD-92A8739CF4,Medtronic,80XLTUP,,"Shiley XLT Cuffless Tracheostomy Tube — Extended Proximal, 80 size",old_corpus,verified_source,hidden,TRACH_TUBE_CUFFLESS,tracheostomy_tube,cuffless_tracheostomy_tube,"SRC084: Shiley XLT extended-proximal cuffless ordering table, PDF page 5 | SRC046: AccessGUDID Delimited Full Release 20260723 exact-device row"
PRD-9163FB693E,Medtronic,1899200,,StraightShot M5 Microdebrider Handpiece,official_web_follow_up,verified_source,hidden,RIGID_BRONCH_SHAVER,powered_shaver,shaver_handpiece,"SRC090: Ordering information, CFNs 1899200 and 1899076"
PRD-D5621CD59E,Medtronic,1899076,,StraightShot M5 Instrument Tray,official_web_follow_up,verified_source,hidden,intentionally_roleless,powered_shaver,shaver_accessory,"SRC090: Ordering information, CFNs 1899200 and 1899076"
PRD-3E1556EBE5,Medtronic,1884035HRE,,"Tricut 4.0 mm Angle-Tip Bronchial Blade, 45 cm",official_web_follow_up,verified_source,hidden,RIGID_BRONCH_SHAVER,powered_shaver,shaver_instrument,SRC091: Airway Blades ordering information table
PRD-5CF4F1857F,Medtronic,1884033HRE,,"Tricut 4.0 mm Angle-Tip Tracheal Blade, 37 cm",official_web_follow_up,verified_source,hidden,RIGID_BRONCH_SHAVER,powered_shaver,shaver_instrument,SRC091: Airway Blades ordering information table
PRD-5592532651,Medtronic,1884033,,"Serrated 4.0 mm Angle-Tip Tracheal Blade, 37 cm",official_web_follow_up,verified_source,hidden,RIGID_BRONCH_SHAVER,powered_shaver,shaver_instrument,SRC091: Airway Blades ordering information table
PRD-E23034FC46,Medtronic,1884032,,"Airway 4.0 mm Straight Tracheal Blade, 37 cm",official_web_follow_up,verified_source,hidden,RIGID_BRONCH_SHAVER,powered_shaver,shaver_instrument,SRC091: Airway Blades ordering information table
PRD-378597DD7A,Medtronic,1884031HRE,,"Tricut 4.0 mm Angle-Tip Subglottic Blade, 27 cm",official_web_follow_up,verified_source,hidden,RIGID_BRONCH_SHAVER,powered_shaver,shaver_instrument,SRC091: Airway Blades ordering information table
PRD-7DFA867CB6,Medtronic,1882937E,,"Serrated 2.9 mm Angle-Tip Tracheal Blade, 18 cm",official_web_follow_up,verified_source,hidden,RIGID_BRONCH_SHAVER,powered_shaver,shaver_instrument,SRC091: Airway Blades ordering information table
PRD-7B8C092373,Medtronic,1882936E,,"Serrated 2.9 mm Angle-Tip Tracheal Blade, 22 cm",official_web_follow_up,verified_source,hidden,RIGID_BRONCH_SHAVER,powered_shaver,shaver_instrument,SRC091: Airway Blades ordering information table
PRD-2632FFBF07,Axess Vision Technology S.A.S.,10040001,,Broncoflex XFlo 5.6/3.0 Single-Use Bronchoscope,owner_pdf,verified_source,hidden,FLEX_SCOPE_SINGLE_USE,bronchoscope,single_use_video_bronchoscope,"SRC089: Rendered PDF page 1, Broncoflex ordering panel | SRC092: Broncoflex system and specification tables | SRC094: AccessGUDID Primary DI 03664977000103"
PRD-D55094A08A,Axess Vision Technology S.A.S.,20030001,,Broncoflex Agile 3.9/1.4 Single-Use Bronchoscope,owner_pdf,verified_source,hidden,FLEX_SCOPE_SINGLE_USE,bronchoscope,single_use_video_bronchoscope,"SRC089: Rendered PDF page 1, Broncoflex ordering panel | SRC092: Broncoflex system and specification tables | SRC094: AccessGUDID Primary DI 03664977020033"
PRD-181DE98372,Axess Vision Technology S.A.S.,30030000,,Screeni Video Processor with Accessories,owner_pdf,verified_source,hidden,VIDEO_PROCESSOR,console_capital,video_processor,"SRC089: Rendered PDF page 1, Screeni references 30030000 / 30030001 | SRC093: Screeni technical datasheet"
PRD-6F15A8C9B5,Axess Vision Technology S.A.S.,30030001,,Screeni Video Processor without Accessories,owner_pdf,verified_source,hidden,VIDEO_PROCESSOR,console_capital,video_processor,"SRC089: Rendered PDF page 1, Screeni references 30030000 / 30030001 | SRC093: Screeni technical datasheet | SRC094: AccessGUDID Primary DI 03664977030032"
PRD-0A90C0B244,Axess Vision Technology S.A.S.,41010000,,Easy BAL Clip,owner_pdf,verified_source,hidden,intentionally_roleless,accessory,platform_accessory,"SRC089: Rendered PDF page 1, system-accessory ordering list | SRC092: Broncoflex system component information | SRC094: AccessGUDID Primary DI 03664977000042"
PRD-1B6B236545,Axess Vision Technology S.A.S.,30030303,,Screeni Knurled Screw,owner_pdf,verified_source,hidden,intentionally_roleless,accessory,platform_accessory,"SRC089: Rendered PDF page 1, system-accessory ordering list | SRC092: Broncoflex system component information"
PRD-07A1B4DA10,Axess Vision Technology S.A.S.,30030010,,Screeni Quick Mounting Bracket,owner_pdf,verified_source,hidden,intentionally_roleless,accessory,platform_accessory,"SRC089: Rendered PDF page 1, system-accessory ordering list | SRC092: Broncoflex system component information"
PRD-AAECD27F75,Axess Vision Technology S.A.S.,31010008,,Screeni Medical-Grade Power Supply,owner_pdf,verified_source,hidden,intentionally_roleless,accessory,platform_accessory,"SRC089: Rendered PDF page 1, system-accessory ordering list | SRC092: Broncoflex system component information"
PRD-1ED27ADA45,Praxis Medical LLC,ENDO-BV-22G-Kit-O,ENDO-BV-22G-O; Primary DI 00850081350033,"EndoCore 22G Bevel Tip EBUS Needle, Olympus Configuration",owner_pdf,verified_source,hidden,EBUS_NEEDLE_FNA,needle,ebus_tbna_needle,"SRC089: Rendered PDF page 2, EndoCore ordering table | SRC095: EndoCore product and ordering information | SRC096: AccessGUDID Primary DI 00850081350033"
PRD-AC45D3E510,Praxis Medical LLC,ENDO-FR-22G-Kit-O,ENDO-FR-22G-O; Primary DI 00850081350040,"EndoCore 22G Franseen EBUS Needle, Olympus Configuration",owner_pdf,verified_source,hidden,EBUS_NEEDLE_FNB,needle,ebus_tbna_needle,"SRC089: Rendered PDF page 2, EndoCore ordering table | SRC095: EndoCore product and ordering information | SRC096: AccessGUDID Primary DI 00850081350040"
PRD-F9BA60E9A6,Serpex Medical,MCB-1000-Kit,,Narwhal Cryobiopsy Probe and Cartridge Kit,owner_pdf,verified_source,hidden,CRYOPROBE_FLEX,cryotherapy,flexible_cryoprobe,"SRC089: Rendered PDF page 3, Narwhal ordering and specification panels | SRC097: K261068, device description and model table"
PRD-AED3720BF6,Serpex Medical,MCB-1000-4,MCB-1000,Narwhal Cryobiopsy Probe,owner_pdf,verified_source,hidden,CRYOPROBE_FLEX,cryotherapy,flexible_cryoprobe,"SRC089: Rendered PDF page 3, Narwhal ordering and specification panels | SRC097: K261068, device description and model table"
PRD-75D987903F,Serpex Medical,CC-1000-4,CC-1000,Narwhal Cryo Cartridge Pack,owner_pdf,verified_source,hidden,intentionally_roleless,cryotherapy,cryotherapy_accessory,"SRC089: Rendered PDF page 3, Narwhal ordering and specification panels | SRC097: K261068, device description and model table"
PRD-973D3F9656,DISA Medinotec,TRD1-06030,,"Trachealator Non-Occlusive Airway Balloon, 6 x 30 mm",owner_pdf,verified_source,hidden,AIRWAY_BALLOON_DILATOR,balloon_dilation,airway_balloon_dilator,"SRC089: Rendered PDF page 4, visually confirmed Trachealator ordering table | SRC098: Trachealator product page | SRC099: K211894, device description"
PRD-908A9B501B,DISA Medinotec,TRD1-07030,,"Trachealator Non-Occlusive Airway Balloon, 7 x 30 mm",owner_pdf,verified_source,hidden,AIRWAY_BALLOON_DILATOR,balloon_dilation,airway_balloon_dilator,"SRC089: Rendered PDF page 4, visually confirmed Trachealator ordering table | SRC098: Trachealator product page | SRC099: K211894, device description"
PRD-85B355AE93,DISA Medinotec,TRD1-08030,,"Trachealator Non-Occlusive Airway Balloon, 8 x 30 mm",owner_pdf,verified_source,hidden,AIRWAY_BALLOON_DILATOR,balloon_dilation,airway_balloon_dilator,"SRC089: Rendered PDF page 4, visually confirmed Trachealator ordering table | SRC098: Trachealator product page | SRC099: K211894, device description"
PRD-81878EEA9B,DISA Medinotec,TRD1-09030,,"Trachealator Non-Occlusive Airway Balloon, 9 x 30 mm",owner_pdf,verified_source,hidden,AIRWAY_BALLOON_DILATOR,balloon_dilation,airway_balloon_dilator,"SRC089: Rendered PDF page 4, visually confirmed Trachealator ordering table | SRC098: Trachealator product page | SRC099: K211894, device description"
PRD-BA71A30B4A,DISA Medinotec,TRD1-10030,,"Trachealator Non-Occlusive Airway Balloon, 10 x 30 mm",owner_pdf,verified_source,hidden,AIRWAY_BALLOON_DILATOR,balloon_dilation,airway_balloon_dilator,"SRC089: Rendered PDF page 4, visually confirmed Trachealator ordering table | SRC098: Trachealator product page | SRC099: K211894, device description"
PRD-73A1532E08,DISA Medinotec,TRD1-12040,,"Trachealator Non-Occlusive Airway Balloon, 12 x 40 mm",owner_pdf,verified_source,hidden,AIRWAY_BALLOON_DILATOR,balloon_dilation,airway_balloon_dilator,"SRC089: Rendered PDF page 4, visually confirmed Trachealator ordering table | SRC098: Trachealator product page | SRC099: K211894, device description"
PRD-5AC73F2FA3,DISA Medinotec,TRD1-14540,,"Trachealator Non-Occlusive Airway Balloon, 14.5 x 40 mm",owner_pdf,verified_source,hidden,AIRWAY_BALLOON_DILATOR,balloon_dilation,airway_balloon_dilator,"SRC089: Rendered PDF page 4, visually confirmed Trachealator ordering table | SRC098: Trachealator product page | SRC099: K211894, device description"
PRD-2C1F1ABA62,DISA Medinotec,TRD1-16040,,"Trachealator Non-Occlusive Airway Balloon, 16 x 40 mm",owner_pdf,verified_source,hidden,AIRWAY_BALLOON_DILATOR,balloon_dilation,airway_balloon_dilator,"SRC089: Rendered PDF page 4, visually confirmed Trachealator ordering table | SRC098: Trachealator product page | SRC099: K211894, device description"
PRD-4F290FD9D3,DISA Medinotec,TRD1-18040,,"Trachealator Non-Occlusive Airway Balloon, 18 x 40 mm",owner_pdf,verified_source,hidden,AIRWAY_BALLOON_DILATOR,balloon_dilation,airway_balloon_dilator,"SRC089: Rendered PDF page 4, visually confirmed Trachealator ordering table | SRC098: Trachealator product page | SRC099: K211894, device description"
PRD-DADEAB2B83,"Shenzhen HugeMed Medical Technical Development Co., Ltd.",BR-M22,,BR-M22 Single-Use Flexible Bronchoscope,owner_pdf,verified_source,hidden,FLEX_SCOPE_SINGLE_USE,bronchoscope,single_use_video_bronchoscope,"SRC089: Rendered PDF page 5, visually confirmed model/specification table | SRC101: K222910, applicant and device-description sections | SRC100: Single-use bronchoscope model/specification table | SRC102: AccessGUDID Primary DI 06970462546115"
PRD-AFF9BDD685,"Shenzhen HugeMed Medical Technical Development Co., Ltd.",BR-M32,,BR-M32 Single-Use Flexible Bronchoscope,owner_pdf,verified_source,hidden,FLEX_SCOPE_SINGLE_USE,bronchoscope,single_use_video_bronchoscope,"SRC089: Rendered PDF page 5, visually confirmed model/specification table | SRC101: K222910, applicant and device-description sections | SRC100: Single-use bronchoscope model/specification table | SRC102: AccessGUDID Primary DI 06970462546108"
PRD-39C1BDB306,"Shenzhen HugeMed Medical Technical Development Co., Ltd.",BR-M40,,BR-M40 Single-Use Flexible Bronchoscope,owner_pdf,verified_source,hidden,FLEX_SCOPE_SINGLE_USE,bronchoscope,single_use_video_bronchoscope,"SRC089: Rendered PDF page 5, visually confirmed model/specification table | SRC101: K222910, applicant and device-description sections | SRC100: Single-use bronchoscope model/specification table | SRC102: AccessGUDID Primary DI 06970462546092"
PRD-48F43B9C6A,"Shenzhen HugeMed Medical Technical Development Co., Ltd.",BR-M50,,BR-M50 Single-Use Flexible Bronchoscope,owner_pdf,verified_source,hidden,FLEX_SCOPE_SINGLE_USE,bronchoscope,single_use_video_bronchoscope,"SRC089: Rendered PDF page 5, visually confirmed model/specification table | SRC101: K222910, applicant and device-description sections | SRC100: Single-use bronchoscope model/specification table | SRC102: AccessGUDID Primary DI 06970462546085"
PRD-4E7880DB69,"Shenzhen HugeMed Medical Technical Development Co., Ltd.",BR-M58,,BR-M58 Single-Use Flexible Bronchoscope,owner_pdf,verified_source,hidden,FLEX_SCOPE_SINGLE_USE,bronchoscope,single_use_video_bronchoscope,"SRC089: Rendered PDF page 5, visually confirmed model/specification table | SRC101: K222910, applicant and device-description sections | SRC100: Single-use bronchoscope model/specification table | SRC102: AccessGUDID Primary DI 06970462546061"
PRD-A3852DB56A,"Shenzhen HugeMed Medical Technical Development Co., Ltd.",BR-M40H,,BR-M40H HD Single-Use Flexible Bronchoscope,owner_pdf,verified_source,hidden,FLEX_SCOPE_SINGLE_USE,bronchoscope,single_use_video_bronchoscope,"SRC089: Rendered PDF page 5, visually confirmed model/specification table | SRC101: K222910, applicant and device-description sections | SRC102: AccessGUDID Primary DI 06970462546184"
PRD-961C4B6422,"Shenzhen HugeMed Medical Technical Development Co., Ltd.",BR-M52H,,BR-M52H HD Single-Use Flexible Bronchoscope,owner_pdf,verified_source,hidden,FLEX_SCOPE_SINGLE_USE,bronchoscope,single_use_video_bronchoscope,"SRC089: Rendered PDF page 5, visually confirmed model/specification table | SRC101: K222910, applicant and device-description sections | SRC102: AccessGUDID Primary DI 06970462546177"
PRD-B02CF0A059,"Shenzhen HugeMed Medical Technical Development Co., Ltd.",BR-M58H,,BR-M58H HD Single-Use Flexible Bronchoscope,owner_pdf,verified_source,hidden,FLEX_SCOPE_SINGLE_USE,bronchoscope,single_use_video_bronchoscope,"SRC089: Rendered PDF page 5, visually confirmed model/specification table | SRC101: K222910, applicant and device-description sections | SRC102: AccessGUDID Primary DI 06970462546160"
PRD-2CD37C1E67,CLR Medical,S012-01-200,,CLR Irrigation and Drainage Kit,owner_pdf,verified_source,hidden,PLEURAL_DRAINAGE_ACCESSORY,pleural_drainage,pleural_drainage_accessory,"SRC089: Rendered PDF page 6, CLR irrigation-system component panel | SRC103: CLR product pages and component IFUs | SRC104: AccessGUDID Primary DI 00860003054949"
PRD-2FA3F3A0DD,CLR Medical,S012-01-100,,CLR Port,owner_pdf,verified_source,hidden,PLEURAL_DRAINAGE_ACCESSORY,pleural_drainage,pleural_drainage_accessory,"SRC089: Rendered PDF page 6, CLR irrigation-system component panel | SRC103: CLR product pages and component IFUs | SRC104: AccessGUDID Primary DI 00860003054918"
PRD-BC2856A7CB,CLR Medical,S012-01-016,,CLR Port Injector,owner_pdf,verified_source,hidden,PLEURAL_DRAINAGE_ACCESSORY,pleural_drainage,pleural_drainage_accessory,"SRC089: Rendered PDF page 6, CLR irrigation-system component panel | SRC103: CLR product pages and component IFUs | SRC104: AccessGUDID Primary DI 00850052377007"
PRD-D59133B2EE,CLR Medical,S012-01-015,,CLR Port Cap,owner_pdf,verified_source,hidden,PLEURAL_DRAINAGE_ACCESSORY,pleural_drainage,pleural_drainage_accessory,"SRC089: Rendered PDF page 6, CLR irrigation-system component panel | SRC103: CLR product pages and component IFUs | SRC104: AccessGUDID Primary DI 00860003054994"
PRD-003C4641E6,CLR Medical,S012-01-019,,CLR Irrigator,owner_pdf,verified_source,hidden,PLEURAL_DRAINAGE_ACCESSORY,other_needs_review,unclassified_device,"SRC089: Rendered PDF page 6, CLR Irrigator panel | SRC103: CLR Irrigator IFU LBL S012-01-203 Rev D | SRC104: AccessGUDID Primary DI 00860003054901"
PRD-7793F60F05,Cook Medical,G06885,C-TQTSY-1000,Thal-Quick Chest Tube Tray — 10 Fr,old_corpus,verified_source,hidden,CHEST_TUBE_SMALL_BORE,pleural_drainage,thoracic_catheter,"SRC105: PDF page 4 of 35, Tray ordering row (order number G06885, reference part number C-TQTSY-1000)"
PRD-D060A8BE6C,Cook Medical,G05464,C-TQTSY-1200,Thal-Quick Chest Tube Tray — 12 Fr,old_corpus,verified_source,hidden,CHEST_TUBE_SMALL_BORE,pleural_drainage,thoracic_catheter,"SRC105: PDF page 6 of 35, Tray ordering row (order number G05464, reference part number C-TQTSY-1200)"
PRD-78176D6C9C,Cook Medical,G07090,C-TQTSY-1400,Thal-Quick Chest Tube Tray — 14 Fr,old_corpus,verified_source,hidden,CHEST_TUBE_SMALL_BORE,pleural_drainage,thoracic_catheter,"SRC105: PDF page 8 of 35, Tray ordering row (order number G07090, reference part number C-TQTSY-1400)"
PRD-B0A5A793EA,Cook Medical,G04220,C-TQTSY-2400,Thal-Quick Chest Tube Tray — 24 Fr,old_corpus,verified_source,hidden,CHEST_TUBE_LARGE_BORE,pleural_drainage,thoracic_catheter,"SRC105: PDF page 16 of 35, Tray ordering row (order number G04220, reference part number C-TQTSY-2400)"
PRD-83ABCBA52B,Cook Medical,G02327,CTU14.0-40-ST,Vinyl Connecting Tube — 14 Fr x 40 cm with Stopcock,old_corpus,verified_source,hidden,PLEURAL_DRAINAGE_ACCESSORY,pleural_drainage,pleural_drainage_accessory,"SRC076: PDF page 17 of 20, Vinyl Connecting Tube ordering table, 2-way stopcock row (order number G02327, reference part number CTU14.0-40-ST)"
PRD-40A16220EC,Cook Medical,G02791,CTU14.0-30,Vinyl Connecting Tube — 14 Fr x 30 cm Luer Lock,old_corpus,verified_source,hidden,PLEURAL_DRAINAGE_ACCESSORY,pleural_drainage,pleural_drainage_accessory,"SRC076: PDF page 17 of 20, Vinyl Connecting Tube ordering table, Luer Lock (without a 2-way stopcock) row (order number G02791, reference part number CTU14.0-30)"
PRD-27F927260E,Cook Medical,G36370,C-CDV-1,Cook Chest Drain Valve,old_corpus,verified_source,hidden,PLEURAL_DRAINAGE_ACCESSORY,pleural_drainage,pleural_drainage_accessory,"SRC076: PDF page 16 of 20, Simple Pneumothorax Aspiration Accessory Set ordering table, Cook Chest Drain Valve Only row (order number G36370, reference part number C-CDV-1)"
PRD-B76AF3D731,Cook Medical,G57682,C-PTIS-100-HC-G-NA,Blue Rhino G2-Multi Percutaneous Tracheostomy Set,old_corpus,verified_source,hidden,PERC_TRACH_KIT,other_needs_review,unclassified_device,"SRC074: PDF page 47 of 66, ""Sets without tracheostomy tube"" ordering row (order number G57682, reference part number C-PTIS-100-HC-G-NA)"
PRD-D0F1748B0D,Cook Medical,G57683,C-PTIS-100-UNS-HC-G-NA,Blue Rhino G2-Multi Percutaneous Tracheostomy Set,old_corpus,verified_source,hidden,PERC_TRACH_KIT,other_needs_review,unclassified_device,"SRC074: PDF page 50 of 66, ""Sets without tracheostomy tube"" ordering row (order number G57683, reference part number C-PTIS-100-UNS-HC-G-NA)"
PRD-86B4C57E4C,Cook Medical,G57684,C-PTIS-100-UNL-HC-G-NA,Blue Rhino G2-Multi Percutaneous Tracheostomy Set,old_corpus,verified_source,hidden,PERC_TRACH_KIT,other_needs_review,unclassified_device,"SRC074: PDF page 52 of 66, ""Sets without tracheostomy tube"" ordering row (order number G57684, reference part number C-PTIS-100-UNL-HC-G-NA)"
PRD-18D0D3090E,Cook Medical,G57691,C-PTIS-100-HC-G-NA-FLEX7.5,Blue Rhino G2-Multi Percutaneous Tracheostomy Set with 7.5 mm Shiley Flexible Adult Tube,old_corpus,verified_source,hidden,PERC_TRACH_KIT,other_needs_review,unclassified_device,"SRC074: PDF page 54 of 66, ""Sets with tracheostomy tube"" ordering row (order number G57691, reference part number C-PTIS-100-HC-G-NA-FLEX7.5)"
PRD-9EE9380618,Cook Medical,G57692,C-PTIS-100-HC-G-NA-FLEX8.5,Blue Rhino G2-Multi Percutaneous Tracheostomy Set with 8.5 mm Shiley Flexible Adult Tube,old_corpus,verified_source,hidden,PERC_TRACH_KIT,other_needs_review,unclassified_device,"SRC074: PDF page 56 of 66, ""Sets with tracheostomy tube"" ordering row (order number G57692, reference part number C-PTIS-100-HC-G-NA-FLEX8.5)"
PRD-F93B7FF984,Cook Medical,G57693,C-PTIS-100-HC-G-NA-EVAC7.5,Blue Rhino G2-Multi Percutaneous Tracheostomy Set with 7.5 mm Shiley Evac Tube,old_corpus,verified_source,hidden,PERC_TRACH_KIT,other_needs_review,unclassified_device,"SRC074: PDF page 59 of 66, ""Sets with tracheostomy tube"" ordering row (order number G57693, reference part number C-PTIS-100-HC-G-NA-EVAC7.5)"
PRD-0FD8BE79BA,Cook Medical,G57694,C-PTIS-100-HC-G-NA-EVAC8.5,Blue Rhino G2-Multi Percutaneous Tracheostomy Set with 8.5 mm Shiley Evac Tube,old_corpus,verified_source,hidden,PERC_TRACH_KIT,other_needs_review,unclassified_device,"SRC074: PDF page 61 of 66, ""Sets with tracheostomy tube"" ordering row (order number G57694, reference part number C-PTIS-100-HC-G-NA-EVAC8.5)"
PRD-61930EA6FF,Cook Medical,G57707,C-PTISYJ-100-HC-G-NA,Blue Rhino G2-Multi Percutaneous Tracheostomy Tray without Pharmaceuticals,old_corpus,verified_source,hidden,PERC_TRACH_KIT,other_needs_review,unclassified_device,"SRC074: PDF page 26 of 66, ""Trays without pharmaceuticals, without tracheostomy tube"" ordering row (order number G57707, reference part number C-PTISYJ-100-HC-G-NA)"
PRD-39295A9759,Cook Medical,G57708,C-PTISYJ-100-UNS-HC-G-NA,Blue Rhino G2-Multi Percutaneous Tracheostomy Tray without Pharmaceuticals,old_corpus,verified_source,hidden,PERC_TRACH_KIT,other_needs_review,unclassified_device,"SRC074: PDF page 29 of 66, ""Trays without pharmaceuticals, without tracheostomy tube"" ordering row (order number G57708, reference part number C-PTISYJ-100-UNS-HC-G-NA)"
PRD-25412B4F20,Cook Medical,G57709,C-PTISYJ-100-UNL-HC-G-NA,Blue Rhino G2-Multi Percutaneous Tracheostomy Tray without Pharmaceuticals,old_corpus,verified_source,hidden,PERC_TRACH_KIT,other_needs_review,unclassified_device,"SRC074: PDF page 32 of 66, ""Trays without pharmaceuticals, without tracheostomy tube"" ordering row (order number G57709, reference part number C-PTISYJ-100-UNL-HC-G-NA)"
PRD-318DD7F80F,Cook Medical,G57719,C-PTISY-100-HC-G-NA-EVAC8.5,Blue Rhino G2-Multi Percutaneous Tracheostomy Tray with 8.5 mm Shiley Evac Tube,old_corpus,verified_source,hidden,PERC_TRACH_KIT,other_needs_review,unclassified_device,"SRC074: PDF page 23 of 66, ""Trays with pharmaceuticals, with tracheostomy tube"" ordering row (order number G57719, reference part number C-PTISY-100-HC-G-NA-EVAC8.5)"
PRD-FF056E168C,Cook Medical,G57720,C-PTISYJ-100-HC-G-NA-FLEX7.5,Blue Rhino G2-Multi Percutaneous Tracheostomy Tray without Pharmaceuticals with 7.5 mm Shiley Flexible Adult Tube,old_corpus,verified_source,hidden,PERC_TRACH_KIT,other_needs_review,unclassified_device,"SRC074: PDF page 35 of 66, ""Trays without pharmaceuticals, with tracheostomy tube"" ordering row (order number G57720, reference part number C-PTISYJ-100-HC-G-NA-FLEX7.5)"
PRD-131661EB7C,Cook Medical,G57721,C-PTISYJ-100-HC-G-NA-FLEX8.5,Blue Rhino G2-Multi Percutaneous Tracheostomy Tray without Pharmaceuticals with 8.5 mm Shiley Flexible Adult Tube,old_corpus,verified_source,hidden,PERC_TRACH_KIT,other_needs_review,unclassified_device,"SRC074: PDF page 38 of 66, ""Trays without pharmaceuticals, with tracheostomy tube"" ordering row (order number G57721, reference part number C-PTISYJ-100-HC-G-NA-FLEX8.5)"
PRD-0B0CC1045A,Cook Medical,G57722,C-PTISYJ-100-HC-G-NA-EVAC7.5,Blue Rhino G2-Multi Percutaneous Tracheostomy Tray without Pharmaceuticals with 7.5 mm Shiley Evac Tube,old_corpus,verified_source,hidden,PERC_TRACH_KIT,other_needs_review,unclassified_device,"SRC074: PDF page 41 of 66, ""Trays without pharmaceuticals, with tracheostomy tube"" ordering row (order number G57722, reference part number C-PTISYJ-100-HC-G-NA-EVAC7.5)"
PRD-90327D4D73,Cook Medical,G57723,C-PTISYJ-100-HC-G-NA-EVAC8.5,Blue Rhino G2-Multi Percutaneous Tracheostomy Tray without Pharmaceuticals with 8.5 mm Shiley Evac Tube,old_corpus,verified_source,hidden,PERC_TRACH_KIT,other_needs_review,unclassified_device,"SRC074: PDF page 44 of 66, ""Trays without pharmaceuticals, with tracheostomy tube"" ordering row (order number G57723, reference part number C-PTISYJ-100-HC-G-NA-EVAC8.5)"
PRD-A0655BF464,Karl Storz,10350F,,"Optical Forceps, large jaws, blunt",old_corpus,verified_source,hidden,RIGID_FORCEPS,forceps_instrument,optical_rigid_forceps,"SRC107: PDF page 49, product card ""Item no: 10350F / Optical Forceps, large jaws, blunt"" (card specifications continue on capture page 50)"
PRD-D13A7A8211,Novatech,01BD1020,,GSS BD Bronchial Stent,old_corpus,verified_source,hidden,AIRWAY_STENT_SILICONE_STRAIGHT,airway_stent,silicone_straight_stent,"SRC106: PDF page 12, GSS BD Bronchial Stent table, reference 01BD1020"
PRD-6C3C818624,Novatech,01BD1030,,GSS BD Bronchial Stent,old_corpus,verified_source,hidden,AIRWAY_STENT_SILICONE_STRAIGHT,airway_stent,silicone_straight_stent,"SRC106: PDF page 12, GSS BD Bronchial Stent table, reference 01BD1030"
PRD-52D3317209,Novatech,01BD1050,,GSS BD Bronchial Stent,old_corpus,verified_source,hidden,AIRWAY_STENT_SILICONE_STRAIGHT,airway_stent,silicone_straight_stent,"SRC106: PDF page 12, GSS BD Bronchial Stent table, reference 01BD1050"
PRD-DBEAA70E14,Novatech,01BD1060,,GSS BD Bronchial Stent,old_corpus,verified_source,hidden,AIRWAY_STENT_SILICONE_STRAIGHT,airway_stent,silicone_straight_stent,"SRC106: PDF page 12, GSS BD Bronchial Stent table, reference 01BD1060"
PRD-999435B5F2,Novatech,01BD1070,,GSS BD Bronchial Stent,old_corpus,verified_source,hidden,AIRWAY_STENT_SILICONE_STRAIGHT,airway_stent,silicone_straight_stent,"SRC106: PDF page 13, GSS BD Bronchial Stent table, reference 01BD1070"
PRD-834C88FA6C,Novatech,01BD1120,,GSS BD Bronchial Stent,old_corpus,verified_source,hidden,AIRWAY_STENT_SILICONE_STRAIGHT,airway_stent,silicone_straight_stent,"SRC106: PDF page 12, GSS BD Bronchial Stent table, reference 01BD1120"
PRD-CE40BBC605,Novatech,01BD1130,,GSS BD Bronchial Stent,old_corpus,verified_source,hidden,AIRWAY_STENT_SILICONE_STRAIGHT,airway_stent,silicone_straight_stent,"SRC106: PDF page 12, GSS BD Bronchial Stent table, reference 01BD1130"
PRD-FC9576E2DA,Novatech,01BD1140,,GSS BD Bronchial Stent,old_corpus,verified_source,hidden,AIRWAY_STENT_SILICONE_STRAIGHT,airway_stent,silicone_straight_stent,"SRC106: PDF page 12, GSS BD Bronchial Stent table, reference 01BD1140"
PRD-232789C6C1,Novatech,01BD1150,,GSS BD Bronchial Stent,old_corpus,verified_source,hidden,AIRWAY_STENT_SILICONE_STRAIGHT,airway_stent,silicone_straight_stent,"SRC106: PDF page 12, GSS BD Bronchial Stent table, reference 01BD1150"
PRD-BA2729925D,Novatech,01BD1160,,GSS BD Bronchial Stent,old_corpus,verified_source,hidden,AIRWAY_STENT_SILICONE_STRAIGHT,airway_stent,silicone_straight_stent,"SRC106: PDF page 12, GSS BD Bronchial Stent table, reference 01BD1160"
PRD-774F5269E2,Novatech,01BD1170,,GSS BD Bronchial Stent,old_corpus,verified_source,hidden,AIRWAY_STENT_SILICONE_STRAIGHT,airway_stent,silicone_straight_stent,"SRC106: PDF page 13, GSS BD Bronchial Stent table, reference 01BD1170"
PRD-AD18CD2649,Novatech,01BD1220,,GSS BD Bronchial Stent,old_corpus,verified_source,hidden,AIRWAY_STENT_SILICONE_STRAIGHT,airway_stent,silicone_straight_stent,"SRC106: PDF page 12, GSS BD Bronchial Stent table, reference 01BD1220"
PRD-D73935B1E8,Novatech,01BD1230,,GSS BD Bronchial Stent,old_corpus,verified_source,hidden,AIRWAY_STENT_SILICONE_STRAIGHT,airway_stent,silicone_straight_stent,"SRC106: PDF page 12, GSS BD Bronchial Stent table, reference 01BD1230"
PRD-366B39FF6B,Novatech,01BD1240,,GSS BD Bronchial Stent,old_corpus,verified_source,hidden,AIRWAY_STENT_SILICONE_STRAIGHT,airway_stent,silicone_straight_stent,"SRC106: PDF page 12, GSS BD Bronchial Stent table, reference 01BD1240"
PRD-4C7DAEBAE7,Novatech,01BD1250,,GSS BD Bronchial Stent,old_corpus,verified_source,hidden,AIRWAY_STENT_SILICONE_STRAIGHT,airway_stent,silicone_straight_stent,"SRC106: PDF page 12, GSS BD Bronchial Stent table, reference 01BD1250"
PRD-7E4E2B9FDC,Novatech,01BD1260,,GSS BD Bronchial Stent,old_corpus,verified_source,hidden,AIRWAY_STENT_SILICONE_STRAIGHT,airway_stent,silicone_straight_stent,"SRC106: PDF page 12, GSS BD Bronchial Stent table, reference 01BD1260"
PRD-3A150854E1,Novatech,01BD1270,,GSS BD Bronchial Stent,old_corpus,verified_source,hidden,AIRWAY_STENT_SILICONE_STRAIGHT,airway_stent,silicone_straight_stent,"SRC106: PDF page 13, GSS BD Bronchial Stent table, reference 01BD1270"
PRD-B29FAADB4A,Novatech,01BD1280,,GSS BD Bronchial Stent,old_corpus,verified_source,hidden,AIRWAY_STENT_SILICONE_STRAIGHT,airway_stent,silicone_straight_stent,"SRC106: PDF page 13, GSS BD Bronchial Stent table, reference 01BD1280"
PRD-CDD970B82B,Novatech,01DST141214,,GSS DST Hourglass Stent,old_corpus,verified_source,hidden,AIRWAY_STENT_SILICONE_HOURGLASS,airway_stent,silicone_hourglass_stent,"SRC106: PDF page 15, GSS DST Hourglass Stent table, reference 01DST141214"
PRD-32BF963169,Novatech,01DST161416,,GSS DST Hourglass Stent,old_corpus,verified_source,hidden,AIRWAY_STENT_SILICONE_HOURGLASS,airway_stent,silicone_hourglass_stent,"SRC106: PDF page 15, GSS DST Hourglass Stent table, reference 01DST161416"
PRD-D141CFA4EF,Novatech,01DST181618,,GSS DST Hourglass Stent,old_corpus,verified_source,hidden,AIRWAY_STENT_SILICONE_HOURGLASS,airway_stent,silicone_hourglass_stent,"SRC106: PDF page 15, GSS DST Hourglass Stent table, reference 01DST181618"
PRD-3B47B1AB00,Novatech,01OKI130910,,GSS OKI Oblique Stent,old_corpus,verified_source,hidden,AIRWAY_STENT_SILICONE_Y,airway_stent,silicone_y_stent,"SRC106: PDF page 14, GSS OKI Oblique Stent table, reference 01OKI130910"
PRD-1FF342CE0D,Novatech,01ST121012,,GSS ST Hourglass Stent,old_corpus,verified_source,hidden,AIRWAY_STENT_SILICONE_HOURGLASS,airway_stent,silicone_hourglass_stent,"SRC106: PDF page 15, GSS ST Hourglass Stent table, reference 01ST121012"
PRD-C92DE7A290,Novatech,01ST141214,,GSS ST Hourglass Stent,old_corpus,verified_source,hidden,AIRWAY_STENT_SILICONE_HOURGLASS,airway_stent,silicone_hourglass_stent,"SRC106: PDF page 15, GSS ST Hourglass Stent table, reference 01ST141214"
PRD-52F1053FEF,Novatech,01ST151315,,GSS ST Hourglass Stent,old_corpus,verified_source,hidden,AIRWAY_STENT_SILICONE_HOURGLASS,airway_stent,silicone_hourglass_stent,"SRC106: PDF page 15, GSS ST Hourglass Stent table, reference 01ST151315"
PRD-2414844270,Novatech,01ST161416,,GSS ST Hourglass Stent,old_corpus,verified_source,hidden,AIRWAY_STENT_SILICONE_HOURGLASS,airway_stent,silicone_hourglass_stent,"SRC106: PDF page 15, GSS ST Hourglass Stent table, reference 01ST161416"
PRD-1FD99C1C80,Novatech,01ST181618,,GSS ST Hourglass Stent,old_corpus,verified_source,hidden,AIRWAY_STENT_SILICONE_HOURGLASS,airway_stent,silicone_hourglass_stent,"SRC106: PDF page 15, GSS ST Hourglass Stent table, reference 01ST181618"
PRD-F4AE2A74E6,Novatech,01TD1120,,GSS TD Tracheal Stent,old_corpus,verified_source,hidden,AIRWAY_STENT_SILICONE_STRAIGHT,airway_stent,silicone_straight_stent,"SRC106: PDF page 12, GSS TD Tracheal Stent table, reference 01TD1120"
PRD-019F07860E,Novatech,01TD1130,,GSS TD Tracheal Stent,old_corpus,verified_source,hidden,AIRWAY_STENT_SILICONE_STRAIGHT,airway_stent,silicone_straight_stent,"SRC106: PDF page 12, GSS TD Tracheal Stent table, reference 01TD1130"
PRD-2DDE688499,Novatech,01TD1140,,GSS TD Tracheal Stent,old_corpus,verified_source,hidden,AIRWAY_STENT_SILICONE_STRAIGHT,airway_stent,silicone_straight_stent,"SRC106: PDF page 12, GSS TD Tracheal Stent table, reference 01TD1140"
PRD-276127E04A,Novatech,01TD1150,,GSS TD Tracheal Stent,old_corpus,verified_source,hidden,AIRWAY_STENT_SILICONE_STRAIGHT,airway_stent,silicone_straight_stent,"SRC106: PDF page 12, GSS TD Tracheal Stent table, reference 01TD1150"
PRD-6F78474D2A,Novatech,01TD1160,,GSS TD Tracheal Stent,old_corpus,verified_source,hidden,AIRWAY_STENT_SILICONE_STRAIGHT,airway_stent,silicone_straight_stent,"SRC106: PDF page 12, GSS TD Tracheal Stent table, reference 01TD1160"
PRD-F76492101A,Novatech,01TD1170,,GSS TD Tracheal Stent,old_corpus,verified_source,hidden,AIRWAY_STENT_SILICONE_STRAIGHT,airway_stent,silicone_straight_stent,"SRC106: PDF page 13, GSS TD Tracheal Stent table, reference 01TD1170"
PRD-9F6EC5CD84,Novatech,01TD1180,,GSS TD Tracheal Stent,old_corpus,verified_source,hidden,AIRWAY_STENT_SILICONE_STRAIGHT,airway_stent,silicone_straight_stent,"SRC106: PDF page 13, GSS TD Tracheal Stent table, reference 01TD1180"
PRD-7445BA4E0F,Novatech,01TD1220,,GSS TD Tracheal Stent,old_corpus,verified_source,hidden,AIRWAY_STENT_SILICONE_STRAIGHT,airway_stent,silicone_straight_stent,"SRC106: PDF page 12, GSS TD Tracheal Stent table, reference 01TD1220"
PRD-16087EF21E,Novatech,01TD1230,,GSS TD Tracheal Stent,old_corpus,verified_source,hidden,AIRWAY_STENT_SILICONE_STRAIGHT,airway_stent,silicone_straight_stent,"SRC106: PDF page 12, GSS TD Tracheal Stent table, reference 01TD1230"
PRD-3986FCB7FE,Novatech,01TD1240,,GSS TD Tracheal Stent,old_corpus,verified_source,hidden,AIRWAY_STENT_SILICONE_STRAIGHT,airway_stent,silicone_straight_stent,"SRC106: PDF page 12, GSS TD Tracheal Stent table, reference 01TD1240"
PRD-56C6C135B4,Novatech,01TD1250,,GSS TD Tracheal Stent,old_corpus,verified_source,hidden,AIRWAY_STENT_SILICONE_STRAIGHT,airway_stent,silicone_straight_stent,"SRC106: PDF page 12, GSS TD Tracheal Stent table, reference 01TD1250"
PRD-DD508FDC2F,Novatech,01TD1270,,GSS TD Tracheal Stent,old_corpus,verified_source,hidden,AIRWAY_STENT_SILICONE_STRAIGHT,airway_stent,silicone_straight_stent,"SRC106: PDF page 13, GSS TD Tracheal Stent table, reference 01TD1270"
PRD-13D5B75D62,Novatech,01TD1280,,GSS TD Tracheal Stent,old_corpus,verified_source,hidden,AIRWAY_STENT_SILICONE_STRAIGHT,airway_stent,silicone_straight_stent,"SRC106: PDF page 13, GSS TD Tracheal Stent table, reference 01TD1280"
PRD-463BA2D412,Novatech,01TD1330,,GSS TD Tracheal Stent,old_corpus,verified_source,hidden,AIRWAY_STENT_SILICONE_STRAIGHT,airway_stent,silicone_straight_stent,"SRC106: PDF page 12, GSS TD Tracheal Stent table, reference 01TD1330"
PRD-DBEEFE82FF,Novatech,01TD1340,,GSS TD Tracheal Stent,old_corpus,verified_source,hidden,AIRWAY_STENT_SILICONE_STRAIGHT,airway_stent,silicone_straight_stent,"SRC106: PDF page 12, GSS TD Tracheal Stent table, reference 01TD1340"
PRD-81640EACFF,Novatech,01TD1350,,GSS TD Tracheal Stent,old_corpus,verified_source,hidden,AIRWAY_STENT_SILICONE_STRAIGHT,airway_stent,silicone_straight_stent,"SRC106: PDF page 12, GSS TD Tracheal Stent table, reference 01TD1350"
PRD-347CF3D4E6,Novatech,01TD1360,,GSS TD Tracheal Stent,old_corpus,verified_source,hidden,AIRWAY_STENT_SILICONE_STRAIGHT,airway_stent,silicone_straight_stent,"SRC106: PDF page 12, GSS TD Tracheal Stent table, reference 01TD1360"
PRD-2098582C05,Novatech,01TD1370,,GSS TD Tracheal Stent,old_corpus,verified_source,hidden,AIRWAY_STENT_SILICONE_STRAIGHT,airway_stent,silicone_straight_stent,"SRC106: PDF page 13, GSS TD Tracheal Stent table, reference 01TD1370"
PRD-CEF84007CF,Novatech,01TD1380,,GSS TD Tracheal Stent,old_corpus,verified_source,hidden,AIRWAY_STENT_SILICONE_STRAIGHT,airway_stent,silicone_straight_stent,"SRC106: PDF page 13, GSS TD Tracheal Stent table, reference 01TD1380"
PRD-3E26A24907,Novatech,01TD1430,,GSS TD Tracheal Stent,old_corpus,verified_source,hidden,AIRWAY_STENT_SILICONE_STRAIGHT,airway_stent,silicone_straight_stent,"SRC106: PDF page 12, GSS TD Tracheal Stent table, reference 01TD1430"
PRD-9ED4F80417,Novatech,01TD1440,,GSS TD Tracheal Stent,old_corpus,verified_source,hidden,AIRWAY_STENT_SILICONE_STRAIGHT,airway_stent,silicone_straight_stent,"SRC106: PDF page 12, GSS TD Tracheal Stent table, reference 01TD1440"
PRD-3A88D5EB25,Novatech,01TD1450,,GSS TD Tracheal Stent,old_corpus,verified_source,hidden,AIRWAY_STENT_SILICONE_STRAIGHT,airway_stent,silicone_straight_stent,"SRC106: PDF page 12, GSS TD Tracheal Stent table, reference 01TD1450"
PRD-BE8B4A277C,Novatech,01TD1460,,GSS TD Tracheal Stent,old_corpus,verified_source,hidden,AIRWAY_STENT_SILICONE_STRAIGHT,airway_stent,silicone_straight_stent,"SRC106: PDF page 12, GSS TD Tracheal Stent table, reference 01TD1460"
PRD-9529C72074,Novatech,01TD1470,,GSS TD Tracheal Stent,old_corpus,verified_source,hidden,AIRWAY_STENT_SILICONE_STRAIGHT,airway_stent,silicone_straight_stent,"SRC106: PDF page 13, GSS TD Tracheal Stent table, reference 01TD1470"
PRD-61727E3C96,Novatech,01TD1480,,GSS TD Tracheal Stent,old_corpus,verified_source,hidden,AIRWAY_STENT_SILICONE_STRAIGHT,airway_stent,silicone_straight_stent,"SRC106: PDF page 13, GSS TD Tracheal Stent table, reference 01TD1480"
PRD-1C9FDC1255,Novatech,01TD15100,,GSS TD Tracheal Stent,old_corpus,verified_source,hidden,AIRWAY_STENT_SILICONE_STRAIGHT,airway_stent,silicone_straight_stent,"SRC106: PDF page 13, GSS TD Tracheal Stent table, reference 01TD15100"
PRD-BE7AE1B706,Novatech,01TD15110,,GSS TD Tracheal Stent,old_corpus,verified_source,hidden,AIRWAY_STENT_SILICONE_STRAIGHT,airway_stent,silicone_straight_stent,"SRC106: PDF page 13, GSS TD Tracheal Stent table, reference 01TD15110"
PRD-4EB1471E00,Novatech,01TD1530,,GSS TD Tracheal Stent,old_corpus,verified_source,hidden,AIRWAY_STENT_SILICONE_STRAIGHT,airway_stent,silicone_straight_stent,"SRC106: PDF page 12, GSS TD Tracheal Stent table, reference 01TD1530"
PRD-FA89A93009,Novatech,01TD1540,,GSS TD Tracheal Stent,old_corpus,verified_source,hidden,AIRWAY_STENT_SILICONE_STRAIGHT,airway_stent,silicone_straight_stent,"SRC106: PDF page 12, GSS TD Tracheal Stent table, reference 01TD1540"
PRD-CE0D740AA5,Novatech,01TD1550,,GSS TD Tracheal Stent,old_corpus,verified_source,hidden,AIRWAY_STENT_SILICONE_STRAIGHT,airway_stent,silicone_straight_stent,"SRC106: PDF page 12, GSS TD Tracheal Stent table, reference 01TD1550"
PRD-1177EAE01C,Novatech,01TD1560,,GSS TD Tracheal Stent,old_corpus,verified_source,hidden,AIRWAY_STENT_SILICONE_STRAIGHT,airway_stent,silicone_straight_stent,"SRC106: PDF page 12, GSS TD Tracheal Stent table, reference 01TD1560"
PRD-2AF0108F60,Novatech,01TD1570,,GSS TD Tracheal Stent,old_corpus,verified_source,hidden,AIRWAY_STENT_SILICONE_STRAIGHT,airway_stent,silicone_straight_stent,"SRC106: PDF page 13, GSS TD Tracheal Stent table, reference 01TD1570"
PRD-1732BD35FF,Novatech,01TD1580,,GSS TD Tracheal Stent,old_corpus,verified_source,hidden,AIRWAY_STENT_SILICONE_STRAIGHT,airway_stent,silicone_straight_stent,"SRC106: PDF page 13, GSS TD Tracheal Stent table, reference 01TD1580"
PRD-ED8351E635,Novatech,01TD1590,,GSS TD Tracheal Stent,old_corpus,verified_source,hidden,AIRWAY_STENT_SILICONE_STRAIGHT,airway_stent,silicone_straight_stent,"SRC106: PDF page 13, GSS TD Tracheal Stent table, reference 01TD1590"
PRD-5835D2C88F,Novatech,01TD16110,,GSS TD Tracheal Stent,old_corpus,verified_source,hidden,AIRWAY_STENT_SILICONE_STRAIGHT,airway_stent,silicone_straight_stent,"SRC106: PDF page 13, GSS TD Tracheal Stent table, reference 01TD16110"
PRD-3463CE8678,Novatech,01TD1630,,GSS TD Tracheal Stent,old_corpus,verified_source,hidden,AIRWAY_STENT_SILICONE_STRAIGHT,airway_stent,silicone_straight_stent,"SRC106: PDF page 12, GSS TD Tracheal Stent table, reference 01TD1630"
PRD-CD3E9E65EF,Novatech,01TD1640,,GSS TD Tracheal Stent,old_corpus,verified_source,hidden,AIRWAY_STENT_SILICONE_STRAIGHT,airway_stent,silicone_straight_stent,"SRC106: PDF page 12, GSS TD Tracheal Stent table, reference 01TD1640"
PRD-8C0A788C05,Novatech,01TD1650,,GSS TD Tracheal Stent,old_corpus,verified_source,hidden,AIRWAY_STENT_SILICONE_STRAIGHT,airway_stent,silicone_straight_stent,"SRC106: PDF page 12, GSS TD Tracheal Stent table, reference 01TD1650"
PRD-2CED104B04,Novatech,01TD1660,,GSS TD Tracheal Stent,old_corpus,verified_source,hidden,AIRWAY_STENT_SILICONE_STRAIGHT,airway_stent,silicone_straight_stent,"SRC106: PDF page 12, GSS TD Tracheal Stent table, reference 01TD1660"
PRD-7C9F7DB2C9,Novatech,01TD1670,,GSS TD Tracheal Stent,old_corpus,verified_source,hidden,AIRWAY_STENT_SILICONE_STRAIGHT,airway_stent,silicone_straight_stent,"SRC106: PDF page 13, GSS TD Tracheal Stent table, reference 01TD1670"
PRD-A11D1CECF1,Novatech,01TD1680,,GSS TD Tracheal Stent,old_corpus,verified_source,hidden,AIRWAY_STENT_SILICONE_STRAIGHT,airway_stent,silicone_straight_stent,"SRC106: PDF page 13, GSS TD Tracheal Stent table, reference 01TD1680"
PRD-E3B4B4DAA7,Novatech,01TD1690,,GSS TD Tracheal Stent,old_corpus,verified_source,hidden,AIRWAY_STENT_SILICONE_STRAIGHT,airway_stent,silicone_straight_stent,"SRC106: PDF page 13, GSS TD Tracheal Stent table, reference 01TD1690"
PRD-B2522D8768,Novatech,01TD1840,,GSS TD Tracheal Stent,old_corpus,verified_source,hidden,AIRWAY_STENT_SILICONE_STRAIGHT,airway_stent,silicone_straight_stent,"SRC106: PDF page 12, GSS TD Tracheal Stent table, reference 01TD1840"
PRD-DB9A48291E,Novatech,01TD1850,,GSS TD Tracheal Stent,old_corpus,verified_source,hidden,AIRWAY_STENT_SILICONE_STRAIGHT,airway_stent,silicone_straight_stent,"SRC106: PDF page 12, GSS TD Tracheal Stent table, reference 01TD1850"
PRD-02DE06B9C9,Novatech,01TF1230,,GSS TF Thin Tracheal Stent,old_corpus,verified_source,hidden,AIRWAY_STENT_SILICONE_STRAIGHT,airway_stent,silicone_straight_stent,"SRC106: PDF page 12, GSS TF Thin Tracheal Stent table, reference 01TF1230"
PRD-3E8090F385,Novatech,01TF1240,,GSS TF Thin Tracheal Stent,old_corpus,verified_source,hidden,AIRWAY_STENT_SILICONE_STRAIGHT,airway_stent,silicone_straight_stent,"SRC106: PDF page 12, GSS TF Thin Tracheal Stent table, reference 01TF1240"
PRD-5F208B3FCD,Novatech,01TF1250,,GSS TF Thin Tracheal Stent,old_corpus,verified_source,hidden,AIRWAY_STENT_SILICONE_STRAIGHT,airway_stent,silicone_straight_stent,"SRC106: PDF page 12, GSS TF Thin Tracheal Stent table, reference 01TF1250"
PRD-D3FFC7F061,Novatech,01TF1260,,GSS TF Thin Tracheal Stent,old_corpus,verified_source,hidden,AIRWAY_STENT_SILICONE_STRAIGHT,airway_stent,silicone_straight_stent,"SRC106: PDF page 12, GSS TF Thin Tracheal Stent table, reference 01TF1260"
PRD-E9E6ABA91B,Novatech,01TF1270,,GSS TF Thin Tracheal Stent,old_corpus,verified_source,hidden,AIRWAY_STENT_SILICONE_STRAIGHT,airway_stent,silicone_straight_stent,"SRC106: PDF page 13, GSS TF Thin Tracheal Stent table, reference 01TF1270"
PRD-DFCDE71429,Novatech,01TF1280,,GSS TF Thin Tracheal Stent,old_corpus,verified_source,hidden,AIRWAY_STENT_SILICONE_STRAIGHT,airway_stent,silicone_straight_stent,"SRC106: PDF page 13, GSS TF Thin Tracheal Stent table, reference 01TF1280"
PRD-1A55FCEC7E,Novatech,01TF1330,,GSS TF Thin Tracheal Stent,old_corpus,verified_source,hidden,AIRWAY_STENT_SILICONE_STRAIGHT,airway_stent,silicone_straight_stent,"SRC106: PDF page 12, GSS TF Thin Tracheal Stent table, reference 01TF1330"
PRD-844FB6A5E1,Novatech,01TF1340,,GSS TF Thin Tracheal Stent,old_corpus,verified_source,hidden,AIRWAY_STENT_SILICONE_STRAIGHT,airway_stent,silicone_straight_stent,"SRC106: PDF page 12, GSS TF Thin Tracheal Stent table, reference 01TF1340"
PRD-520C940CFE,Novatech,01TF1350,,GSS TF Thin Tracheal Stent,old_corpus,verified_source,hidden,AIRWAY_STENT_SILICONE_STRAIGHT,airway_stent,silicone_straight_stent,"SRC106: PDF page 12, GSS TF Thin Tracheal Stent table, reference 01TF1350"
PRD-69E6517714,Novatech,01TF1360,,GSS TF Thin Tracheal Stent,old_corpus,verified_source,hidden,AIRWAY_STENT_SILICONE_STRAIGHT,airway_stent,silicone_straight_stent,"SRC106: PDF page 12, GSS TF Thin Tracheal Stent table, reference 01TF1360"
PRD-2B4FD782FC,Novatech,01TF1370,,GSS TF Thin Tracheal Stent,old_corpus,verified_source,hidden,AIRWAY_STENT_SILICONE_STRAIGHT,airway_stent,silicone_straight_stent,"SRC106: PDF page 13, GSS TF Thin Tracheal Stent table, reference 01TF1370"
PRD-39573A2536,Novatech,01TF1430,,GSS TF Thin Tracheal Stent,old_corpus,verified_source,hidden,AIRWAY_STENT_SILICONE_STRAIGHT,airway_stent,silicone_straight_stent,"SRC106: PDF page 12, GSS TF Thin Tracheal Stent table, reference 01TF1430"
PRD-5599EE7DDE,Novatech,01TF1440,,GSS TF Thin Tracheal Stent,old_corpus,verified_source,hidden,AIRWAY_STENT_SILICONE_STRAIGHT,airway_stent,silicone_straight_stent,"SRC106: PDF page 12, GSS TF Thin Tracheal Stent table, reference 01TF1440"
PRD-DCE2445A69,Novatech,01TF1460,,GSS TF Thin Tracheal Stent,old_corpus,verified_source,hidden,AIRWAY_STENT_SILICONE_STRAIGHT,airway_stent,silicone_straight_stent,"SRC106: PDF page 12, GSS TF Thin Tracheal Stent table, reference 01TF1460"
PRD-7ACB0B07FD,Novatech,01TF1470,,GSS TF Thin Tracheal Stent,old_corpus,verified_source,hidden,AIRWAY_STENT_SILICONE_STRAIGHT,airway_stent,silicone_straight_stent,"SRC106: PDF page 13, GSS TF Thin Tracheal Stent table, reference 01TF1470"
PRD-AE4F2E3EBE,Novatech,01TF15100,,GSS TF Thin Tracheal Stent,old_corpus,verified_source,hidden,AIRWAY_STENT_SILICONE_STRAIGHT,airway_stent,silicone_straight_stent,"SRC106: PDF page 13, GSS TF Thin Tracheal Stent table, reference 01TF15100"
PRD-E7A617F05F,Novatech,01TF15110,,GSS TF Thin Tracheal Stent,old_corpus,verified_source,hidden,AIRWAY_STENT_SILICONE_STRAIGHT,airway_stent,silicone_straight_stent,"SRC106: PDF page 13, GSS TF Thin Tracheal Stent table, reference 01TF15110"
PRD-AB6FAE841E,Novatech,01TF1530,,GSS TF Thin Tracheal Stent,old_corpus,verified_source,hidden,AIRWAY_STENT_SILICONE_STRAIGHT,airway_stent,silicone_straight_stent,"SRC106: PDF page 12, GSS TF Thin Tracheal Stent table, reference 01TF1530"
PRD-D4CC0EF49E,Novatech,01TF1540,,GSS TF Thin Tracheal Stent,old_corpus,verified_source,hidden,AIRWAY_STENT_SILICONE_STRAIGHT,airway_stent,silicone_straight_stent,"SRC106: PDF page 12, GSS TF Thin Tracheal Stent table, reference 01TF1540"
PRD-C5D7A147AD,Novatech,01TF1550,,GSS TF Thin Tracheal Stent,old_corpus,verified_source,hidden,AIRWAY_STENT_SILICONE_STRAIGHT,airway_stent,silicone_straight_stent,"SRC106: PDF page 12, GSS TF Thin Tracheal Stent table, reference 01TF1550"
PRD-AAB08BB8EE,Novatech,01TF1560,,GSS TF Thin Tracheal Stent,old_corpus,verified_source,hidden,AIRWAY_STENT_SILICONE_STRAIGHT,airway_stent,silicone_straight_stent,"SRC106: PDF page 12, GSS TF Thin Tracheal Stent table, reference 01TF1560"
PRD-84E9A6010C,Novatech,01TF1570,,GSS TF Thin Tracheal Stent,old_corpus,verified_source,hidden,AIRWAY_STENT_SILICONE_STRAIGHT,airway_stent,silicone_straight_stent,"SRC106: PDF page 13, GSS TF Thin Tracheal Stent table, reference 01TF1570"
PRD-BD52DE1395,Novatech,01TF1580,,GSS TF Thin Tracheal Stent,old_corpus,verified_source,hidden,AIRWAY_STENT_SILICONE_STRAIGHT,airway_stent,silicone_straight_stent,"SRC106: PDF page 13, GSS TF Thin Tracheal Stent table, reference 01TF1580"
PRD-9E686BEC27,Novatech,01TF1590,,GSS TF Thin Tracheal Stent,old_corpus,verified_source,hidden,AIRWAY_STENT_SILICONE_STRAIGHT,airway_stent,silicone_straight_stent,"SRC106: PDF page 13, GSS TF Thin Tracheal Stent table, reference 01TF1590"
PRD-FEBD25B6DC,Novatech,01TF16100,,GSS TF Thin Tracheal Stent,old_corpus,verified_source,hidden,AIRWAY_STENT_SILICONE_STRAIGHT,airway_stent,silicone_straight_stent,"SRC106: PDF page 13, GSS TF Thin Tracheal Stent table, reference 01TF16100"
PRD-0D28E189BE,Novatech,01TF1640,,GSS TF Thin Tracheal Stent,old_corpus,verified_source,hidden,AIRWAY_STENT_SILICONE_STRAIGHT,airway_stent,silicone_straight_stent,"SRC106: PDF page 12, GSS TF Thin Tracheal Stent table, reference 01TF1640"
PRD-0E06448C6B,Novatech,01TF1650,,GSS TF Thin Tracheal Stent,old_corpus,verified_source,hidden,AIRWAY_STENT_SILICONE_STRAIGHT,airway_stent,silicone_straight_stent,"SRC106: PDF page 12, GSS TF Thin Tracheal Stent table, reference 01TF1650"
PRD-FC4E977BDF,Novatech,01TF1660,,GSS TF Thin Tracheal Stent,old_corpus,verified_source,hidden,AIRWAY_STENT_SILICONE_STRAIGHT,airway_stent,silicone_straight_stent,"SRC106: PDF page 12, GSS TF Thin Tracheal Stent table, reference 01TF1660"
PRD-3D5D1B81EF,Novatech,01TF1670,,GSS TF Thin Tracheal Stent,old_corpus,verified_source,hidden,AIRWAY_STENT_SILICONE_STRAIGHT,airway_stent,silicone_straight_stent,"SRC106: PDF page 13, GSS TF Thin Tracheal Stent table, reference 01TF1670"
PRD-557DD115A0,Novatech,01TF1680,,GSS TF Thin Tracheal Stent,old_corpus,verified_source,hidden,AIRWAY_STENT_SILICONE_STRAIGHT,airway_stent,silicone_straight_stent,"SRC106: PDF page 13, GSS TF Thin Tracheal Stent table, reference 01TF1680"
PRD-37749355A5,Novatech,01TF1690,,GSS TF Thin Tracheal Stent,old_corpus,verified_source,hidden,AIRWAY_STENT_SILICONE_STRAIGHT,airway_stent,silicone_straight_stent,"SRC106: PDF page 13, GSS TF Thin Tracheal Stent table, reference 01TF1690"
PRD-499E95E8F0,Novatech,01TF18100,,GSS TF Thin Tracheal Stent,old_corpus,verified_source,hidden,AIRWAY_STENT_SILICONE_STRAIGHT,airway_stent,silicone_straight_stent,"SRC106: PDF page 13, GSS TF Thin Tracheal Stent table, reference 01TF18100"
PRD-7DA2AA3A9A,Novatech,01TF18110,,GSS TF Thin Tracheal Stent,old_corpus,verified_source,hidden,AIRWAY_STENT_SILICONE_STRAIGHT,airway_stent,silicone_straight_stent,"SRC106: PDF page 13, GSS TF Thin Tracheal Stent table, reference 01TF18110"
PRD-B2F1DA2473,Novatech,01TF1840,,GSS TF Thin Tracheal Stent,old_corpus,verified_source,hidden,AIRWAY_STENT_SILICONE_STRAIGHT,airway_stent,silicone_straight_stent,"SRC106: PDF page 12, GSS TF Thin Tracheal Stent table, reference 01TF1840"
PRD-BB020047FF,Novatech,01TF1850,,GSS TF Thin Tracheal Stent,old_corpus,verified_source,hidden,AIRWAY_STENT_SILICONE_STRAIGHT,airway_stent,silicone_straight_stent,"SRC106: PDF page 12, GSS TF Thin Tracheal Stent table, reference 01TF1850"
PRD-8C43D4DD1B,Novatech,01TF1870,,GSS TF Thin Tracheal Stent,old_corpus,verified_source,hidden,AIRWAY_STENT_SILICONE_STRAIGHT,airway_stent,silicone_straight_stent,"SRC106: PDF page 13, GSS TF Thin Tracheal Stent table, reference 01TF1870"
PRD-629D420930,Novatech,01TF1880,,GSS TF Thin Tracheal Stent,old_corpus,verified_source,hidden,AIRWAY_STENT_SILICONE_STRAIGHT,airway_stent,silicone_straight_stent,"SRC106: PDF page 13, GSS TF Thin Tracheal Stent table, reference 01TF1880"
PRD-F6120153F0,Novatech,01TF1890,,GSS TF Thin Tracheal Stent,old_corpus,verified_source,hidden,AIRWAY_STENT_SILICONE_STRAIGHT,airway_stent,silicone_straight_stent,"SRC106: PDF page 13, GSS TF Thin Tracheal Stent table, reference 01TF1890"
PRD-364F11177A,Novatech,01TF20100,,GSS TF Thin Tracheal Stent,old_corpus,verified_source,hidden,AIRWAY_STENT_SILICONE_STRAIGHT,airway_stent,silicone_straight_stent,"SRC106: PDF page 13, GSS TF Thin Tracheal Stent table, reference 01TF20100"
PRD-053D7E2071,Novatech,01TF20110,,GSS TF Thin Tracheal Stent,old_corpus,verified_source,hidden,AIRWAY_STENT_SILICONE_STRAIGHT,airway_stent,silicone_straight_stent,"SRC106: PDF page 13, GSS TF Thin Tracheal Stent table, reference 01TF20110"
PRD-9F6664E553,Novatech,01TF2040,,GSS TF Thin Tracheal Stent,old_corpus,verified_source,hidden,AIRWAY_STENT_SILICONE_STRAIGHT,airway_stent,silicone_straight_stent,"SRC106: PDF page 12, GSS TF Thin Tracheal Stent table, reference 01TF2040"
PRD-23BB8EAB48,Novatech,01TF2050,,GSS TF Thin Tracheal Stent,old_corpus,verified_source,hidden,AIRWAY_STENT_SILICONE_STRAIGHT,airway_stent,silicone_straight_stent,"SRC106: PDF page 12, GSS TF Thin Tracheal Stent table, reference 01TF2050"
PRD-EB403F5C97,Novatech,01TF2060,,GSS TF Thin Tracheal Stent,old_corpus,verified_source,hidden,AIRWAY_STENT_SILICONE_STRAIGHT,airway_stent,silicone_straight_stent,"SRC106: PDF page 12, GSS TF Thin Tracheal Stent table, reference 01TF2060"
PRD-30FF74237D,Novatech,01TF2070,,GSS TF Thin Tracheal Stent,old_corpus,verified_source,hidden,AIRWAY_STENT_SILICONE_STRAIGHT,airway_stent,silicone_straight_stent,"SRC106: PDF page 13, GSS TF Thin Tracheal Stent table, reference 01TF2070"
PRD-FFDCFF2DF6,Novatech,01TF2080,,GSS TF Thin Tracheal Stent,old_corpus,verified_source,hidden,AIRWAY_STENT_SILICONE_STRAIGHT,airway_stent,silicone_straight_stent,"SRC106: PDF page 13, GSS TF Thin Tracheal Stent table, reference 01TF2080"
PRD-F56B9B1935,Novatech,01TF2090,,GSS TF Thin Tracheal Stent,old_corpus,verified_source,hidden,AIRWAY_STENT_SILICONE_STRAIGHT,airway_stent,silicone_straight_stent,"SRC106: PDF page 13, GSS TF Thin Tracheal Stent table, reference 01TF2090"
PRD-55E04E6B4A,Novatech,01Y121010,,GSS Y Stent,old_corpus,verified_source,hidden,AIRWAY_STENT_SILICONE_Y,airway_stent,silicone_y_stent,"SRC106: PDF page 14, GSS Y Stent table, reference 01Y121010"
PRD-E5E73685E9,Novatech,01Y141010V1,,GSS Y Stent,old_corpus,verified_source,hidden,AIRWAY_STENT_SILICONE_Y,airway_stent,silicone_y_stent,"SRC106: PDF page 14, GSS Y Stent table, reference 01Y141010V1"
PRD-AF93E14891,Novatech,01Y151212,,GSS Y Stent,old_corpus,verified_source,hidden,AIRWAY_STENT_SILICONE_Y,airway_stent,silicone_y_stent,"SRC106: PDF page 14, GSS Y Stent table, reference 01Y151212"
PRD-CE6BAAD222,Novatech,01Y151212V1,,GSS Y Stent,old_corpus,verified_source,hidden,AIRWAY_STENT_SILICONE_Y,airway_stent,silicone_y_stent,"SRC106: PDF page 14, GSS Y Stent table, reference 01Y151212V1"
PRD-22140843C5,Novatech,01Y151212V2,,GSS Y Stent,old_corpus,verified_source,hidden,AIRWAY_STENT_SILICONE_Y,airway_stent,silicone_y_stent,"SRC106: PDF page 14, GSS Y Stent table, reference 01Y151212V2"
PRD-7ACD240A5C,Novatech,01Y161313V1,,GSS Y Stent,old_corpus,verified_source,hidden,AIRWAY_STENT_SILICONE_Y,airway_stent,silicone_y_stent,"SRC106: PDF page 14, GSS Y Stent table, reference 01Y161313V1"
PRD-6B83734A5B,Novatech,01Y161313V2,,GSS Y Stent,old_corpus,verified_source,hidden,AIRWAY_STENT_SILICONE_Y,airway_stent,silicone_y_stent,"SRC106: PDF page 14, GSS Y Stent table, reference 01Y161313V2"
PRD-6D82EFD1D2,Novatech,01Y181414,,GSS Y Stent,old_corpus,verified_source,hidden,AIRWAY_STENT_SILICONE_Y,airway_stent,silicone_y_stent,"SRC106: PDF page 14, GSS Y Stent table, reference 01Y181414"
PRD-EC39DE72EA,Novatech,025301S20,,DUMON BB Bronchial Stent,old_corpus,verified_source,hidden,AIRWAY_STENT_SILICONE_STRAIGHT,airway_stent,silicone_straight_stent,"SRC106: PDF page 12, DUMON BB Bronchial Stent table, reference 025301S20"
PRD-4F72B750FD,Novatech,025301S30,,DUMON BB Bronchial Stent,old_corpus,verified_source,hidden,AIRWAY_STENT_SILICONE_STRAIGHT,airway_stent,silicone_straight_stent,"SRC106: PDF page 12, DUMON BB Bronchial Stent table, reference 025301S30"
PRD-6D61D60C38,Novatech,025301S40,,DUMON BB Bronchial Stent,old_corpus,verified_source,hidden,AIRWAY_STENT_SILICONE_STRAIGHT,airway_stent,silicone_straight_stent,"SRC106: PDF page 12, DUMON BB Bronchial Stent table, reference 025301S40"
PRD-21E82DCB13,Novatech,025301S50,,DUMON BB Bronchial Stent,old_corpus,verified_source,hidden,AIRWAY_STENT_SILICONE_STRAIGHT,airway_stent,silicone_straight_stent,"SRC106: PDF page 12, DUMON BB Bronchial Stent table, reference 025301S50"
PRD-D8651BEFDB,Novatech,026201S20,,DUMON BB Bronchial Stent,old_corpus,verified_source,hidden,AIRWAY_STENT_SILICONE_STRAIGHT,airway_stent,silicone_straight_stent,"SRC106: PDF page 12, DUMON BB Bronchial Stent table, reference 026201S20"
PRD-9891102F8B,Novatech,026201S30,,DUMON BB Bronchial Stent,old_corpus,verified_source,hidden,AIRWAY_STENT_SILICONE_STRAIGHT,airway_stent,silicone_straight_stent,"SRC106: PDF page 12, DUMON BB Bronchial Stent table, reference 026201S30"
PRD-F30F9B6B87,Novatech,026201S40,,DUMON BB Bronchial Stent,old_corpus,verified_source,hidden,AIRWAY_STENT_SILICONE_STRAIGHT,airway_stent,silicone_straight_stent,"SRC106: PDF page 12, DUMON BB Bronchial Stent table, reference 026201S40"
PRD-9E45614EB7,Novatech,026201S50,,DUMON BB Bronchial Stent,old_corpus,verified_source,hidden,AIRWAY_STENT_SILICONE_STRAIGHT,airway_stent,silicone_straight_stent,"SRC106: PDF page 12, DUMON BB Bronchial Stent table, reference 026201S50"
PRD-5FFC64ACE1,Novatech,026501S20,,DUMON BB Bronchial Stent,old_corpus,verified_source,hidden,AIRWAY_STENT_SILICONE_STRAIGHT,airway_stent,silicone_straight_stent,"SRC106: PDF page 12, DUMON BB Bronchial Stent table, reference 026501S20"
PRD-BFBEBBCA02,Novatech,026501S30,,DUMON BB Bronchial Stent,old_corpus,verified_source,hidden,AIRWAY_STENT_SILICONE_STRAIGHT,airway_stent,silicone_straight_stent,"SRC106: PDF page 12, DUMON BB Bronchial Stent table, reference 026501S30"
PRD-DCF8F46465,Novatech,026501S40,,DUMON BB Bronchial Stent,old_corpus,verified_source,hidden,AIRWAY_STENT_SILICONE_STRAIGHT,airway_stent,silicone_straight_stent,"SRC106: PDF page 12, DUMON BB Bronchial Stent table, reference 026501S40"
PRD-4055F48A03,Novatech,026501S50,,DUMON BB Bronchial Stent,old_corpus,verified_source,hidden,AIRWAY_STENT_SILICONE_STRAIGHT,airway_stent,silicone_straight_stent,"SRC106: PDF page 12, DUMON BB Bronchial Stent table, reference 026501S50"
PRD-B69245D8EF,Novatech,026701S20,,DUMON BB Bronchial Stent,old_corpus,verified_source,hidden,AIRWAY_STENT_SILICONE_STRAIGHT,airway_stent,silicone_straight_stent,"SRC106: PDF page 12, DUMON BB Bronchial Stent table, reference 026701S20"
PRD-9227711C8C,Novatech,026701S30,,DUMON BB Bronchial Stent,old_corpus,verified_source,hidden,AIRWAY_STENT_SILICONE_STRAIGHT,airway_stent,silicone_straight_stent,"SRC106: PDF page 12, DUMON BB Bronchial Stent table, reference 026701S30"
PRD-F1B8B5D639,Novatech,026701S40,,DUMON BB Bronchial Stent,old_corpus,verified_source,hidden,AIRWAY_STENT_SILICONE_STRAIGHT,airway_stent,silicone_straight_stent,"SRC106: PDF page 12, DUMON BB Bronchial Stent table, reference 026701S40"
PRD-A2209933C6,Novatech,026701S50,,DUMON BB Bronchial Stent,old_corpus,verified_source,hidden,AIRWAY_STENT_SILICONE_STRAIGHT,airway_stent,silicone_straight_stent,"SRC106: PDF page 12, DUMON BB Bronchial Stent table, reference 026701S50"
