source_filename,sha256,manufacturer,page_count,pages_with_candidates,candidate_count,ordering_heading_pages,matrix_pages,high_risk,review_method,accepted_new_products,existing_exact,existing_alias_or_format_variant,previously_accounted_csv,duplicate_source_occurrence,needs_owner_review,relevant_but_insufficient_identity,relevant_family_level_only,source_evidence_conflicted,irrelevant_to_current_scope,not_a_product_identifier
1-0023806-0-Tracheal-Stent-System-Y-shaped-IFU.pdf,26502b2e998a662b8d1b37c9b24b670734f05b870d7c42b71be606dba34bcb98,Micro-Tech USA / Micro-Tech Endoscopy,16,7,27,1,3,true,corpus_text_extraction,0,0,0,0,0,0,0,0,0,0,27
1-s2.0-S0846537114000175-main.pdf,5b16bc6ba808ba1b830ab7e63f759ec41d48140f510757056b6a1154526cb3f1,Not stated / unreferenced source,14,14,102,3,3,true,corpus_text_extraction,0,0,0,0,0,0,0,0,0,0,102
2025-Distribution-Magneto-Holmium-Laser.pdf,84f4db00cb38138c0127cea34230d3fae12b442643e7ac4ec185be7e76dcb53a,Quanta System,2,1,3,0,1,false,corpus_text_extraction,0,0,0,0,0,0,0,0,0,0,3
2323-07.01-0624USA_Mini_Thoracoscopy_Set_SS.pdf,7de8bf21a24ddd98d332e731c82747c36a8a97f98ab9d25a07847fffd898c866,Richard Wolf,2,1,2,0,0,false,corpus_text_extraction,0,0,0,0,0,0,0,0,0,0,2
401295001.pdf,f370d5e55b2184f0d16d296990426fb63c03ee4e8bec661753af2f4ad2112b8c,Merit Medical Systems,1,1,2,0,0,false,corpus_text_extraction,0,0,0,0,0,0,0,0,0,0,2
401418001.pdf,b15105866f9a164870ae8911d717e499cab3f4c87b622d8fe612fd3a58d08381,Merit Medical Systems,20,19,315,0,5,true,corpus_text_extraction,0,106,0,170,0,0,1,0,0,20,18
401423001-A.pdf,834099c65982aef4669213076cea653fe5d0e77bc228bc5f2836c1d38ccb6961,Merit Medical Systems,5,1,34,0,1,true,corpus_text_extraction,0,8,0,19,0,0,0,0,0,2,5
402036009.pdf,03d852657d8902848201d8c8e4b86708a879277a3975cb71c81b70e6213d9200,Merit Medical Systems,2,0,0,0,0,false,corpus_text_extraction,0,0,0,0,0,0,0,0,0,0,0
402955010.pdf,ad5860a014f8f1b1f6c04d2771b9a5cb1f6a6e5f1f340d8b7058f19cab9f8ae5,Merit Medical Systems,4,1,2,0,0,false,corpus_text_extraction,0,0,0,0,0,0,0,0,0,0,2
402955010MLP.pdf,bb51524641de1681f0ca5cdc917047ca0ac0c52ca808b2b712797fd9045f5f1a,Merit Medical Systems,80,28,4,0,0,false,corpus_text_extraction,0,0,0,0,0,0,0,0,0,0,4
402955011ZHP.pdf,ffbbe309d0b60695bcac4b34584880d5da9c32fcae41477c7f83d4daea2292bf,Merit Medical Systems,3,3,42,0,2,true,corpus_text_extraction,0,0,0,22,0,13,4,0,0,0,3
402955013ZHP.pdf,6e37935879c372ad15188829b7af6a8594a3215aea45de394ab3544cd5fe0b73,Merit Medical Systems,3,3,32,0,3,true,corpus_text_extraction,0,0,0,22,0,4,4,0,0,0,2
406168001MLP.pdf,2dc4ea117832c700abf9a3cfb4368789e229e9e35bfee6927667cb56b3772511,Merit Medical Systems,56,7,5,0,1,false,corpus_text_extraction,0,0,0,0,0,0,0,0,0,0,5
85100-165_Cables-and-adapters.pdf,7262743f1b75e7b34b6a24c7adc7cbc6a947d8443e80eab51a939663f764b7ab,ERBE,20,8,7,0,0,false,corpus_text_extraction,0,0,0,0,0,0,0,0,0,0,7
85100-169_APC-accessories.pdf,57c5f52ee930daea8d015b70d60574bfaec9be2ee265948f35499c0199caa6a2,ERBE,12,3,4,0,0,false,corpus_text_extraction,0,0,0,0,0,0,0,0,0,0,4
85100-170_Cryosurgery.pdf,ee9ca65df8bbc59ed0b39b9f2e07f38f0d63fc53cc367cec7a983687fc6fb819,ERBE,8,0,0,0,0,false,corpus_text_extraction,0,0,0,0,0,0,0,0,0,0,0
ARIETTA-A850_Brochure_EN_53045.pdf,a68447a4dba9d9c4c4e036ebeb49594feb761c3b618cb9efb2cba03423e88eed,Hitachi / FUJIFILM Healthcare,6,0,0,0,0,false,corpus_text_extraction,0,0,0,0,0,0,0,0,0,0,0
AccessGUDID - (&quot;Monarch Bronchoscope&quot;)2.pdf,8ca999d474bebae7164bb18c00f3dbc8633dc7844721ce14e1a050b80286968e,"Auris Health, Inc.; Not stated in source",2,2,15,2,0,true,corpus_text_extraction,0,0,0,1,0,2,0,0,0,12,0
AccessGUDID - (&quot;Monarch Bronchoscope&quot;3).pdf,e1e7575f5a3d1eeccf2d6dabc577fb08ad1b1094efa93916fed630d6fa83e061,"Auris Health, Inc.; Noah Medical Corporation",2,2,6,2,0,true,corpus_text_extraction,0,1,0,1,0,0,4,0,0,0,0
Aliya System – Galvanize.pdf,72aebdb017349e93fb90accad1ba572d6b29f5a122bfd20af3b21019fd5ade6f,Galvanize Therapeutics,13,6,9,0,1,false,corpus_text_extraction,0,0,0,0,0,0,0,0,0,0,9
BLAKE-Drains-Brochure-050018-210310.pdf,d2f7fdc41c9278b135b97c93409c437118c1198a3fdabc418f342561ea60a616,Ethicon / Johnson & Johnson,11,6,21,1,2,true,corpus_text_extraction,0,0,0,3,0,0,0,0,0,0,18
BMP-MR-PCA-Interventional_Pulmonology_EN.pdf,bd6ff72098367cbf11528f3fea58fa3e9571c5744a331fa71b9c62d7f5358c98,Novatech,32,10,84,8,4,true,corpus_text_extraction,0,80,0,0,0,0,0,0,0,0,4
Biopsy Forceps - Pulmonary - Thoracent.pdf,5cfbe2e0f823a315f5b4235941dd126f68ba0a767b3cc9281b3de60bfee775d6,Thoracent,3,1,1,0,0,false,corpus_text_extraction,0,0,0,0,0,0,0,0,0,0,1
Blue Rhino® G2-Multi Percutaneous Tracheostomy Introducer Sets and Trays _ Cook Medical.pdf,deaf57f7f6cfbe6ccba8d135ad770258ee5b2ac75e238d220a4b1c99528b0ff7,Cook Medical,66,66,48,66,0,true,corpus_text_extraction+rendered_manual_inspection,15,6,5,1,15,0,0,0,0,0,6
Brochure-BodyVision_MOSS.pdf,df4b7abe5a8956ab275ea06b23b7fb4d57b9f612b532aad5587e17683fe8c6f1,Body Vision Medical,4,0,0,0,0,false,corpus_text_extraction,0,0,0,0,0,0,0,0,0,0,0
Bronchoscope-Matrix-Chart_41656 (1).pdf,148441c04eae5f13a79e219c5cd5dd863e3e24b03084fc257b7449a74b7f21de,Olympus,1,1,17,0,1,true,corpus_text_extraction,0,14,0,0,0,2,0,0,0,0,1
Bronchoscopes - Pulmonology - Olympus Medical Systems.pdf,7a8e09c7b728062230eec9fd5bf9fbb5478684982f02962ea69a7c815c43e7d3,Olympus,4,4,8,0,1,false,corpus_text_extraction,0,8,0,0,0,0,0,0,0,0,0
CC-BUSCALAM-EBSMP-EN-201407_1654867609049.pdf,fa60b84793030d1be492e16a0e0a807db781a3ff261d87ef8ab69d891283187d,Cook Medical,4,3,11,2,1,false,corpus_text_extraction,0,4,4,0,0,0,0,0,0,0,3
CC-D55061-EN-F_M3_1599145301215.pdf,332f75ffb073b19336bf99334c1366e88149adad954af5bd70b8d7fedc987332,Medtronic,2,2,2,0,0,false,corpus_text_extraction,0,0,0,0,0,0,0,0,0,0,2
CC-D67629-EN-F_IA_1683223150514 (1).pdf,c46aa95be1ed2d93911375edc81aa3382efd1d8354d4301efbc3c4830777138b,Cook Medical,20,13,97,12,9,true,corpus_text_extraction,0,39,27,10,21,0,0,0,0,0,0
CC-D67629-EN-F_IA_1683223150514.pdf,c46aa95be1ed2d93911375edc81aa3382efd1d8354d4301efbc3c4830777138b,Cook Medical,20,13,97,12,9,true,corpus_text_extraction+rendered_manual_inspection,3,39,27,10,11,4,0,0,0,0,3
CC-WF912959-EN-F_M3_1771864966276.pdf,b2486d72600b13ef62c49fb5bb579480dc79b65be793a75334280d8050a0ec8f,Cook Medical,2,1,17,1,1,true,corpus_text_extraction,0,8,8,0,0,0,0,0,0,0,1
CC-WF913096-EN-F_M3_1772121134246.pdf,298e94d843fc37615b2b9403acbf5b12da3779d703f9e27860e7f8d8ee814cfa,Cook Medical,2,1,9,1,1,true,corpus_text_extraction,0,4,4,0,0,0,0,0,0,0,1
C_T_PPD_REV6.pdf,61d00224f31c1cb5901236bcdf6b180ba93000c86c9bd65dc62d793c6497c95b,Cook Medical,28,2,1,0,0,false,corpus_text_extraction,0,0,0,0,0,0,0,0,0,0,1
C_T_PTISGI2_REV0 (1).pdf,1b90cad951bd117880a4d2a1707cb15e62b885d58ee46fcc82b4ff18c0c378eb,Cook Medical,80,57,13,0,6,true,corpus_text_extraction,0,0,0,0,13,0,0,0,0,0,0
C_T_PTISGI2_REV0.pdf,1b90cad951bd117880a4d2a1707cb15e62b885d58ee46fcc82b4ff18c0c378eb,Cook Medical,80,57,13,0,6,true,corpus_text_extraction,0,0,0,0,0,0,0,0,0,0,13
C_T_THAL_REV11.pdf,8514889c9a8b2a2cdfb63475eee388f5fc0648ac956ff0b08deb77fd2e32f68c,Cook Medical,28,6,10,2,0,false,corpus_text_extraction,0,0,0,0,0,0,0,0,0,0,10
Compact multi-parameter monitor - CHARTIS - pulmonX - CO2 _ VO2-max _ intensive care.pdf,f8c36d0989168f0742bb22bc9ccd6e4bf748a3286219e2994bada9848811c9cc,Pulmonx,5,5,2,0,0,false,corpus_text_extraction,0,0,0,0,0,0,0,0,0,0,2
D-000010790-REV0-1-1033736-REV1-Adapt-Endoscopic-Ultrasound-Aspiration-Needle-Instructions-f.pdf,69292cf142ac8bb5d8b0e5317c0e3da1046c7aaef10c322734c00f93d89d7d15,Micro-Tech Endoscopy,12,5,15,0,0,false,corpus_text_extraction,0,0,0,0,0,0,0,0,0,0,15
Diagnostic Bronchoscope (BF-P190) _ Olympus America _ Medical.pdf,59e6605a409faa67d4a755f7a4f4ba2be71e3beccb660bfcf446f1d702e00bde,Olympus,3,3,2,0,0,false,corpus_text_extraction,0,1,0,0,0,0,0,1,0,0,0
Diagnostic Bronchoscope (BF-XP190) _ Olympus America _ Medical.pdf,9dc88432c37cf1a552bd8ee0fb8ae0a416e52bfc9dada6857cea10ee67329e1c,Olympus,2,2,4,0,0,false,corpus_text_extraction,0,1,0,0,0,0,0,1,0,0,2
E0428710_Diagnosis_SPN_Flyer_EN_2023.pdf,c7a946339c4bcaa7232796382c478fc669c59b33675c5fcebb586f2cfd901756,Olympus,2,2,30,1,2,true,corpus_text_extraction,0,17,0,0,0,5,0,0,0,0,8
EB-J10 Bronchoscopes_ Advanced High-Definition imaging.pdf,9fe10b3508e880b503cb2ab94985b8fbb1e1ed5641e36ed99353e7ad3a156065,PENTAX Medical,8,8,2,0,0,false,corpus_text_extraction,0,0,0,1,0,0,0,0,0,0,1
EBUS Needles - Thoracent.pdf,32ffedf490a4e605a4288371c5bda566cb7aa3829e50cab0e2bc98a809e71999,Thoracent / Micro-Tech Endoscopy,4,1,6,0,0,false,corpus_text_extraction,0,6,0,0,0,0,0,0,0,0,0
EFER-BRONCHOSCOPE-USER-MANUAL.pdf,ec44e4be7d4ffe87fb7809b4a0c211d6206980203b75bae16acb958642cf92fe,Hood Laboratories / EFER,13,6,77,1,3,true,corpus_text_extraction,0,40,0,0,0,36,0,0,0,0,1
ESC-D63441-EN-F_M3_1643214583953.pdf,1454964cce5d7a6ffcbb12786786d04da81c12394fee5ce3d9c71a4b1459b5d1,Cook Medical,2,1,65,1,1,true,corpus_text_extraction,0,8,0,8,0,49,0,0,0,0,0
EchoTip Ultra® Endobronchial HD Ultrasound Needle _ Cook Medical.pdf,726cea6e686e34ec06a4917f444196fa69f3302241dc5d8ca1096cd89e5b3a0e,Cook Medical,9,5,12,4,1,false,corpus_text_extraction,0,4,4,0,0,0,0,0,0,0,4
Endobronchial Ultrasound (EBUS) scopes - FUJIFILM Healthcare Americas Corporation.pdf,7338c512f285317d876693961ed2be1bf186ca63d1ac577ac05df02d02f99f47,FUJIFILM Healthcare Americas Corporation,12,8,12,0,3,true,corpus_text_extraction,0,2,0,0,0,0,0,0,0,0,10
Excalibur-Laser-Fiber-Brochure-2025.pdf,7651358e2a95b362b5e0f06ce5bd2e4c3792e71445d1d2317ad0cd0d6adcbe42,Not stated in source,2,0,0,0,0,false,corpus_text_extraction,0,0,0,0,0,0,0,0,0,0,0
ForTec-Medical-OmniGuide-Laser-Product-Brief.pdf,fea3af75234fe42fcf8dc61ac915a245f6f4cab1fd8c9faaf6f4d5b654f6d0a8,OmniGuide / ForTec Medical,2,0,0,0,0,false,corpus_text_extraction,0,0,0,0,0,0,0,0,0,0,0
Fuhrman Pleural_Pneumopericardial Drainage Set and Tray _ Cook Medical.pdf,a6e89a5bd063938799f92f94eaac6e3e79071b5f11cacce14e2498d696237f5b,Cook Medical,18,11,20,15,0,true,corpus_text_extraction,0,9,0,9,0,0,0,0,0,0,2
Fujifilm_EUS Brochure_03_2025_EN.pdf,f14c0b0fe52c7c64b35680ef22187c92347e323508dd1e7f6e09937cd0d65bec,FUJIFILM,22,11,15,1,3,true,corpus_text_extraction,0,1,0,6,0,0,0,0,0,2,6
Fujifilm_EndoSolutionsPulmonology_2023_EN_144dpi.pdf,176807374ba022287434dbcfceffd39ee259514775e7032a97c73188258a61bc,FUJIFILM,48,24,74,3,17,true,corpus_text_extraction,0,16,0,0,0,0,0,0,0,0,58
Hydro-Slide Pulmonary Guidewire - Thoracent.pdf,5b0d87be792a4f095113e67e059325166cfe77bc8d6d807e5530f8d9a8d1e639,Thoracent / Micro-Tech Endoscopy,2,1,2,0,0,false,corpus_text_extraction,0,2,0,0,0,0,0,0,0,0,0
IFU-Chartis-Pulmonary-Assessment-System-Catheter-100-0714-Revision-C-Released-2025-12-18.pdf,3b7cad49c9d5cbe5c1a559228e9faaa3a82b6dc7ad7b2afebb1e008974e8055d,Pulmonx,68,67,34,17,18,true,corpus_text_extraction,0,2,0,0,0,0,0,0,0,0,32
Karl Storz.pdf,19c485f6502f5f02362a51af7fd870cf7141a1843d1aab4cc10c62b39c41aef0,Karl Storz,314,96,208,23,13,true,corpus_text_extraction,0,36,0,30,142,0,0,0,0,0,0
LungVision® System _ AI-Powered Lung Imaging Technology.pdf,5c39024633304987f138f115fae22e2f9ea0b572dbd79d0bcf961f27b7c6182d,Body Vision Medical,9,0,0,0,0,false,corpus_text_extraction,0,0,0,0,0,0,0,0,0,0,0
Mobile C-arm machine - Cios Spin - Siemens Healthineers USA.pdf,b943087cbf757b1fae8d237de982fb09df57497764825bf190b9c72334a8e20e,Siemens Healthineers,15,4,6,0,0,false,corpus_text_extraction,0,0,0,0,0,0,0,0,0,0,6
NOV-MR-PCA-EWS_EN.pdf,89cf6c1d3cbf3e96cc5b29dc7659869d48897ca333459396c6eddfaf8259acf6,Novatech,8,3,8,1,0,false,corpus_text_extraction,0,4,0,0,0,0,0,0,0,0,4
NOV-MR-PCA-Instruments_CA003_EN.pdf,7fa900901eff1d0a8361e48c896a277cb12d0818b47ffa0c3e596af401fcec4c,Novatech,24,6,47,6,2,true,corpus_text_extraction,0,46,0,0,0,0,0,0,0,0,1
NOV-MR-PCA-SS3_NOVATECH_3D_EN.pdf,6a870e75329f46994b309bdaed08b532925c8be5458ff6a3658031d7cc612b1a,Novatech,12,6,9,0,1,false,corpus_text_extraction,0,0,0,1,0,0,0,0,0,0,8
NOV-MR-PCA-SST_DUMON-GSS_CA001_EN.pdf,221993773bfbb7cc04cd06af935f7d55dfb1f2b17f3b97e56191665cf38b87f5,Novatech,20,6,153,3,3,true,corpus_text_extraction+rendered_manual_inspection,141,7,0,0,0,0,0,0,0,0,5
NOV-MR-PCA-STE_STERITALC_EN.pdf,640c57f14637b3e23569c2f86008f45da0b583d20f2eacba017726c8f940393f,Novatech,16,6,21,1,3,true,corpus_text_extraction,0,4,0,3,0,0,0,0,0,0,14
NdYAG_2026_EUR_260417.pdf,23a569ae658fa5e7f2e923478d24626aa23b8f08321d7a03c8e9e69ecbe2b4be,Not stated in source,34,27,627,0,17,true,corpus_text_extraction,0,0,0,0,0,0,0,0,0,627,0
Netis Retrieval Net - Pulmonary - Thoracent.pdf,922bae372d5b91ba6c53a2afe1ddc25d503f6e85e9d9b5c52612951410d77167,Thoracent / Micro-Tech Endoscopy,4,1,1,0,0,false,corpus_text_extraction,0,0,0,0,0,0,0,0,0,0,1
OAIET0124CAT51005_EndoTherapy Catalog_Interactive_2024.pdf,959a4442c78e4af11616d06b57070e90f1c5c16a0f80b925f0ad21b3dd0f45c3,Olympus,133,117,640,5,27,true,corpus_text_extraction,0,66,0,5,0,5,7,0,0,557,0
OAIGI0121CAT38678_RA.pdf,ff852032810c925c26bedea91b02f2fd11444eb6cbec1fd692f3afb81198f2d6,Olympus,90,52,239,4,22,true,corpus_text_extraction,0,24,0,46,0,0,0,0,0,169,0
OEC-3D_Brochure.pdf,46f04a599763b63c573aeea66b460e0cedd010d59a438cfb50e22d88e3f9ad14,GE HealthCare,11,2,3,0,0,false,corpus_text_extraction,0,0,0,0,0,0,0,0,0,0,3
PleurX™ Pleural Catheter System.pdf,30ee73d17f0db77007bdb01d85b6aad578de2386d88a7f71581b29d05ec275e7,BD / CareFusion,4,2,6,2,1,false,corpus_text_extraction,0,6,0,0,0,0,0,0,0,0,0
Product-Catalog-MPW10000H-Rev-3-web-1.pdf,c09a4558a697d6722ff99ce7c2e2cda0f8dfa78107be3f4bb06ca8650a050597,Micro-Tech Endoscopy,80,57,777,9,50,true,corpus_text_extraction,0,0,0,2,0,0,0,0,0,775,0
Quanta-Laser-2025 (1).pdf,a1f9ef2e9ee296bd1ea43daf556f6e9c6bfe2f14303bbf75cca1adbdd5d3a377,Quanta System,2,1,1,0,0,false,corpus_text_extraction,0,0,0,0,0,0,0,0,0,0,1
Richard Wolfe.pdf,fb8e5bc743c8b1f7efaddaa3da5eb8a2530ccd9a070282f353301d7aa84c0c74,Richard Wolf,122,120,278,22,7,true,corpus_text_extraction,0,78,0,0,0,40,0,0,0,0,160
Scivita-Single-Use-Bronchoscope-Brochure.pdf,594df2891eb8ae70d766bf6ec2679ee94132887ea13b15f54fd3feb5eca31942,Scivita Medical Technology,4,2,11,1,1,false,corpus_text_extraction,0,7,0,0,0,0,0,0,0,0,4
Search - Empyema and pleural effusion _ KARL STORZ Endoskope _ Cyprus.pdf,b68075249dbe31c7ea03fef36bf26830be1f4004d6a05dcaab84fb850f0db1b7,KARL STORZ,11,5,5,6,0,false,corpus_text_extraction,0,5,0,0,0,0,0,0,0,0,0
Search - Flexible bronchoscopy _ KARL STORZ Endoskope _ United States.pdf,f66161e4c5ab6b203573f5d4df09a901b2614cd30d47bfe5833672c649751903,KARL STORZ,14,5,5,8,0,false,corpus_text_extraction,0,2,0,0,0,3,0,0,0,0,0
Search - Medical thoracoscopy _ KARL STORZ Endoskope _ United States.pdf,9307c0cf30d1e869b480317b1fd4df14308cba38bf4cfa0b539ea8244fc3d62b,KARL STORZ,8,3,3,3,0,false,corpus_text_extraction,0,3,0,0,0,0,0,0,0,0,0
Search - Pleurodesis _ KARL STORZ Endoskope _ Cyprus.pdf,70b2df6f19d5f98e0dfe6b97c480aa4c0c72812bcb71e96212b32801c269d1d7,Karl Storz,6,2,2,3,0,false,corpus_text_extraction,0,2,0,0,0,0,0,0,0,0,0
Search - Rigid bronchoscopy _ KARL STORZ Endoskope _ United States.pdf,d12ff6c7de3c4cffad4ad5cd9ffc25cf865f3cd2ac4125327729a15e84215628,KARL STORZ,138,78,79,94,0,true,corpus_text_extraction,0,63,0,0,0,16,0,0,0,0,0
Shiley™ Flexible Adult Tracheostomy Tube _ Medtronic.pdf,b9939c9871e12f018d155ac4a7e60e9484c9d384db9a6ed01ebac62966f00cd2,Medtronic,10,7,48,4,1,true,corpus_text_extraction+rendered_manual_inspection,13,4,1,17,0,1,0,0,1,0,11
Shiley™ XLT Extended Length Tracheostomy Tube _ Medtronic.pdf,e40f9e4fdd09b10d907789a26572d64278dac50adfa73795e301a511417cb633,Medtronic,8,4,21,2,0,false,corpus_text_extraction+rendered_manual_inspection,8,8,0,4,0,0,0,0,0,0,1
SmartScope-Sheet-2025.pdf,5107e92d884773f8a7781d0d9edb6beb319212a7da0a19328bb5bf4297d29964,ForTec Medical,1,0,0,0,0,false,corpus_text_extraction,0,0,0,0,0,0,0,0,0,0,0
Steris catalog.pdf,45a45c1e77d3a71c1d6973e08c34d2996a0347160e6cb85cce5acb576dd4311e,STERIS,12,8,51,1,2,true,corpus_text_extraction,0,0,0,25,0,3,0,0,0,23,0
TB-Stent-size-chart.pdf,398b865537a885c15844a4833967ab49c56bbec93b8765098d7116bb5c8982b9,M.I. Tech / Thoracent,2,2,1,0,0,false,corpus_text_extraction,0,0,0,0,0,0,0,0,0,0,1
THORAX.pdf,a6d8f1c82ce8e88ee35496b43ff58a3cbf388f34399272780f7b999da7c26798,KARL STORZ; Karl Storz,314,96,209,23,13,true,corpus_text_extraction,0,36,0,30,0,56,87,0,0,0,0
Teleflex Incorporated - Pilling Surgical Instruments Catalog.pdf,be236964e3355724aa27bbd948e5076587cf52a06af492415457d64f1f5899a4,Teleflex / Pilling,5,5,21,0,2,true,corpus_text_extraction,0,5,0,0,0,0,0,0,0,0,16
Thal-Quick Chest Tube Set and Tray _ Cook Medical.pdf,85967b29299198089c79975e2979334e30c1975fd90f9b42bac82b235e19627a,Cook Medical,35,22,43,35,0,true,corpus_text_extraction+rendered_manual_inspection,4,16,15,1,4,0,0,0,0,0,3
Thoracentesis & Paracentesis Set - a Convienent All-in-One Centisis Set.pdf,554446f89cc5a7d116fc12b4fcc49974d12b02a255377c3671cee35080d64909,Merit Medical Systems,29,19,39,1,19,true,corpus_text_extraction,0,29,0,1,0,2,4,0,0,0,3
Video Processor INSPIRA_ Multi connectable ● PENTAX Medical.pdf,b662735a3766d636a18268fbaa22c9a478c7f0086b904cb027c82821de1ff0f6,PENTAX Medical,7,2,2,0,0,false,corpus_text_extraction,0,1,0,0,0,0,0,1,0,0,0
Vio 3.pdf,72679a90f1f589c7e1df4d688f64c6e1ca46ef7af6b4de9ad530436797b344eb,Erbe Elektromedizin,12,3,5,0,1,false,corpus_text_extraction,0,0,0,0,0,0,0,0,0,0,5
WLL how we do it.pdf,109fec700b1e8be059a13273518d101fda9ebfd22d1433a1e331c26b5eb9d278,Not stated / unreferenced source,9,9,28,1,2,true,corpus_text_extraction,0,0,0,0,0,0,0,0,0,0,28
WLLL technical details.pdf,5659c53e3f0d3ca6b2c149d24e940c65353ec64959487b7d53a1c7ba3e512bbc,Not stated / unreferenced source,10,6,12,2,0,false,corpus_text_extraction,0,0,0,0,0,0,0,0,0,0,12
Y-Stent-Brochure-2022.pdf,26d7283c7dd86165d1ec2437bcd63c92940e0b9ed9e5ed0b4f469b39ff8729f5,Micro-Tech Endoscopy; Micro-Tech Endoscopy / Thoracent,2,0,0,0,0,false,corpus_text_extraction,0,0,0,0,0,0,0,0,0,0,0
aScope-4-Broncho-Datasheets.pdf,79466a94cf2f93cc1e8284d89a455234c85a5db42ee40df214d493d1d3b3fb46,Ambu,6,4,14,3,3,true,corpus_text_extraction,0,0,0,3,0,6,0,0,0,0,5
aScope-5-Broncho-Datasheets.pdf,31423718e78f55b3ace984fd8bdeb81bb0e779fe8d10cc660f5a6665fe9b461b,Ambu,8,6,16,4,4,true,corpus_text_extraction,0,4,0,0,0,0,0,0,0,0,12
aScope_Broncho_Quick_Guide (1).pdf,361a1bc46c6f7cc9ea03379e2d1b40e354cf77e7ee39546b253fd3b70154b9bd,Ambu,2,0,0,0,0,false,corpus_text_extraction,0,0,0,0,0,0,0,0,0,0,0
aScope_Broncho_Quick_Guide.pdf,361a1bc46c6f7cc9ea03379e2d1b40e354cf77e7ee39546b253fd3b70154b9bd,Ambu,2,0,0,0,0,false,corpus_text_extraction,0,0,0,0,0,0,0,0,0,0,0
cardinal-health-cardiothoratic-catalog.pdf,ed4fdb1e0b8ff5f069d18a9eceff26e27b4a3d2954f550ef48391e2210687189,Cardinal Health,7,4,24,4,0,true,corpus_text_extraction,0,12,0,9,0,0,0,0,0,0,3
cookmedical.pdf,e056b9d40d26414d34a99ad31e34d301baab8e60706ec38fa5b2cda6e14bcf96,Cook Medical,30,5,3,7,0,false,corpus_text_extraction,0,0,0,0,0,0,0,0,0,0,3
eb-530us-esp.pdf,76d4b5d2d8584edef71c0915cdaa6e34227055e838fde09e32ed3f5874e59f03,FUJIFILM Corporation,2,0,0,0,0,false,corpus_text_extraction,0,0,0,0,0,0,0,0,0,0,0
en_productbrochure_ziehmvisionrfd3d_rev10_02_2026.pdf,97e9a67abbe22dda366a9f800705b6095953a23a040436dfd7977720bd258702,Ziehm Imaging,17,10,12,0,0,false,corpus_text_extraction,0,0,0,0,0,0,0,0,0,0,12
ent-why-power-apexcut-blades-brochure.pdf,9bbd927bf262ffb246d0a7a3c98068d5d3fd52b06212fc38d10a37521e9b7e60,Medtronic,12,10,27,0,2,true,corpus_text_extraction,0,0,0,0,0,0,0,0,0,0,27
factsheet_eb_710us.pdf,2a4ce555ddc72e3190f562c438d2cc6f10a9c6b09d73c2b8d49f2aab4d2ff25b,FUJIFILM,3,3,10,0,2,true,corpus_text_extraction,0,5,0,0,0,1,1,0,0,0,3
hood-labs-F973-Airway-catalog-6-2022.pdf,a6288d2256bdbb7635d1793fa061c7aa04d7707cc0f80fd19b245ffeb00563bf,Hood Laboratories,15,9,140,2,6,true,corpus_text_extraction,0,57,0,0,0,82,0,0,0,0,1
intuitive-ion-system-brochure-1051118.pdf,9aab379d85267e860f2983c1b503d84e26e77dce8465822fb7ecd27909d06ddd,Intuitive Surgical,11,8,30,2,2,true,corpus_text_extraction,0,5,0,0,0,1,0,0,0,0,24
novatech__stents_pulmonares__catalogo.pdf,792f87fb3a1b36dabe3f2845ca7b9a5f410c7a20a551fe3d393c8732399db210,Novatech,20,6,152,2,3,true,corpus_text_extraction,141,7,0,0,0,0,0,0,0,0,4
shiley-flex-taperguard-cuff-sizing-guide.pdf,ee3c1dad32025a8e0382335066e152c95a917e12b6b60799ee2a119402a1419d,Medtronic,3,3,17,1,1,true,corpus_text_extraction,0,0,0,0,0,10,1,0,0,0,6
shiley-flexible-adult-tracheostomy-tubes-brochure copy.pdf,2f951318ef77c1a128099a5b659451ce057fa595e7ae7736f3f158b97ebe63b8,Medtronic,7,5,57,0,3,true,corpus_text_extraction,0,4,0,17,36,0,0,0,0,0,0
shiley-flexible-adult-tracheostomy-tubes-brochure.pdf,2f951318ef77c1a128099a5b659451ce057fa595e7ae7736f3f158b97ebe63b8,Medtronic,7,5,57,0,3,true,corpus_text_extraction,0,4,1,17,13,16,0,0,1,0,5
shiley-flexible-adult-tracheostomy-tubes-comparison-information-sheet.pdf,9116b26e9ccc4869bc0cc772eb73d500c4161c4048c34f5a8055a379e82a38d9,Medtronic,2,2,59,0,2,true,corpus_text_extraction,0,4,0,17,13,16,0,0,1,0,8
shiley-flexible-tracheostomy-a-sku-sizing-information-sheet.pdf,4ffe5f0269838b2b83ad2d39b949c6f52ce4a3b04108ccc2b2b14c2f0d0cd1b5,Medtronic,2,1,41,0,1,true,corpus_text_extraction,0,4,0,17,13,0,0,0,1,0,6
shiley-flexible-tracheostomy-enhanced-portfolio-comparison-guide.pdf,dff660c435161f6db3df548bb2c3960a9331a9d77059902cf4f3c0bef4b7d87e,Medtronic,4,2,5,0,0,false,corpus_text_extraction,0,0,0,0,0,1,0,0,0,0,4
shiley-flexible-tracheostomy-tube-customer-brochure.pdf,19dbf065c41b40957d93e47602140978ce2c0139b719c41da8fc0f2c86015649,Medtronic,4,2,5,0,0,false,corpus_text_extraction,0,0,0,0,0,1,0,0,0,0,4
shiley-speaking-valves-product-brochure.pdf,a4437c412d08bdde1d241f709f881b2b5a910acc07ee8259038a162d43a1b943,Medtronic,8,4,6,0,0,false,corpus_text_extraction,0,0,0,0,0,0,0,0,0,0,6
shiley-xlt-extended-length-tracheostomy-tubes-brochure.pdf,0090c7bdbebc6dfbcae25a4c1c623767a514cdbb729d8a61c3f7d5d6adf74558,Medtronic,2,2,31,1,1,true,corpus_text_extraction,0,8,0,4,8,0,0,0,0,0,11
tracheostomy-tubes-accessories-reimbursement-coding-guide.pdf,1428450fb79dc9794e21b452f21aea109e38b936d5d91b45a2d61a6d18e15b34,Medtronic,8,4,20,0,0,false,corpus_text_extraction,0,0,0,0,0,0,0,0,0,0,20
