CellId	Radius	Length	Curvature	Torsion	Tortuosity	StartPointPosition_R	StartPointPosition_A	StartPointPosition_S	EndPointPosition_R	EndPointPosition_A	EndPointPosition_S
0	7.89238	119.834	0.023268	0.0279518	0.0741071	8.19553	177.101	-59.5284	11.6802	154.757	-168.779
1	5.19938	54.8833	0.0197859	-0.0487205	0.0218599	11.6802	154.757	-168.779	-32.21	161.757	-198.934
2	4.03869	10.2564	0.031445	0	0.00496499	-32.21	161.757	-198.934	-37.7801	156.934	-205.995
3	3.09099	23.4381	0.0433917	0.10989	0.0127715	-37.7801	156.934	-205.995	-50.1465	153.819	-225.307
4	2.11493	15.5887	0.0660382	0.0770217	0.0119142	-50.1465	153.819	-225.307	-57.427	149.88	-238.299
5	1.9513	9.16338	0.0753572	-0.178055	0.00996217	-57.427	149.88	-238.299	-61.1291	150.105	-246.579
6	1.85713	9.78232	0.0856121	-0.402857	0.0152713	-61.1291	150.105	-246.579	-67.1898	145.206	-252.245
7	1.69297	12.6504	0.108622	0.137525	0.0199945	-67.1898	145.206	-252.245	-74.9689	143.336	-261.722
8	1.64554	21.3711	0.0691715	0.270088	0.0248505	-74.9689	143.336	-261.722	-85.1369	133.776	-277.216
9	1.49006	37.5956	0.107033	0.0592143	0.0511559	-85.1369	133.776	-277.216	-109.479	127.55	-302.67
10	1.45724	5.68043	0.224225	-0.233733	0.0683634	-109.479	127.55	-302.67	-110.172	127.01	-307.914
11	1.61615	2.70073	0.109802	0	0.00503856	-109.479	127.55	-302.67	-112.073	127.713	-301.988
12	1.53537	28.8789	0.0910462	-0.117654	0.0313068	-85.1369	133.776	-277.216	-91.1302	110.484	-291.557
13	1.49897	39.7798	0.0693057	0.0782435	0.0147825	-74.9689	143.336	-261.722	-109.128	144.168	-280.935
14	1.64663	22.1487	0.0851284	-0.164626	0.0264126	-67.1898	145.206	-252.245	-81.5993	130.5	-258.705
15	1.56177	19.3368	0.0935383	0.149248	0.052647	-81.5993	130.5	-258.705	-98.4002	123.077	-258.987
16	1.53587	20.4223	0.103269	0.194502	0.044931	-81.5993	130.5	-258.705	-92.7063	114.439	-259.515
17	1.69788	17.619	0.072905	0.674581	0.0110395	-61.1291	150.105	-246.579	-61.7403	159.216	-261.422
18	1.50043	18.7732	0.0990629	-0.126203	0.0147124	-61.7403	159.216	-261.422	-73.3585	157.291	-275.691
19	1.53768	23.0196	0.104798	-0.0395472	0.0510338	-61.7403	159.216	-261.422	-54.5094	177.551	-270.975
20	1.56276	30.2817	0.10943	0.0799617	0.0401166	-57.427	149.88	-238.299	-73.7254	125.872	-240.658
21	2.22492	11.9768	0.125208	-0.0937685	0.0720115	-50.1465	153.819	-225.307	-48.9586	146.403	-233.578
22	1.75144	17.1723	0.090317	0.317525	0.0388764	-48.9586	146.403	-233.578	-55.9033	131.505	-235.326
23	1.60061	24.6897	0.0773519	-0.259068	0.0404539	-55.9033	131.505	-235.326	-66.4581	110.282	-234.192
24	1.54305	35.4477	0.102667	-0.149676	0.0468585	-55.9033	131.505	-235.326	-62.8559	103.548	-253.121
25	2.09497	15.0174	0.0499957	0.0624369	0.0219965	-50.1465	153.819	-225.307	-63.1253	155.387	-232.016
26	1.84798	9.80525	0.131664	-0.248172	0.0283557	-63.1253	155.387	-232.016	-67.168	161.308	-238.301
27	1.73802	12.2796	0.0856244	-0.229245	0.0164819	-67.168	161.308	-238.301	-74.7024	166.206	-246.375
28	1.55086	27.8506	0.0875669	0.279226	0.0780763	-74.7024	166.206	-246.375	-87.7895	182.829	-261.2
29	1.84842	4.0111	0.130396	0	0.00946801	-67.168	161.308	-238.301	-66.526	165.182	-237.695
30	1.49792	7.99565	0.114897	0.318831	0.0217042	-66.526	165.182	-237.695	-72.1107	170.63	-237.08
31	1.57984	4.56687	0.0675454	0	0.00635323	-66.526	165.182	-237.695	-63.0399	167.537	-239.397
32	2.03812	5.28877	0.0651485	0	0.00642092	-63.1253	155.387	-232.016	-67.9468	153.335	-232.416
33	1.67081	15.7053	0.0810534	0.249454	0.0161552	-67.9468	153.335	-232.416	-82.4356	153.199	-237.795
34	1.55653	15.3577	0.0977185	0.848939	0.0163126	-82.4356	153.199	-237.795	-92.6825	144.134	-244.212
35	2.05914	11.0708	0.0662518	-0.502359	0.0146341	-48.9586	146.403	-233.578	-46.7847	143.11	-243.75
36	1.60829	12.6348	0.109074	0.15826	0.047263	-46.7847	143.11	-243.75	-37.0432	145.86	-250.315
37	1.48567	10.1333	0.122594	0.28204	0.0181257	-37.0432	145.86	-250.315	-33.0028	153.687	-254.949
38	1.46256	8.24494	0.146716	-0.172399	0.0218864	-37.0432	145.86	-250.315	-31.9563	140.181	-252.955
39	3.01091	10.2805	0.062732	-0.696178	0.0125719	-37.7801	156.934	-205.995	-40.3932	147.227	-204.569
40	2.17012	7.89403	0.078056	-0.594663	0.0154786	-40.3932	147.227	-204.569	-44.1834	142.159	-200.054
41	1.80364	10.2795	0.124678	0.538305	0.0344494	-44.1834	142.159	-200.054	-50.738	134.732	-199.264
42	1.60853	46.0558	0.0616612	-0.248025	0.0106935	-74.7024	166.206	-246.375	-114.584	178.785	-264.477
43	1.60439	8.34312	0.131494	0.592361	0.0304119	-114.584	178.785	-264.477	-121.058	183.631	-264.067
44	1.48331	7.01902	0.142845	-0.457956	0.0154372	-114.584	178.785	-264.477	-117.991	177.374	-270.324
45	1.79785	6.03729	0.133336	0.155328	0.0190243	-82.4356	153.199	-237.795	-87.9619	155.323	-237.572
46	1.5393	12.7236	0.110342	-0.147404	0.0517046	-87.9619	155.323	-237.572	-94.5978	165.112	-235.022
47	1.56032	25.5671	0.10464	0.22949	0.0616565	-87.9619	155.323	-237.572	-110.356	160.917	-244.437
48	1.73322	8.05251	0.0955389	-1.30296	0.0173493	-67.9468	153.335	-232.416	-73.4898	149.141	-228.63
49	1.5581	13.9366	0.127692	0.225071	0.0984021	-73.4898	149.141	-228.63	-84.3694	148.285	-222.158
50	1.53116	10.1946	0.106884	0.454942	0.0213363	-84.3694	148.285	-222.158	-88.5733	139.239	-222.515
51	2.06304	11.9045	0.0585659	-0.39659	0.0111031	-46.7847	143.11	-243.75	-47.4706	137.823	-254.248
52	1.88867	9.0862	0.0883378	0.489867	0.0206165	-47.4706	137.823	-254.248	-46.1563	129.309	-256.492
53	1.56351	12.2317	0.0796759	-0.332883	0.0126879	-46.1563	129.309	-256.492	-39.4602	119.33	-255.276
54	1.7953	13.0376	0.0757158	-0.21243	0.0357332	-47.4706	137.823	-254.248	-54.099	135.573	-264.71
55	1.56389	31.0035	0.101841	-0.0679422	0.0329642	-54.099	135.573	-264.71	-65.6805	112.119	-279.428
56	1.74946	14.4251	0.0552959	-0.0543819	0.0116497	-47.4706	137.823	-254.248	-41.5927	135.222	-266.976
57	1.60458	11.2881	0.109886	-0.671421	0.0286508	-41.5927	135.222	-266.976	-34.4123	128.791	-272.221
58	2.15198	7.4206	0.100587	0.602414	0.00854008	-40.3932	147.227	-204.569	-38.1134	141.065	-207.881
59	1.82653	4.55297	0.161717	0	0.0216314	-38.1134	141.065	-207.881	-34.6203	139.943	-210.41
60	1.52672	22.8046	0.117535	-0.0856048	0.0565562	-34.6203	139.943	-210.41	-19.4686	124.882	-207.335
61	1.74296	7.6624	0.0771581	0.105087	0.0161401	-73.4898	149.141	-228.63	-78.0192	143.129	-228.193
62	1.65895	8.35391	0.130828	0.224141	0.0445814	-78.0192	143.129	-228.193	-80.4788	136.438	-224.567
63	1.52648	5.06996	0.161306	-0.172548	0.0314814	-80.4788	136.438	-224.567	-79.3707	131.684	-225.145
64	1.58952	20.2626	0.118152	-0.30339	0.0272813	-78.0192	143.129	-228.193	-96.8953	137.417	-228.545
65	1.45993	18.9906	0.13774	-0.0230444	0.0687786	-96.8953	137.417	-228.545	-111.647	137.474	-218.641
66	1.39956	8.79058	0.11901	0.777797	0.0233658	-96.8953	137.417	-228.545	-102.711	137.945	-234.844
67	1.55007	15.6578	0.12321	-0.036141	0.0595146	-84.3694	148.285	-222.158	-99.0684	148.028	-220.651
68	1.51296	11.7122	0.10851	-0.155904	0.0325357	-99.0684	148.028	-220.651	-108.989	147.181	-215.216
69	1.44448	3.53958	0.189245	0	0.0188887	-99.0684	148.028	-220.651	-100.929	147.998	-223.585
70	1.68299	14.538	0.0922078	-0.0849377	0.0269145	-46.1563	129.309	-256.492	-46.569	117.923	-264.895
71	1.58973	14.7628	0.122379	0.255487	0.0466994	-46.569	117.923	-264.895	-44.9108	104.196	-267.68
72	1.55698	22.9519	0.104364	0.204671	0.0214606	-46.569	117.923	-264.895	-47.7137	104.862	-283.144
73	1.78023	5.64164	0.141231	-0.104277	0.032745	-54.099	135.573	-264.71	-54.6541	136.212	-270.107
74	1.56123	53.5842	0.0807161	0.140928	0.0159241	-54.6541	136.212	-270.107	-73.7461	110.221	-311.843
75	1.76273	7.42532	0.118576	-0.872234	0.0324106	-41.5927	135.222	-266.976	-41.0452	135.144	-274.147
76	1.54033	41.0213	0.0909936	0.0550713	0.0168519	-41.0452	135.144	-274.147	-39.8892	117.796	-310.55
77	1.54665	34.1093	0.081468	0.0796054	0.053051	-38.1134	141.065	-207.881	-44.7016	109.36	-207.148
78	1.51178	10.0458	0.112583	-0.00122504	0.0362673	-44.7016	109.36	-207.148	-42.9554	100.008	-205.282
79	1.52046	3.56299	0.0678817	0	0.00276487	-44.7016	109.36	-207.148	-47.8485	107.735	-207.436
80	1.62714	10.5247	0.0622795	-0.0167199	0.0103558	-34.6203	139.943	-210.41	-31.2913	136.687	-219.728
81	1.46523	42.031	0.0996458	0.114744	0.0424132	-31.2913	136.687	-219.728	-25.7387	110.127	-249.553
82	1.48892	7.47688	0.139993	-0.788614	0.0231766	-31.2913	136.687	-219.728	-29.773	137.404	-226.84
83	1.71991	9.73329	0.0439342	-0.409311	0.00468125	-44.1834	142.159	-200.054	-41.5169	136.279	-192.831
84	1.72416	4.67588	0.191079	0	0.0367454	-41.5169	136.279	-192.831	-38.1238	134.504	-190.448
85	1.43477	4.21658	0.138368	-0.54501	0.0121485	-38.1238	134.504	-190.448	-37.2631	134.261	-186.38
86	1.68459	9.11938	0.146829	0.202877	0.0527307	-54.6541	136.212	-270.107	-52.0797	138.423	-278.078
87	1.51659	25.426	0.145488	-0.381827	0.0374587	-52.0797	138.423	-278.078	-52.585	129.885	-301.045
88	1.50133	12.2532	0.108681	-0.0488959	0.0410186	-52.0797	138.423	-278.078	-50.073	149.955	-279.316
89	1.59739	18.0402	0.107174	0.131212	0.0222477	-41.0452	135.144	-274.147	-34.7083	142.741	-288.761
90	1.41939	7.63886	0.178985	0.254843	0.0370857	-34.7083	142.741	-288.761	-33.8642	142.518	-296.074
91	1.79539	16.7323	0.0544281	0.229727	0.020878	-38.1134	141.065	-207.881	-37.9813	125.527	-213.095
92	1.74687	9.49386	0.142137	-0.0965511	0.0379005	-37.9813	125.527	-213.095	-39.2693	117.524	-217.333
93	1.55864	38.9222	0.0981663	0.0585073	0.0493366	-39.2693	117.524	-217.333	-47.0655	83.1608	-228.918
94	1.50869	23.5553	0.110047	-0.160297	0.0268557	-39.2693	117.524	-217.333	-35.3571	100.595	-232.31
95	1.70134	9.37395	0.115545	0.119654	0.0319221	-37.9813	125.527	-213.095	-33.6001	117.647	-211.986
96	1.55392	17.7323	0.132951	-0.000505458	0.060441	-33.6001	117.647	-211.986	-18.7333	110.522	-214.782
97	1.64356	17.7376	0.0825168	-0.130023	0.0374924	-41.5169	136.279	-192.831	-41.4714	121.725	-183.862
98	1.51676	24.0418	0.112971	-0.0210007	0.0661668	-41.4714	121.725	-183.862	-42.872	100.057	-177.776
99	1.591	20.1105	0.125889	0.384471	0.0372808	-38.1238	134.504	-190.448	-30.8134	116.558	-191.049
100	1.45489	11.1125	0.104143	0.219345	0.0232048	-30.8134	116.558	-191.049	-32.0192	107.556	-185.094
101	1.46228	4.49702	0.206216	0.141922	0.0396931	-30.8134	116.558	-191.049	-28.6516	113.185	-192.681
102	3.41369	14.6045	0.0545897	-0.0548783	0.0189868	-32.21	161.757	-198.934	-43.4471	170.191	-196.1
103	2.76512	14.7632	0.0533539	-0.328148	0.00741636	-43.4471	170.191	-196.1	-54.3819	178.407	-201.36
104	1.91884	11.5889	0.0680546	-0.100216	0.01072	-54.3819	178.407	-201.36	-59.8848	182.333	-210.622
105	1.5631	7.69824	0.0722544	0.773295	0.00698683	-59.8848	182.333	-210.622	-60.7378	175.855	-214.589
106	1.59117	11.1503	0.0915377	-0.295904	0.0147229	-80.4788	136.438	-224.567	-86.8105	129.982	-218.324
107	1.5197	17.137	0.0983054	0.0993594	0.0798284	-86.8105	129.982	-218.324	-100.877	130.015	-210.976
108	1.45328	2.88676	0.0546165	0	0.00263373	-100.877	130.015	-210.976	-101.532	132.625	-209.952
109	1.53478	2.70643	0.182236	0	0.0134686	-100.877	130.015	-210.976	-101.79	128.119	-209.331
110	1.52202	5.24303	0.162214	0.126527	0.0285956	-86.8105	129.982	-218.324	-86.8656	127.131	-214.099
111	1.44936	12.5872	0.220914	0.0530344	0.129671	-86.8656	127.131	-214.099	-86.3891	116.191	-212.04
112	1.46486	23.0751	0.142739	0.61014	0.0450802	-86.8656	127.131	-214.099	-104.939	127.907	-201.44
113	1.58235	5.10502	0.0718792	0.155676	0.00823627	-34.7083	142.741	-288.761	-34.9276	147.8	-288.76
114	1.55531	9.20596	0.12993	0.0263542	0.0296106	-34.9276	147.8	-288.76	-37.5514	156.336	-288.317
115	0.862136	3.49542	0.268304	-0.978006	0.0477911	-34.9276	147.8	-288.76	-34.3661	148.417	-291.99
116	1.58464	8.74912	0.128951	0.298949	0.0461026	-39.2693	117.524	-217.333	-33.3116	111.655	-217.276
117	1.60171	21.8404	0.10036	0.150261	0.0275171	-33.3116	111.655	-217.276	-31.1979	90.5089	-216.844
118	1.50366	12.0884	0.202422	-0.11448	0.190564	-33.6001	117.647	-211.986	-27.0935	111.297	-207.466
119	1.60035	18.7126	0.113947	-0.00897467	0.0238534	-27.0935	111.297	-207.466	-27.8192	93.0448	-206.853
120	1.48948	6.58383	0.162247	-0.134061	0.0496621	-27.0935	111.297	-207.466	-21.3673	108.757	-207.15
121	1.52333	11.2702	0.18238	0.554885	0.0663247	-41.4714	121.725	-183.862	-34.3724	114.863	-180.09
122	1.47923	5.95938	0.14236	-2.09237	0.0352979	-34.3724	114.863	-180.09	-33.576	113.561	-174.54
123	1.44743	8.55516	0.181469	-0.285418	0.0299743	-33.576	113.561	-174.54	-26.2765	114.381	-170.662
124	1.53317	6.11749	0.21447	0.379735	0.0627533	-34.3724	114.863	-180.09	-28.9255	113.209	-179.235
125	1.44929	28.1693	0.121726	0.186356	0.0356342	-28.9255	113.209	-179.235	-27.1029	91.2151	-163.335
126	1.57471	12.7291	0.107042	-0.017553	0.0227923	-41.4714	121.725	-183.862	-43.9745	112.887	-175.464
127	1.50169	19.8284	0.11024	0.0919453	0.115255	-43.9745	112.887	-175.464	-56.7686	106.385	-164.97
128	6.66132	17.5719	0.0382006	0	0.0122699	11.6802	154.757	-168.779	24.5999	158.119	-179.874
129	4.02228	21.6696	0.0363772	0.13685	0.0170233	24.5999	158.119	-179.874	45.3157	159.731	-175.158
130	2.3853	15.2949	0.0438174	0.0678832	0.0161401	45.3157	159.731	-175.158	52.3007	147.698	-169.415
131	1.93555	6.47331	0.122646	0.169886	0.013753	52.3007	147.698	-169.415	58.2237	145.388	-168.82
132	1.57517	11.0775	0.126487	0.358261	0.0383155	58.2237	145.388	-168.82	62.4929	142.165	-178.051
133	2.78536	12.2088	0.0632586	-0.165889	0.0113222	-43.4471	170.191	-196.1	-47.1773	172.648	-184.885
134	2.36775	6.80385	0.0624075	0.10454	0.00815462	-47.1773	172.648	-184.885	-50.7395	176.891	-181.031
135	1.75834	13.1227	0.0962069	-0.210884	0.0277961	-50.7395	176.891	-181.031	-60.6215	171.331	-175.162
136	1.62278	27.5543	0.0748583	-0.0994668	0.0156362	-60.6215	171.331	-175.162	-74.8655	148.748	-170.349
137	2.07226	14.0915	0.0693381	-0.0399052	0.0120658	-47.1773	172.648	-184.885	-47.7084	166.57	-172.369
138	1.7117	11.9857	0.0929665	-0.16488	0.0301574	-47.7084	166.57	-172.369	-52.1612	157.619	-166.418
139	1.59379	10.5905	0.15614	0.687334	0.0499358	-52.1612	157.619	-166.418	-54.4964	147.813	-166.782
140	1.50796	4.61373	0.209955	-0.359833	0.0284303	-33.3116	111.655	-217.276	-31.722	111.243	-221.45
141	1.46448	33.1221	0.117258	0.0423714	0.161021	-31.722	111.243	-221.45	-26.4498	90.2143	-239.994
142	1.46474	9.85654	0.152198	1.14323	0.0355904	-33.576	113.561	-174.54	-33.8693	106.166	-168.555
143	1.44085	19.0009	0.178916	-0.407191	0.0393545	-33.8693	106.166	-168.555	-33.4476	102.936	-150.566
144	1.45054	23.9525	0.140839	0.00352295	0.0912828	-33.8693	106.166	-168.555	-34.4268	89.4498	-154.342
145	1.57047	8.55524	0.113661	0.12819	0.0216144	-28.9255	113.209	-179.235	-20.6828	114.134	-178.082
146	1.42667	3.5684	0.169146	0	0.0148699	-20.6828	114.134	-178.082	-18.0327	113.987	-175.776
147	1.53012	2.81244	0.246853	0	0.020314	-20.6828	114.134	-178.082	-18.8529	113.933	-180.133
148	1.45912	16.4589	0.152364	-0.449103	0.0498175	-43.9745	112.887	-175.464	-44.2595	103.099	-163.22
149	1.45539	3.05253	0.123323	0	0.00901858	-44.2595	103.099	-163.22	-43.6672	105.511	-161.493
150	4.94406	33.217	0.0305829	-0.0383748	0.0144096	24.5999	158.119	-179.874	39.9767	159.847	-208.733
151	2.74009	23.5214	0.0710565	0.175574	0.0557107	39.9767	159.847	-208.733	53.0737	176.733	-215.036
152	2.05968	20.2333	0.0760694	-0.44858	0.0173748	53.0737	176.733	-215.036	72.562	180.676	-215.458
153	1.79108	7.05772	0.111816	-1.18538	0.012902	72.562	180.676	-215.458	78.9305	177.971	-214.638
154	1.48711	5.01587	0.25057	0.0618487	0.0752392	78.9305	177.971	-214.638	80.9316	175.94	-210.945
155	1.78771	14.076	0.0651804	-0.400473	0.0178734	72.562	180.676	-215.458	81.8828	190.781	-213.959
156	1.73127	6.07408	0.2073	2.57118	0.0312605	81.8828	190.781	-213.959	85.258	194.114	-217.451
157	1.57376	2.24959	0.285508	0	0.0385286	85.258	194.114	-217.451	85.0934	194.634	-219.547
158	1.95876	9.98702	0.0747443	0.0204147	0.0183723	52.3007	147.698	-169.415	51.2881	139.201	-164.626
159	1.7174	6.9057	0.159344	0.739089	0.0202636	51.2881	139.201	-164.626	48.9598	135.865	-159.216
160	1.46473	37.1495	0.095635	-0.0835758	0.016099	48.9598	135.865	-159.216	51.5032	111.808	-131.802
161	1.7868	12.7424	0.0752864	-0.156893	0.0214148	51.2881	139.201	-164.626	54.5136	127.169	-163.951
162	1.78159	2.88997	0.122178	0	0.0058866	54.5136	127.169	-163.951	56.2689	125.166	-162.873
163	1.49409	14.2424	0.141761	0.206871	0.103372	56.2689	125.166	-162.873	66.922	117.879	-163.066
164	1.54179	17.3809	0.147684	0.216418	0.0805333	56.2689	125.166	-162.873	64.7915	112.37	-158.142
165	1.79132	11.4422	0.0960585	-0.591683	0.0156499	58.2237	145.388	-168.82	66.343	139.002	-164.324
166	1.53275	28.6786	0.0869742	0.185464	0.0364307	66.343	139.002	-164.324	79.0612	124.121	-144.767
167	2.08115	15.277	0.0473168	-0.430818	0.00864227	45.3157	159.731	-175.158	50.5353	161.439	-161.043
168	1.79879	11.0506	0.0806379	-0.335932	0.0126239	50.5353	161.439	-161.043	53.6988	168.133	-153.026
169	1.78124	5.71134	0.159962	0.535011	0.032961	53.6988	168.133	-153.026	52.5069	170.757	-148.307
170	1.58848	8.84441	0.129464	0.32574	0.0283254	52.5069	170.757	-148.307	50.1027	178.756	-146.258
171	1.69388	12.6646	0.0745851	-0.310476	0.0131206	53.6988	168.133	-153.026	62.8144	173.605	-146.451
172	1.49278	16.0132	0.124208	-0.27275	0.058511	62.8144	173.605	-146.451	73.4182	175.044	-135.758
173	1.49103	31.0041	0.0953402	-0.0618092	0.0408102	62.8144	173.605	-146.451	69.5886	198.442	-131.465
174	1.7742	12.4893	0.104196	-0.158805	0.0237212	50.5353	161.439	-161.043	52.7072	156.826	-149.96
175	1.70283	10.901	0.0639314	-0.198191	0.00949455	52.7072	156.826	-149.96	48.5002	152.338	-141.085
176	1.51509	6.80554	0.172788	0.203724	0.0634518	48.5002	152.338	-141.085	44.6731	147.859	-138.586
177	1.65246	15.393	0.0747396	0.039038	0.0225444	52.7072	156.826	-149.96	61.4297	152.565	-138.454
178	1.4792	36.577	0.125118	-0.0102313	0.0731939	61.4297	152.565	-138.454	67.594	136.832	-108.856
179	1.49005	17.4341	0.105585	0.39638	0.0411438	61.4297	152.565	-138.454	68.0406	141.452	-127.815
180	2.55603	11.3908	0.0804096	0.0145266	0.0239322	45.3157	159.731	-175.158	52.9257	167.738	-176.477
181	2.2979	15.038	0.0558875	1.38206	0.0164334	52.9257	167.738	-176.477	57.3858	181.616	-173.948
182	1.77364	13.393	0.0996017	0.215522	0.041553	57.3858	181.616	-173.948	67.9821	185.784	-167.973
183	1.4875	6.49628	0.111395	1.04265	0.0126237	67.9821	185.784	-167.973	70.5558	183.561	-162.534
184	1.93028	14.4786	0.0644366	-0.0354949	0.0115064	52.9257	167.738	-176.477	67.0538	166.856	-174.354
185	1.58209	23.05	0.0842308	0.528364	0.0246254	67.0538	166.856	-174.354	85.3459	164.419	-161.488
186	1.58364	27.6816	0.10841	0.0154751	0.0420503	85.3459	164.419	-161.488	110.825	171.519	-159.02
187	1.52634	28.4572	0.0919748	-0.387681	0.079381	85.3459	164.419	-161.488	106.382	150.159	-154.473
188	2.21491	6.07007	0.122898	0	0.020075	-54.3819	178.407	-201.36	-59.0494	181.826	-199.968
189	1.86449	9.53989	0.0696333	0.0433005	0.0105643	-59.0494	181.826	-199.968	-66.7567	176.384	-199.654
190	1.53662	18.3294	0.160521	-0.255463	0.150188	-66.7567	176.384	-199.654	-79.1127	172.14	-208.78
191	1.50976	12.4414	0.106506	0.160686	0.0205451	-79.1127	172.14	-208.78	-90.5894	172.897	-204.739
192	1.4805	22.3725	0.0983216	-0.21705	0.018644	-79.1127	172.14	-208.78	-98.5646	171.48	-218.956
193	1.72756	13.2149	0.0754429	0.284901	0.0156151	-66.7567	176.384	-199.654	-78.0083	170.989	-195.966
194	1.61063	14.8644	0.0868022	0.41101	0.0172925	-78.0083	170.989	-195.966	-91.2476	164.979	-197.417
195	1.55372	14.1607	0.14753	-0.124002	0.0474402	-78.0083	170.989	-195.966	-88.4355	170.283	-187.39
196	2.09697	8.19056	0.0848862	0.126075	0.0176247	-59.0494	181.826	-199.968	-63.621	188.445	-200.242
197	1.89321	6.60817	0.0865063	-0.115424	0.00740862	-63.621	188.445	-200.242	-64.2489	194.859	-199.021
198	1.58057	4.50377	0.059506	0.0918837	0.00300845	-64.2489	194.859	-199.021	-60.4117	196.955	-197.999
199	1.74109	14.2012	0.066871	-0.146268	0.0223574	-63.621	188.445	-200.242	-77.3147	190.67	-199.549
200	1.53319	26.6735	0.0860893	0.312468	0.0309809	-77.3147	190.67	-199.549	-93.2802	197.349	-180.317
201	1.90074	8.9787	0.0654535	0.952868	0.0130345	-59.8848	182.333	-210.622	-64.7978	188.617	-214.487
202	1.79226	13.8241	0.098604	0.122548	0.032438	-64.7978	188.617	-214.487	-75.8015	196.109	-215.927
203	1.51354	16.9704	0.101666	-0.231872	0.0298268	-75.8015	196.109	-215.927	-91.1417	195.212	-221.879
204	1.9759	11.111	0.0572345	0.903594	0.00959827	-50.7395	176.891	-181.031	-53.2246	185.758	-175.004
205	1.67394	14.8406	0.0678262	-0.0211882	0.00664517	-53.2246	185.758	-175.004	-59.0529	187.338	-161.555
206	1.57888	17.7657	0.109261	0.804523	0.0401765	-59.0529	187.338	-161.555	-62.5808	186.64	-144.858
207	1.59419	7.30921	0.113284	-0.545984	0.0193842	-60.6215	171.331	-175.162	-66.0476	172.154	-170.548
208	1.50911	18.2159	0.0930441	0.048925	0.0264081	-66.0476	172.154	-170.548	-77.9486	165.035	-159.473
209	1.53745	18.116	0.113055	0.223803	0.0403229	-66.0476	172.154	-170.548	-80.4459	181.313	-167.076
210	1.78567	12.0844	0.114763	0.394335	0.0292096	-47.7084	166.57	-172.369	-44.8131	164.334	-161.212
211	1.66057	23.6026	0.120878	0.521645	0.0254587	-44.8131	164.334	-161.212	-44.4722	170.028	-138.914
212	1.47853	19.4177	0.0994814	-0.855205	0.0215201	-44.4722	170.028	-138.914	-43.5802	164.407	-120.777
213	1.5474	27.9377	0.0730268	1.39713	0.0161401	-31.722	111.243	-221.45	-32.4627	84.4961	-227.772
214	1.46619	5.04561	0.106639	-0.111021	0.00810643	-32.4627	84.4961	-227.772	-32.4425	80.176	-225.245
215	1.39302	3.53801	0.194247	0	0.0207583	-32.4627	84.4961	-227.772	-32.344	83.5357	-231.101
216	1.63842	1.76173	0.148269	0	0.0105382	-44.2595	103.099	-163.22	-44.81	101.7	-162.337
217	1.48567	11.6021	0.0902268	-0.1287	0.00908908	-44.81	101.7	-162.337	-54.7455	101.99	-156.558
218	1.75053	8.47558	0.0841172	0.31614	0.0209746	78.9305	177.971	-214.638	87.2255	178.18	-214.387
219	1.51164	19.771	0.170236	0.0905799	0.112027	87.2255	178.18	-214.387	104.023	180.794	-209.181
220	1.59932	29.7605	0.0767221	-0.153335	0.0201033	81.8828	190.781	-213.959	102.977	208.095	-203.645
221	1.52728	22.5202	0.12154	-0.13301	0.0401427	102.977	208.095	-203.645	102.719	229.267	-199.122
222	1.45573	12.8251	0.116658	0.130085	0.0566261	85.258	194.114	-217.451	84.5798	203.482	-225.139
223	2.281	10.053	0.10416	-0.281193	0.0169084	53.0737	176.733	-215.036	55.6705	186.27	-215.215
224	2.0933	6.72954	0.150759	1.14264	0.0439631	55.6705	186.27	-215.215	56.452	192.533	-213.903
225	1.83306	8.49344	0.13102	0.0525326	0.0525478	56.452	192.533	-213.903	53.1373	199.877	-214.34
226	1.57564	13.3654	0.100907	0.0519002	0.0403305	53.1373	199.877	-214.34	54.6246	210.132	-206.745
227	1.5704	36.8958	0.0941546	-0.156905	0.0385712	53.1373	199.877	-214.34	49.4781	234.707	-220.303
228	3.87216	6.20029	0.0687608	0	0.00851636	39.9767	159.847	-208.733	43.344	157.011	-213.024
229	2.84045	11.2809	0.0604962	0.255931	0.017133	43.344	157.011	-213.024	47.0773	155.001	-223.272
230	1.89018	13.0658	0.0592921	0.73319	0.0259208	47.0773	155.001	-223.272	41.8704	151.042	-234.2
231	1.66418	13.4618	0.100213	-0.161242	0.0304915	41.8704	151.042	-234.2	42.22	141.741	-243.366
232	1.5963	25.6628	0.0965933	0.00575692	0.0258787	42.22	141.741	-243.366	43.7296	118.818	-253.267
233	1.54065	10.1666	0.157699	-0.0492827	0.067758	42.22	141.741	-243.366	39.4495	139.996	-252.307
234	1.71095	5.2899	0.0996437	0.842033	0.010275	41.8704	151.042	-234.2	37.6585	151.514	-237.275
235	1.51362	24.8621	0.113636	-0.336767	0.0341522	37.6585	151.514	-237.275	26.491	157.932	-257.574
236	2.44001	10.5942	0.0927748	0.224986	0.0143205	43.344	157.011	-213.024	46.9126	147.291	-214.393
237	2.01017	5.50141	0.0844784	0	0.00966664	46.9126	147.291	-214.393	44.5025	142.419	-214.01
238	1.74176	7.40648	0.0924914	0.0696728	0.0120478	44.5025	142.419	-214.01	41.8131	137.024	-218.159
239	1.4949	10.7996	0.115987	0.5875	0.0373537	41.8131	137.024	-218.159	33.2557	134.764	-223.64
240	2.04607	11.2363	0.0916314	-0.52598	0.0330984	46.9126	147.291	-214.393	54.9512	140.034	-215.399
241	1.92999	7.57314	0.0955606	-0.175072	0.0201737	54.9512	140.034	-215.399	57.9119	133.393	-216.895
242	1.60049	33.0202	0.0981422	0.104005	0.0411873	57.9119	133.393	-216.895	81.3703	112.228	-214.153
243	1.70058	7.99786	0.0850457	-0.2579	0.0091943	54.9512	140.034	-215.399	62.4847	140.75	-213.046
244	1.50769	5.52872	0.131475	0.195299	0.0176954	62.4847	140.75	-213.046	64.2019	136.399	-210.284
245	1.63373	3.56395	0.2067	0	0.0286702	62.4847	140.75	-213.046	65.5358	142.388	-213.157
246	1.71786	3.85313	0.134351	0	0.0125075	48.9598	135.865	-159.216	45.5104	134.426	-158.5
247	1.52094	11.315	0.103314	-0.31306	0.026141	45.5104	134.426	-158.5	38.6455	129.321	-151.542
248	1.48955	35.6615	0.116632	-0.281708	0.126038	45.5104	134.426	-158.5	45.3425	102.768	-157.626
249	1.76308	8.13632	0.110649	-0.199681	0.0300162	54.5136	127.169	-163.951	52.7621	119.526	-164.905
250	1.59724	7.27155	0.0933608	0.034975	0.0216339	52.7621	119.526	-164.905	55.6598	113.076	-165.718
251	1.45739	5.95319	0.134902	0.313812	0.0130822	52.7621	119.526	-164.905	48.3095	115.702	-165.203
252	1.61033	34.3075	0.0840639	-0.251707	0.0268496	66.343	139.002	-164.324	88.2488	114.567	-170.595
253	1.53624	25.1902	0.0827542	0.0764144	0.0114665	88.2488	114.567	-170.595	88.0182	90.6733	-177.615
254	1.51985	28.1752	0.133442	-0.104457	0.0724853	88.2488	114.567	-170.595	109.886	111.728	-185.221
255	1.69399	8.96143	0.0983908	0.143851	0.0222944	52.5069	170.757	-148.307	54.8304	173.32	-140.253
256	1.5115	16.0449	0.103725	0.39929	0.0189638	54.8304	173.32	-140.253	54.9431	184.927	-129.613
257	1.60596	13.3945	0.0784083	0.051519	0.0226284	48.5002	152.338	-141.085	46.7882	148.005	-128.843
258	1.48548	19.2156	0.0754279	0.003562	0.0218951	46.7882	148.005	-128.843	44.2261	131.907	-119.469
259	1.53522	17.1644	0.0942161	0.121599	0.0450035	46.7882	148.005	-128.843	42.5192	142.004	-114.162
260	1.66564	14.8477	0.0616338	0.0552987	0.00944835	67.9821	185.784	-167.973	78.3743	195.974	-165.846
261	1.48722	10.8787	0.130781	-0.178964	0.04902	78.3743	195.974	-165.846	83.0704	202.784	-159.592
262	1.61384	18.4867	0.0625069	0.114791	0.0170726	78.3743	195.974	-165.846	95.8816	200.801	-166.601
263	2.21097	3.49272	0.11681	0	0.00675458	57.3858	181.616	-173.948	57.9633	185.028	-174.195
264	1.75189	9.58549	0.116014	-0.612794	0.0305826	57.9633	185.028	-174.195	65.2198	188.859	-178.573
265	1.56359	23.5696	0.0834335	0.0601582	0.0203417	65.2198	188.859	-178.573	79.7385	206.75	-176.925
266	1.73357	6.77092	0.0779238	0.387174	0.0106666	67.0538	166.856	-174.354	73.0054	166.138	-177.345
267	1.64595	19.9388	0.0749912	-0.0751934	0.017159	73.0054	166.138	-177.345	90.7496	158.301	-180.169
268	1.56381	16.8303	0.106072	0.342083	0.0272559	90.7496	158.301	-180.169	106.815	161.459	-180.78
269	1.49246	14.5912	0.114487	-0.61671	0.0247076	90.7496	158.301	-180.169	98.9719	147.685	-184.908
270	1.64948	4.39382	0.151999	0	0.0201939	73.0054	166.138	-177.345	74.8438	166.36	-181.234
271	1.46317	21.7733	0.112259	-0.00796611	0.033045	74.8438	166.36	-181.234	75.0471	152.159	-196.807
272	1.56598	13.1463	0.0904749	0.0661816	0.0121345	-77.3147	190.67	-199.549	-89.1378	190.689	-204.926
273	1.53554	3.81036	0.126409	0	0.0104475	-89.1378	190.689	-204.926	-91.857	193.211	-204.243
274	1.53954	11.2438	0.202504	0.156141	0.110083	-89.1378	190.689	-204.926	-99.195	189.686	-205.588
275	1.62706	23.0123	0.0833948	-0.417582	0.0159212	-75.8015	196.109	-215.927	-91.1731	210.239	-224.71
276	1.55925	9.36017	0.0921204	1.807	0.0133158	-91.1731	210.239	-224.71	-94.627	218.788	-225.262
277	1.58926	5.12252	0.162207	-0.0157121	0.0348311	-91.1731	210.239	-224.71	-95.5195	210.868	-226.994
278	1.75222	8.02919	0.13693	0.39552	0.0235252	-64.7978	188.617	-214.487	-67.5762	191.485	-221.239
279	1.80438	15.223	0.075671	0.0370741	0.0150572	-67.5762	191.485	-221.239	-75.1737	202.513	-227.99
280	1.59627	45.7429	0.0723278	0.186605	0.0273935	-75.1737	202.513	-227.99	-106.562	231.81	-239.769
281	1.56786	25.098	0.0905669	-0.167694	0.0277289	-59.0529	187.338	-161.555	-71.0417	200.631	-144.943
282	1.46135	10.465	0.173075	0.0947585	0.0693902	-71.0417	200.631	-144.943	-71.2571	200.057	-135.177
283	1.5034	14.1919	0.0839699	0.133311	0.0154625	-71.0417	200.631	-144.943	-71.0433	214.409	-142.601
284	1.83101	11.9884	0.0825974	0.233777	0.0159097	-53.2246	185.758	-175.004	-53.1431	196.949	-171.263
285	1.83801	6.15905	0.12478	0.088041	0.0225663	-53.1431	196.949	-171.263	-55.5271	202.475	-171.02
286	1.53629	20.8208	0.0942604	0.16481	0.0263583	-55.5271	202.475	-171.02	-72.0965	212.726	-165.372
287	1.65577	8.914	0.105115	-0.0398159	0.0222331	-53.1431	196.949	-171.263	-50.3209	201.542	-164.408
288	1.53202	10.7754	0.144353	-0.186107	0.0585929	-50.3209	201.542	-164.408	-42.7127	207.917	-162.152
289	1.52389	22.8937	0.116612	-0.280073	0.0278142	-44.4722	170.028	-138.914	-36.1067	183.416	-123.2
290	1.5474	9.14231	0.0846347	-0.197171	0.0121436	-36.1067	183.416	-123.2	-36.4541	179.751	-114.952
291	1.54259	18.1042	0.114569	-0.342834	0.026129	-36.1067	183.416	-123.2	-34.7734	200.73	-120.081
292	1.74934	7.97162	0.112073	-0.483075	0.0159568	-44.8131	164.334	-161.212	-40.6129	160.043	-156.162
293	1.68772	4.37425	0.12903	0	0.0148029	-40.6129	160.043	-156.162	-36.9458	160.215	-153.903
294	1.56637	6.85945	0.116192	-0.27837	0.0208926	-36.9458	160.215	-153.903	-33.2966	154.573	-153.977
295	1.58679	12.6336	0.117597	0.064503	0.03227	-40.6129	160.043	-156.162	-38.8482	151.944	-147.158
296	1.45609	35.5655	0.13541	0.584628	0.0755491	-38.8482	151.944	-147.158	-35.7855	122.978	-131.503
297	1.68564	8.20708	0.107077	-1.03961	0.0240485	-52.1612	157.619	-166.418	-54.0818	153.495	-159.82
298	1.57365	16.64	0.0983002	-0.348904	0.0196372	-54.0818	153.495	-159.82	-52.7704	141.74	-148.576
299	1.48924	20.5935	0.0956583	0.239235	0.0287021	-52.7704	141.74	-148.576	-49.2031	132.44	-131.211
300	1.6162	8.29306	0.113606	0.88596	0.0302947	-54.0818	153.495	-159.82	-58.5756	151.963	-153.32
301	1.48389	20.378	0.133794	-0.464104	0.0371129	-58.5756	151.963	-153.32	-64.859	154.847	-134.928
302	1.60691	5.18308	0.193862	0.423684	0.0473107	-44.81	101.7	-162.337	-43.3924	98.0615	-159.297
303	1.42797	14.9246	0.209814	-0.452991	0.0521457	-43.3924	98.0615	-159.297	-43.638	95.9427	-145.274
304	1.48523	12.6867	0.135541	0.776284	0.0535747	-43.3924	98.0615	-159.297	-43.6239	87.0333	-154.468
305	1.7065	10.4372	0.112804	-0.65924	0.0348815	87.2255	178.18	-214.387	97.0406	176.766	-216.225
306	1.51615	28.168	0.122132	0.272083	0.0783476	97.0406	176.766	-216.225	120.652	172.976	-226.735
307	1.67778	2.43406	0.12667	0	0.00462864	102.977	208.095	-203.645	105.314	208.117	-203.004
308	1.50672	14.8588	0.128693	-0.327369	0.0222974	105.314	208.117	-203.004	118.236	208.934	-209.606
309	1.43576	15.4652	0.141759	0.146831	0.0386219	105.314	208.117	-203.004	117.753	207.839	-194.824
310	1.94695	18.579	0.0528771	0.0332758	0.01477	56.452	192.533	-213.903	63.2248	209.226	-210.637
311	1.7151	29.1078	0.0797436	0.0853203	0.020583	63.2248	209.226	-210.637	70.2378	236.714	-213.582
312	1.62315	22.4616	0.0938405	0.471921	0.0177636	70.2378	236.714	-213.582	62.1959	257.266	-213.578
313	1.57102	22.6252	0.0877261	1.0476	0.0186701	70.2378	236.714	-213.582	82.5359	255.19	-212.749
314	1.75687	8.32842	0.104446	-0.609175	0.0389827	63.2248	209.226	-210.637	65.3369	216.277	-207.463
315	1.61561	36.9709	0.0661785	0.0509888	0.0440196	65.3369	216.277	-207.463	52.6657	249.345	-207.459
316	1.55498	22.5627	0.111229	-0.198845	0.0277821	65.3369	216.277	-207.463	78.4901	231.225	-198.218
317	1.84434	21.6822	0.0859431	0.145505	0.0262004	55.6705	186.27	-215.215	65.6581	204.416	-219.385
318	1.64454	7.90209	0.108498	0.407107	0.021628	65.6581	204.416	-219.385	65.8341	211.307	-222.894
319	1.61632	22.3053	0.0725966	-0.365895	0.0210836	65.8341	211.307	-222.894	68.0809	232.996	-224.202
320	1.46768	13.0337	0.154116	0.2272	0.104745	65.8341	211.307	-222.894	63.3343	219.321	-231.183
321	1.63152	28.6918	0.0837604	-0.0300841	0.0182407	65.6581	204.416	-219.385	86.0251	223.731	-221.859
322	1.52566	23.5857	0.117148	0.299335	0.0261161	86.0251	223.731	-221.859	100.818	241.263	-223.309
323	1.43397	10.2002	0.146534	0.316435	0.0276614	86.0251	223.731	-221.859	85.4514	229.309	-230.049
324	1.63665	7.76769	0.114731	-0.225935	0.0270023	37.6585	151.514	-237.275	30.2557	150.372	-238.324
325	1.49706	12.8692	0.118405	0.42597	0.0216542	30.2557	150.372	-238.324	23.3331	140.105	-240.632
326	1.49864	3.87687	0.152272	0	0.0211364	30.2557	150.372	-238.324	27.273	152.511	-239.296
327	2.6729	7.03549	0.0612439	0	0.0128951	47.0773	155.001	-223.272	51.4865	154.133	-228.568
328	2.09219	17.5798	0.0812351	0.0722872	0.0241046	51.4865	154.133	-228.568	65.1187	155.112	-238.955
329	1.8538	6.59755	0.0936014	-0.707414	0.00788621	65.1187	155.112	-238.955	67.0947	159.405	-243.484
330	1.57202	26.597	0.10156	-0.153438	0.0535739	67.0947	159.405	-243.484	81.4615	179.948	-240.501
331	2.40628	7.72795	0.093291	0.404688	0.0275513	51.4865	154.133	-228.568	53.5005	150.18	-234.642
332	2.08862	17.5125	0.0698531	-0.286568	0.019339	53.5005	150.18	-234.642	55.2351	141.526	-249.381
333	1.61542	42.4148	0.0692832	0.11774	0.0202937	55.2351	141.526	-249.381	58.1906	102.754	-264.084
334	1.73178	4.88924	0.180231	0	0.0318647	44.5025	142.419	-214.01	42.6413	140.594	-210.053
335	1.6	7.32273	0.0813059	-1.09008	0.0166668	42.6413	140.594	-210.053	42.5391	134.465	-206.271
336	1.49064	11.1474	0.164382	0.0386822	0.120167	42.5391	134.465	-206.271	39.0039	130.452	-197.879
337	1.67618	4.32415	0.103886	0	0.0140091	42.6413	140.594	-210.053	39.0203	142.462	-208.794
338	1.44224	13.3279	0.195646	0.309969	0.119646	39.0203	142.462	-208.794	30.1603	142.47	-200.844
339	1.65118	13.4119	0.0706596	0.181368	0.00805752	41.8131	137.024	-218.159	39.5485	124.665	-222.535
340	1.53744	5.89126	0.129991	0.593963	0.0179921	39.5485	124.665	-222.535	34.3769	122.164	-223.233
341	1.88443	8.95623	0.101329	-0.417127	0.0234234	57.9119	133.393	-216.895	58.8259	124.7	-217.324
342	1.57122	35.402	0.0828106	-0.0789139	0.0409813	58.8259	124.7	-217.324	69.2789	95.4801	-231.235
343	1.45998	9.32394	0.0932851	0.212948	0.0137249	88.2488	114.567	-170.595	88.2231	112.175	-161.713
344	1.4312	9.43919	0.121858	0.0385892	0.0252095	88.2231	112.175	-161.713	88.6755	104.89	-156.101
345	1.45203	8.26974	0.11263	0.147001	0.0184519	88.2231	112.175	-161.713	88.2034	118.721	-156.909
346	1.59256	19.531	0.16815	-0.076501	0.0591068	54.8304	173.32	-140.253	57.5177	174.923	-122.079
347	1.60463	3.55247	0.254698	0	0.0385533	57.5177	174.923	-122.079	55.6304	174.28	-119.299
348	1.54094	3.29719	0.076363	0	0.00402391	57.5177	174.923	-122.079	60.2216	175.545	-120.322
349	1.50769	7.5018	0.121096	2.44766	0.0241689	65.2198	188.859	-178.573	66.5721	188.513	-185.764
350	1.52117	16.0645	0.119459	-0.0417883	0.0570528	66.5721	188.513	-185.764	67.8731	203.133	-189.706
351	1.42835	13.481	0.12293	0.371312	0.0373848	66.5721	188.513	-185.764	65.9665	179.319	-194.927
352	1.56703	19.2713	0.0910721	-0.193906	0.0452001	74.8438	166.36	-181.234	92.0897	172.837	-180.472
353	1.51179	14.554	0.197886	0.22861	0.0968749	92.0897	172.837	-180.472	104.425	171.741	-175.709
354	1.61567	14.6682	0.134903	0.0907084	0.0374047	92.0897	172.837	-180.472	106.179	173.105	-181.624
355	1.82271	7.81232	0.0524772	2.68772	0.00841024	-64.2489	194.859	-199.021	-69.1982	200.81	-198.681
356	1.58468	42.7223	0.0746172	-0.332283	0.0306174	-69.1982	200.81	-198.681	-92.9992	232.438	-210.99
357	1.42814	12.4616	0.167712	0.171477	0.0791458	-92.9992	232.438	-210.99	-94.5334	241.027	-218.555
358	1.5315	22.1496	0.0954827	-0.132453	0.0275247	-92.9992	232.438	-210.99	-91.5536	253.818	-213.334
359	1.76032	9.20791	0.0951166	0.19516	0.0156078	-69.1982	200.81	-198.681	-70.1846	209.327	-195.735
360	1.5843	54.1977	0.102253	0.0691199	0.0838383	-70.1846	209.327	-195.735	-79.1383	258.504	-197.167
361	1.54468	8.67118	0.155291	0.619338	0.0320596	-70.1846	209.327	-195.735	-67.1227	216.577	-192.794
362	1.63286	14.355	0.111788	-0.487175	0.0342775	-75.1737	202.513	-227.99	-80.1765	211.817	-236.993
363	1.5244	14.1968	0.0997646	0.235847	0.0218041	-80.1765	211.817	-236.993	-89.3489	220.833	-242.247
364	1.42478	13.7562	0.138492	0.274042	0.0772154	-80.1765	211.817	-236.993	-79.4305	221.528	-245.251
365	1.74534	16.2226	0.0711375	-0.0540106	0.0181645	-55.5271	202.475	-171.02	-54.2788	218.108	-168.205
366	1.54456	33.9479	0.094741	0.232368	0.0531605	-54.2788	218.108	-168.205	-62.9912	249.093	-169.956
367	1.55413	30.2138	0.0626666	-0.32059	0.0341387	-50.3209	201.542	-164.408	-41.7966	219.797	-143.249
368	1.52999	28.3547	0.139646	-0.295134	0.159027	-41.7966	219.797	-143.249	-32.9461	242.31	-146.9
369	1.5196	5.6286	0.135625	-0.111458	0.0254838	-36.9458	160.215	-153.903	-36.1405	163.251	-149.402
370	1.43956	3.33959	0.166828	0	0.0159005	-36.1405	163.251	-149.402	-37.6157	162.142	-146.682
371	1.51476	38.7633	0.127634	-0.232024	0.0700392	-36.1405	163.251	-149.402	-34.9752	199.286	-145.873
372	1.53134	15.3425	0.113536	0.00713092	0.0332623	-52.7704	141.74	-148.576	-54.7634	127.482	-144.94
373	1.48571	11.483	0.122343	0.476793	0.0223023	-54.7634	127.482	-144.94	-54.6752	117.622	-150.321
374	1.51686	16.5646	0.111292	-0.123811	0.021975	-58.5756	151.963	-153.32	-68.2716	141.765	-145.276
375	1.52768	19.8616	0.10564	-0.121903	0.019861	-68.2716	141.765	-145.276	-67.9144	123.281	-139.155
376	1.53433	16.7993	0.128571	-0.128809	0.146122	97.0406	176.766	-216.225	111.515	179.021	-215.718
377	1.3941	4.41711	0.175849	-0.330038	0.0225091	111.515	179.021	-215.718	111.876	179.356	-211.426
378	1.49949	7.55039	0.167682	0.0430411	0.030662	111.515	179.021	-215.718	118.796	179.569	-216.303
379	1.64088	17.8458	0.0827504	-0.854611	0.024282	85.258	194.114	-217.451	99.2954	204.417	-218.044
380	1.56435	14.7754	0.115066	-0.100952	0.0327482	99.2954	204.417	-218.044	107.363	216.175	-216.885
381	1.39374	10.547	0.153333	-0.169178	0.0534492	107.363	216.175	-216.885	109.172	223.031	-223.953
382	1.45274	9.30847	0.0987805	-0.601621	0.023653	107.363	216.175	-216.885	107.121	223.596	-211.635
383	1.55909	17.1863	0.110042	-0.148435	0.0529394	99.2954	204.417	-218.044	112.896	206.046	-226.92
384	1.53646	11.11	0.0908511	0.403417	0.0305905	112.896	206.046	-226.92	123.293	206.285	-229.758
385	1.54683	5.24672	0.204668	-0.39794	0.0411553	112.896	206.046	-226.92	113.554	206.204	-231.913
386	1.75491	9.58471	0.114146	0.968485	0.0307988	65.1187	155.112	-238.955	73.5317	151.881	-241.244
387	1.58578	5.84387	0.123969	-2.97848	0.017227	73.5317	151.881	-241.244	78.515	152.002	-238.388
388	1.40452	5.07697	0.20162	0.572104	0.0388288	78.515	152.002	-238.388	81.3627	148.868	-235.947
389	1.53968	14.6443	0.109008	0.0344782	0.0423871	78.515	152.002	-238.388	91.8463	156.174	-239.884
390	1.73287	20.4407	0.0713311	0.0302058	0.0190957	73.5317	151.881	-241.244	92.5007	148.644	-246.902
391	1.53823	11.2942	0.130566	-0.278237	0.041885	92.5007	148.644	-246.902	101.888	143.549	-245.052
392	1.59535	39.942	0.0879132	0.0490033	0.0505016	92.5007	148.644	-246.902	123.934	149.052	-268.289
393	1.9134	17.7028	0.0709721	-0.193027	0.0248444	53.5005	150.18	-234.642	67.0042	142.449	-242.142
394	1.6565	33.8231	0.0711268	-0.017271	0.0155959	67.0042	142.449	-242.142	92.6651	130.103	-259.411
395	1.58141	15.0916	0.0788008	0.17094	0.0228955	92.6651	130.103	-259.411	102.628	120.419	-264.374
396	1.49758	19.6467	0.106447	0.214793	0.0287698	92.6651	130.103	-259.411	107.471	128.544	-271.372
397	1.81857	10.7732	0.081562	-0.225776	0.024331	67.0042	142.449	-242.142	71.8555	133.143	-241.453
398	1.61468	27.5917	0.0667764	-0.156351	0.0186096	71.8555	133.143	-241.453	94.8207	118.96	-239.178
399	1.61735	32.7724	0.06611	0.0206048	0.0249957	71.8555	133.143	-241.453	80.4099	104.214	-252.048
400	1.62821	22.5423	0.0975559	-0.144546	0.0233471	42.5391	134.465	-206.271	41.4736	112.595	-203.861
401	1.41832	20.9487	0.139535	-0.525076	0.043695	41.4736	112.595	-203.861	42.1792	99.0374	-189.078
402	1.54768	21.9483	0.107285	0.114916	0.0449775	41.4736	112.595	-203.861	40.5811	91.6121	-204.1
403	1.6119	5.74782	0.121979	0.285285	0.0182292	39.0203	142.462	-208.794	34.0999	143.786	-211.223
404	1.4901	7.13265	0.131088	1.07692	0.01387	34.0999	143.786	-211.223	28.4808	140.106	-213.315
405	1.54163	6.21578	0.18677	-0.65419	0.0238154	34.0999	143.786	-211.223	30.728	148.783	-211.94
406	1.59771	18.8369	0.0871986	-1.19851	0.0247668	39.5485	124.665	-222.535	38.5712	107.444	-228.887
407	1.52131	21.6293	0.11838	-0.25567	0.0227044	38.5712	107.444	-228.887	39.2928	86.7345	-224.657
408	1.47071	16.1548	0.129672	0.437871	0.0232405	38.5712	107.444	-228.887	38.9393	95.1923	-238.838
409	1.68243	15.9978	0.0757314	-0.150787	0.0165059	58.8259	124.7	-217.324	61.8941	110.13	-212.226
410	1.53118	8.12314	0.121232	-0.0154773	0.0353103	61.8941	110.13	-212.226	66.5984	104.885	-208.773
411	2.14194	4.32979	0.0679819	0	0.0067979	57.9633	185.028	-174.195	58.0704	189.039	-172.649
412	1.71588	23.588	0.069863	0.166033	0.01333	58.0704	189.039	-172.649	55.9534	206.159	-157.018
413	1.58626	15.8836	0.0840706	0.314727	0.0229742	55.9534	206.159	-157.018	48.6856	216.937	-148.528
414	1.50856	10.8827	0.143317	0.026106	0.056676	48.6856	216.937	-148.528	41.9133	224.219	-151.206
415	1.55473	7.22461	0.156393	0.675657	0.0316677	48.6856	216.937	-148.528	44.1092	219.491	-143.883
416	1.58036	25.1181	0.108149	-0.192008	0.0349604	55.9534	206.159	-157.018	62.1559	228.415	-149.59
417	1.44449	7.99432	0.155501	-0.598499	0.0316433	62.1559	228.415	-149.59	61.7096	232.822	-143.231
418	1.48569	7.66646	0.13455	-0.104213	0.0340219	62.1559	228.415	-149.59	62.6382	235.229	-152.473
419	1.8769	9.71794	0.110095	0.192202	0.0227072	58.0704	189.039	-172.649	58.987	198.193	-175.028
420	1.71771	27.1638	0.072517	-0.164531	0.0132055	58.987	198.193	-175.028	64.1122	224.502	-174.447
421	1.53403	11.8377	0.0994725	1.47607	0.019933	64.1122	224.502	-174.447	70.89	233.923	-174.53
422	1.52389	28.8141	0.101504	-0.0919639	0.0398568	64.1122	224.502	-174.447	58.4046	250.341	-182.668
423	1.65881	5.12222	0.166825	0.334276	0.0291859	58.987	198.193	-175.028	55.7971	200.789	-177.831
424	1.54413	4.02854	0.0746688	0	0.00521767	55.7971	200.789	-177.831	54.2406	204.162	-176.328
425	1.52592	4.08039	0.206545	0	0.027056	55.7971	200.789	-177.831	54.3329	200.778	-181.525
426	1.62582	20.2208	0.0812928	0.321694	0.0146944	-54.2788	218.108	-168.205	-47.1371	236.702	-167.579
427	1.474	5.09041	0.156398	0.160456	0.023896	-47.1371	236.702	-167.579	-50.0098	240.086	-169.817
428	1.58969	5.79677	0.125892	-0.167516	0.023969	-41.7966	219.797	-143.249	-42.9515	224.355	-140.097
429	1.44237	9.30587	0.181097	0.345321	0.0446451	-42.9515	224.355	-140.097	-43.1915	229.373	-132.74
430	1.56014	14.7348	0.099945	-0.210021	0.0184317	-42.9515	224.355	-140.097	-42.7937	238.822	-139.995
431	1.50199	22.8664	0.0767044	0.0738173	0.0344149	-38.8482	151.944	-147.158	-30.4204	140.619	-130.146
432	1.54266	24.3865	0.0863852	0.278075	0.0196769	-30.4204	140.619	-130.146	-27.5702	117.617	-124.254
433	1.50224	11.7532	0.124268	0.81206	0.0309306	-27.5702	117.617	-124.254	-26.5303	108.08	-130.413
434	1.41899	8.01705	0.11593	0.158616	0.0131623	-27.5702	117.617	-124.254	-27.3829	111.899	-118.787
435	1.45192	19.0554	0.144963	1.16904	0.0384318	-30.4204	140.619	-130.146	-22.0747	137.274	-114.15
436	1.50052	9.58658	0.14116	0.61625	0.0463069	-22.0747	137.274	-114.15	-20.8812	128.236	-113.232
437	1.47908	13.5826	0.0633257	0.183095	0.0147325	-22.0747	137.274	-114.15	-21.9624	148.697	-107.173
438	1.55506	8.06331	0.0484438	-0.565918	0.0040366	-54.7634	127.482	-144.94	-54.3185	122.361	-138.77
439	1.54536	13.683	0.107868	-0.532208	0.0267622	-54.3185	122.361	-138.77	-54.2812	119.047	-125.863
440	1.53229	11.4452	0.0962575	0.135571	0.0365868	-68.2716	141.765	-145.276	-78.7807	141.654	-141.892
441	1.45386	7.5479	0.105717	-0.813064	0.0207055	-78.7807	141.654	-141.892	-78.7536	135.237	-138.217
442	1.56997	11.1222	0.120004	-0.0504983	0.0364478	-78.7807	141.654	-141.892	-89.2786	139.429	-141.863
443	1.78504	11.099	0.101236	0.0995855	0.0373965	67.0947	159.405	-243.484	75.8341	158.754	-249.621
444	1.65171	35.592	0.0618852	0.0144172	0.00722192	75.8341	158.754	-249.621	109.38	169.584	-252.083
445	1.51305	13.1818	0.112005	0.612968	0.0399917	75.8341	158.754	-249.621	80.509	154.157	-260.468
446	1.71633	10.4734	0.0920538	-0.469684	0.028849	67.0947	159.405	-243.484	61.8369	166.219	-248.921
447	1.50025	17.3431	0.135851	-0.133384	0.0731387	61.8369	166.219	-248.921	50.9015	170.359	-260.077
448	1.65958	10.4958	0.119611	0.0352417	0.0324579	61.8941	110.13	-212.226	60.8956	100.128	-210.707
449	1.50286	28.1938	0.107198	-0.155525	0.0663748	60.8956	100.128	-210.707	56.9854	74.5772	-216.263
450	1.53764	9.14185	0.100404	-0.374177	0.0170112	-47.1371	236.702	-167.579	-41.8724	243.837	-166.107
451	1.45941	8.3424	0.130178	0.238363	0.0187818	-41.8724	243.837	-166.107	-41.5156	250.575	-161.467
452	1.4778	17.3392	0.142777	-0.0521412	0.0719257	-41.8724	243.837	-166.107	-37.7566	257.976	-172.801
453	1.53507	16.9281	0.114099	-0.253257	0.0777873	-54.3185	122.361	-138.77	-54.3178	109.489	-129.77
454	1.56694	7.45717	0.101462	-0.316135	0.0173899	-54.3178	109.489	-129.77	-54.5114	102.219	-128.854
455	1.51439	12.6136	0.128975	-0.850027	0.0292695	-54.3178	109.489	-129.77	-54.3494	107.292	-117.713
456	2.1863	4.49801	0.0844504	0	0.0118429	55.2351	141.526	-249.381	55.9351	140.756	-253.703
457	1.79077	18.6872	0.0713805	-0.169243	0.0288554	55.9351	140.756	-253.703	50.0429	136.604	-270.375
458	1.64543	9.75966	0.0855758	-0.455939	0.0130125	50.0429	136.604	-270.375	46.1935	143.677	-275.664
459	1.50499	17.3707	0.121233	0.0850139	0.0198609	46.1935	143.677	-275.664	37.1005	146.294	-289.826
460	1.52317	23.5983	0.144576	-0.0596257	0.15867	46.1935	143.677	-275.664	36.9599	157.949	-286.883
461	1.78823	7.87906	0.0943464	-0.870652	0.0101275	50.0429	136.604	-270.375	50.6375	132.142	-276.745
462	1.6113	15.6523	0.119247	-0.138758	0.0362367	50.6375	132.142	-276.745	48.5114	118.437	-282.73
463	1.87294	17.0098	0.0638022	0.142638	0.0224325	55.9351	140.756	-253.703	65.727	132.901	-264.621
464	1.69108	20.8068	0.0594391	-0.184129	0.0201696	65.727	132.901	-264.621	71.992	116.809	-275.473
465	1.59367	14.4343	0.091698	-0.257082	0.0257443	71.992	116.809	-275.473	79.4627	105.058	-277.506
466	1.75594	14.8244	0.080168	0.632724	0.0284233	65.727	132.901	-264.621	74.5724	129.604	-275.515
467	1.607	35.3649	0.0795677	-0.0657858	0.0359647	74.5724	129.604	-275.515	99.0282	119.149	-296.914
468	1.6781	4.64429	0.136733	0	0.0275645	60.8956	100.128	-210.707	60.7846	96.0337	-208.797
469	1.43757	6.34171	0.140515	0.0731997	0.0300327	60.7846	96.0337	-208.797	58.9123	92.2234	-204.338
470	1.70128	5.38567	0.131166	0.582731	0.0145231	61.8369	166.219	-248.921	60.4893	171.322	-248.355
471	1.52836	25.7603	0.0958694	-0.0492288	0.0295781	60.4893	171.322	-248.355	61.1735	195.455	-241.785
472	1.55379	24.2981	0.136428	0.0267392	0.106167	60.4893	171.322	-248.355	59.1802	193.212	-247.086
473	1.72983	15.7152	0.0771269	-0.302236	0.0216488	50.6375	132.142	-276.745	54.1947	126.693	-290.683
474	1.50873	24.1666	0.0909099	-0.142494	0.0230561	54.1947	126.693	-290.683	49.7397	122.608	-313.518
475	1.56878	46.9385	0.085467	0.494849	0.029176	54.1947	126.693	-290.683	63.9277	107.68	-330.98
476	1.5895	20.4747	0.0791966	0.0380616	0.0168609	71.992	116.809	-275.473	74.3163	105.286	-291.821
477	1.39027	5.48615	0.208018	-0.692157	0.0495286	74.3163	105.286	-291.821	72.6275	100.703	-293.682
478	1.45722	9.50481	0.120371	0.514056	0.0229626	74.3163	105.286	-291.821	78.1293	102.957	-299.967
479	1.62144	8.52362	0.156732	-0.0736063	0.0495151	74.5724	129.604	-275.515	75.611	129.869	-283.565
480	1.52017	17.5765	0.125935	-0.388162	0.0254284	75.611	129.869	-283.565	78.4313	123.462	-299.211
481	1.43218	4.55459	0.127598	0.068801	0.0174133	75.611	129.869	-283.565	77.7771	133.365	-285.332
482	1.56321	11.6272	0.154792	0.145675	0.0687836	60.7846	96.0337	-208.797	61.6906	85.4374	-206.505
483	1.45327	14.2661	0.160311	-0.365951	0.0375616	61.6906	85.4374	-206.505	61.4325	79.461	-194.125
484	1.48378	10.3419	0.135757	-0.132022	0.047041	61.6906	85.4374	-206.505	61.7612	76.0715	-203.369
485	1.53019	11.2607	0.168339	0.260146	0.150245	-67.5762	191.485	-221.239	-63.5162	193.22	-229.977
