CellId	Length	Radius	Curvature	Torsion	Tortuosity	StartPointPosition_R	StartPointPosition_A	StartPointPosition_S	EndPointPosition_R	EndPointPosition_A	EndPointPosition_S
0	129.816	6.11008	3.79407	1.20224	0.0830473	8.44878	180.825	-55.2179	11.9583	155.962	-172.421
1	25.1455	7.58649	0.0132096	-0.00109147	0.00173	11.9583	155.962	-172.421	33.1068	158.195	-185.758
2	52.8952	5.73326	0.0216902	-0.00123334	0.0160013	11.9583	155.962	-172.421	-32.4412	162.092	-198.908
3	18.3565	3.96761	0.0568488	0	0.0701285	33.1068	158.195	-185.758	46.3661	160.422	-175.105
4	28.077	5.55836	0.0363137	-0.0168196	0.0550491	33.1068	158.195	-185.758	41.3557	160.819	-210.922
5	13.5136	4.31846	0.0427918	-0.137882	0.00327468	-32.4412	162.092	-198.908	-39.4202	154.96	-207.955
6	4.59703	3.7367	0.0193286	0	0.0017658	46.3661	160.422	-175.105	48.2442	157.722	-171.904
7	11.1446	2.74824	0.055902	0.136954	0.0258566	46.3661	160.422	-175.105	53.6332	168.427	-176.166
8	10.133	4.14474	0.028884	0	0.00837736	41.3557	160.819	-210.922	45.9815	154.469	-217.188
9	24.4937	2.84051	0.0510056	-0.285484	0.0592402	41.3557	160.819	-210.922	55.3799	178.731	-215.072
10	9.01114	2.98471	0.0575881	0	0.038748	-39.4202	154.96	-207.955	-40.4843	147.066	-204.517
11	22.4988	3.16418	0.0686178	-0.0222429	0.0583713	-39.4202	154.96	-207.955	-50.1313	153.165	-226.229
12	13.3103	2.43635	0.0739764	0.107986	0.0756307	48.2442	157.722	-171.904	52.8975	146.686	-168.796
13	13.019	2.11776	0.0882563	0.142444	0.0743879	48.2442	157.722	-171.904	50.683	161.426	-160.627
14	14.4347	2.34178	0.0591864	0.440035	0.0274917	53.6332	168.427	-176.166	57.7906	181.606	-173.638
15	14.5532	1.87064	0.0698089	0.990149	0.0048328	53.6332	168.427	-176.166	67.8835	166.743	-174.203
16	9.62996	3.23169	0.0717409	0.0847296	0.0724542	45.9815	154.469	-217.188	47.7516	154.316	-225.99
17	9.07523	2.3676	0.0819635	0	0.0791167	45.9815	154.469	-217.188	47.4458	146.62	-214.547
18	18.2735	2.03475	0.052125	-0.437799	0.0353641	55.3799	178.731	-215.072	72.9026	180.809	-215.44
19	13.2173	2.56135	0.0514768	0.123332	0.0266064	55.3799	178.731	-215.072	57.4417	191.433	-215.477
20	13.574	2.84591	0.0437141	0.0796431	0.0506386	-46.5982	172.508	-194.61	-55.099	179.103	-201.763
21	12.1102	3.00655	0.0592086	0.0103488	0.0478593	-46.5982	172.508	-194.61	-47.7799	172.936	-183.121
22	8.357	2.086	0.0562692	0.0339459	0.00734052	-40.4843	147.066	-204.517	-38.0239	140.039	-208.176
23	8.2773	2.21743	0.0565961	-0.225616	0.0308563	-40.4843	147.066	-204.517	-44.3535	141.811	-199.839
24	5.42137	3.47816	0.0548914	0	0.0210007	-50.1313	153.165	-226.229	-54.4873	153.994	-229.15
25	11.0952	2.2428	0.0862576	0.327936	0.0596228	-50.1313	153.165	-226.229	-49.2143	146.144	-233.943
26	6.40966	1.98566	0.0700093	0	0.0206469	52.8975	146.686	-168.796	58.9429	144.989	-168.911
27	9.22344	1.96302	0.0741225	0.163149	0.0349117	52.8975	146.686	-168.796	51.2638	139.056	-164.49
28	11.183	1.77394	0.0855881	0.837274	0.0199231	50.683	161.426	-160.627	53.827	168.311	-152.694
29	12.7827	1.77547	0.146736	-0.399639	0.0262121	50.683	161.426	-160.627	52.8169	156.614	-149.338
30	4.35292	2.44393	0.086327	0	0.018209	57.7906	181.606	-173.638	58.4989	185.737	-174.48
31	13.3311	1.71693	0.0848266	-0.00783264	0.0322202	57.7906	181.606	-173.638	68.3952	185.876	-167.629
32	23.3175	1.56652	0.104205	-0.770027	0.0302043	67.8835	166.743	-174.203	86.2389	164.223	-161.202
33	6.94647	1.65715	0.0802222	0.433086	0.0199954	67.8835	166.743	-174.203	73.6131	165.959	-177.8
34	9.45366	3.10581	0.0860672	0	0.0474055	47.7516	154.316	-225.99	54.2936	152.996	-232.066
35	13.0516	1.81123	0.103265	-0.467452	0.130426	47.7516	154.316	-225.99	41.5649	150.658	-235.026
36	6.00005	2.05443	0.0829951	0	0.0271071	47.4458	146.62	-214.547	44.213	141.782	-214.029
37	10.7566	2.00662	0.0638328	-0.0918686	0.0319694	47.4458	146.62	-214.547	55.3226	139.846	-215.391
38	15.2649	1.76474	0.0714465	0.359629	0.0180844	72.9026	180.809	-215.44	82.8778	191.897	-213.905
39	6.92221	1.76073	0.0848092	-0.0866478	0.0175292	72.9026	180.809	-215.44	79.01	177.971	-214.477
40	4.53168	2.89763	0.0756206	0	0.0237292	57.4417	191.433	-215.477	56.4714	195.308	-213.57
41	6.83244	2.07592	0.130638	0	0.0640326	57.4417	191.433	-215.477	61.2833	195.293	-218.879
42	6.69828	2.47007	0.0624088	0.178714	0.0344206	-55.099	179.103	-201.763	-60.3808	182.362	-199.916
43	10.9262	1.86193	0.0705002	0.695273	0.0241552	-55.099	179.103	-201.763	-59.9559	182.307	-210.705
44	7.75113	2.44055	0.0608027	0	0.0335881	-47.7799	172.936	-183.121	-52.16	177.934	-179.646
45	13.5888	2.14857	0.0576637	0.430548	0.0130718	-47.7799	172.936	-183.121	-47.8553	166.173	-171.537
46	33.5079	1.50136	0.0997686	-0.0204162	0.0619989	-38.0239	140.039	-208.176	-44.6435	109.207	-207.133
47	16.3164	1.76622	0.0589308	0.156899	0.0232949	-38.0239	140.039	-208.176	-37.9208	124.898	-213.174
48	5.0738	1.96072	0.0978652	0.00218994	0.0414105	-38.0239	140.039	-208.176	-33.9008	139.58	-210.73
49	10.7698	1.79166	0.120118	0.103286	0.0351088	-44.3535	141.811	-199.839	-51.3757	134.149	-199.35
50	9.84099	1.67005	0.0906477	0.111181	0.00994231	-44.3535	141.811	-199.839	-41.3211	136.092	-192.555
51	11.0035	1.97015	0.107196	0.58007	0.0725964	-54.4873	153.994	-229.15	-57.3989	149.84	-238.066
52	10.4094	2.13903	0.0773762	0.333723	0.0836232	-54.4873	153.994	-229.15	-63.3716	155.657	-232.403
53	17.6564	1.71283	0.0772358	-0.693303	0.0348268	-49.2143	146.144	-233.943	-56.0686	130.578	-235.295
54	11.2501	2.10163	0.0810414	0.334172	0.0161504	-49.2143	146.144	-233.943	-46.4641	142.985	-244.191
55	11.1842	1.78158	0.0972423	-0.639678	0.0230488	58.9429	144.989	-168.911	66.577	138.793	-164.132
56	11.8512	1.51653	0.158051	0.549213	0.0578668	58.9429	144.989	-168.911	62.433	142.426	-179.243
57	13.7123	1.75112	0.0786652	-0.28527	0.0188021	51.2638	139.056	-164.49	54.7166	126.06	-163.903
58	6.6845	1.62908	0.0680994	-0.477789	0.0108982	51.2638	139.056	-164.49	49.1122	135.773	-159.168
59	5.59291	1.73884	0.101702	0	0.0432336	53.827	168.311	-152.694	52.4192	170.952	-148.246
60	13.1334	1.69661	0.0807884	0.0930169	0.0176945	53.827	168.311	-152.694	63.3592	173.837	-145.975
61	10.7556	1.65255	0.0936331	-0.20515	0.0172676	52.8169	156.614	-149.338	48.337	152.098	-140.893
62	15.7135	1.58678	0.12559	0.29688	0.0345969	52.8169	156.614	-149.338	61.7816	152.309	-137.859
63	5.14531	2.20133	0.150075	0	0.0640119	58.4989	185.737	-174.48	58.2135	190.066	-172.345
64	9.0608	1.65627	0.106087	-0.530454	0.0542993	58.4989	185.737	-174.48	65.2738	188.925	-178.698
65	6.76521	1.42859	0.162807	-0.651572	0.0307583	68.3952	185.876	-167.629	70.9382	183.631	-162.01
66	14.7358	1.66062	0.0760593	0.138773	0.0159135	68.3952	185.876	-167.629	78.5597	196.049	-165.738
67	27.4813	1.55991	0.0989531	0.241568	0.0421795	86.2389	164.223	-161.202	111.423	171.674	-158.842
68	28.149	1.52773	0.0963042	0.0701929	0.0914656	86.2389	164.223	-161.202	106.636	149.924	-154.523
69	19.9208	1.62016	0.0908998	0.0920518	0.0239181	73.6131	165.959	-177.8	91.2347	158.115	-180.345
70	4.76335	1.80148	0.113032	-0.0956404	0.033871	73.6131	165.959	-177.8	75.5381	166.493	-181.951
71	14.9228	1.96348	0.0921011	-1.03802	0.0731516	54.2936	152.996	-232.066	65.7948	155.189	-239.568
72	5.50279	3.11291	0.060282	0	0.0229759	54.2936	152.996	-232.066	54.5858	149.389	-236.047
73	13.1984	1.70444	0.0943405	-0.0444661	0.0423977	41.5649	150.658	-235.026	41.9947	141.477	-243.734
74	5.48188	1.87615	0.06835	-0.770808	0.0152006	41.5649	150.658	-235.026	37.0179	151.596	-237.783
75	5.17275	1.76647	0.134443	-0.332348	0.0237448	44.213	141.782	-214.029	42.4128	140.122	-209.609
76	7.99557	1.73687	0.110574	-0.122492	0.0182066	44.213	141.782	-214.029	41.1831	136.331	-218.8
77	8.20596	1.61332	0.0694654	-0.00941119	0.0121175	55.3226	139.846	-215.391	62.9837	140.657	-212.864
78	9.05814	1.92947	0.0822964	0.1806	0.0304586	55.3226	139.846	-215.391	58.8778	131.954	-216.924
79	28.587	1.58172	0.101451	-0.166542	0.0328545	82.8778	191.897	-213.905	102.783	208.237	-203.763
80	5.37852	1.84614	0.0784172	0	0.0189661	82.8778	191.897	-213.905	85.8254	194.537	-217.398
81	4.60698	1.50167	0.183627	0.00179484	0.0856068	79.01	177.971	-214.477	80.7629	175.885	-211.224
82	10.1339	1.77078	0.0782311	-0.0488211	0.0225916	79.01	177.971	-214.477	88.9131	178.098	-214.13
83	7.15415	1.87883	0.176551	0.0484551	0.230534	56.4714	195.308	-213.57	53.1231	200.014	-214.236
84	17.3538	1.95982	0.058402	-0.678514	0.0398222	56.4714	195.308	-213.57	63.5611	210.099	-210.493
85	12.0168	1.80637	0.0642074	-0.524009	0.00662623	61.2833	195.293	-218.879	66.487	206.004	-219.717
86	3.32186	0.110886	1.39681	0	0.0285579	61.2833	195.293	-218.879	61.5551	193.226	-221.346
87	9.33366	1.8184	0.0959775	0.303959	0.0178369	-60.3808	182.362	-199.916	-67.0518	176.075	-199.654
88	7.80043	2.08069	0.128356	-0.80003	0.0805041	-60.3808	182.362	-199.916	-63.8983	188.658	-200.244
89	9.87662	1.90994	0.054415	0.714841	0.0150848	-59.9559	182.307	-210.705	-65.4668	189.127	-214.922
90	8.13494	1.50908	0.0803679	0.87761	0.0059596	-59.9559	182.307	-210.705	-60.8627	175.454	-214.903
91	11.8989	1.73673	0.0847347	0.0656056	0.00865381	-52.16	177.934	-179.646	-60.7533	171.286	-175.05
92	9.75892	1.96069	0.0766697	0.275307	0.0301584	-52.16	177.934	-179.646	-53.3081	185.983	-174.785
93	12.7884	1.68971	0.109404	-0.43539	0.0457931	-47.8553	166.173	-171.537	-52.3338	156.333	-165.823
94	12.0025	1.75498	0.147029	-0.123284	0.0461912	-47.8553	166.173	-171.537	-44.7262	164.253	-160.668
95	9.42512	1.47917	0.0974378	0.641759	0.0358109	-44.6435	109.207	-207.133	-42.9691	100.414	-205.494
96	3.96935	1.53266	0.0488127	0	0.0049783	-44.6435	109.207	-207.133	-48.2228	107.598	-207.579
97	9.39721	1.68605	0.0824738	-0.0214002	0.0399532	-37.9208	124.898	-213.174	-39.3285	117.02	-217.371
98	9.68094	1.64381	0.122662	0.0138886	0.0377473	-37.9208	124.898	-213.174	-33.052	117.078	-211.698
99	22.8181	1.52294	0.131554	0.0974781	0.0731508	-33.9008	139.58	-210.73	-19.3478	124.43	-207.444
100	10.4574	1.58385	0.102092	0.300753	0.0325033	-33.9008	139.58	-210.73	-31.3636	136.42	-220.013
101	18.5786	1.61406	0.079531	-0.392028	0.0424258	-41.3211	136.092	-192.555	-41.0291	120.722	-183.537
102	5.31616	1.70125	0.112604	0	0.0520203	-41.3211	136.092	-192.555	-37.6168	133.877	-189.927
103	30.2569	1.58045	0.109037	-0.00391513	0.0345792	-57.3989	149.84	-238.066	-73.8374	125.775	-240.51
104	10.0461	1.9071	0.161783	0.0719274	0.0145837	-57.3989	149.84	-238.066	-61.3552	150.149	-247.138
105	9.35327	1.7547	0.128867	-0.57151	0.0325023	-63.3716	155.657	-232.403	-67.1547	161.465	-238.235
106	6.10077	2.20146	0.0633729	0	0.0116229	-63.3716	155.657	-232.403	-68.7621	152.956	-232.276
107	24.7078	1.59514	0.0953433	0.173102	0.0516695	-56.0686	130.578	-235.295	-66.9223	109.763	-234.347
108	35.1441	1.53783	0.106496	-0.541709	0.0479841	-56.0686	130.578	-235.295	-63.21	103.326	-253.486
109	12.5559	1.57163	0.109482	-0.323605	0.0504472	-46.4641	142.985	-244.191	-36.7093	145.89	-250.459
110	12.7104	2.04384	0.0728877	-0.0889808	0.0178247	-46.4641	142.985	-244.191	-47.4524	137.281	-255.257
111	28.6022	1.53636	0.134289	0.244075	0.041197	66.577	138.793	-164.132	79.1866	123.833	-144.849
112	34.2574	1.60612	0.106491	-0.0170788	0.0284016	66.577	138.793	-164.132	88.2382	114.248	-170.295
113	7.77876	1.69661	0.0743146	-0.107711	0.0493415	54.7166	126.06	-163.903	52.6976	119.014	-165.012
114	3.32882	2.25211	0.130386	0	0.0418454	54.7166	126.06	-163.903	56.9877	124.22	-162.613
115	4.17833	1.70329	0.0845651	0	0.0175638	49.1122	135.773	-159.168	45.3617	134.254	-158.469
116	37.0973	1.4574	0.11602	0.0859369	0.014068	49.1122	135.773	-159.168	51.5154	111.74	-131.692
117	9.26666	1.54252	0.100416	0.32124	0.0283797	52.4192	170.952	-148.246	50.0828	179.429	-146.275
118	9.79845	1.65906	0.0879111	-0.325224	0.0320457	52.4192	170.952	-148.246	54.8385	173.685	-139.481
119	17.1102	1.47507	0.191046	-0.455528	0.0746253	63.3592	173.837	-145.975	74.3345	174.404	-134.454
120	29.8563	1.5111	0.0995905	-0.411498	0.038074	63.3592	173.837	-145.975	69.5737	197.851	-131.417
121	13.8024	1.56807	0.159355	-0.215739	0.0347253	48.337	152.098	-140.893	46.6893	147.556	-128.459
122	6.61521	1.47653	0.141572	0.122669	0.0751218	48.337	152.098	-140.893	44.6206	147.824	-138.487
123	36.3247	1.48471	0.158089	-0.124187	0.0784105	61.7816	152.309	-137.859	67.7819	136.562	-108.693
124	17.2409	1.40686	0.133768	0.0407252	0.0550676	61.7816	152.309	-137.859	68.0235	141.256	-127.568
125	22.8296	1.69949	0.0932642	0.191462	0.0170171	58.2135	190.066	-172.345	55.8249	206.281	-157.007
126	9.82831	1.85504	0.0750158	-0.396754	0.0237851	58.2135	190.066	-172.345	58.7507	199.204	-175.237
127	24.3313	1.5529	0.112846	-0.136172	0.0221295	65.2738	188.925	-178.698	80.1759	207.362	-176.54
128	7.76559	1.46715	0.138587	0.725861	0.0253288	65.2738	188.925	-178.698	66.4907	188.555	-186.164
129	11.3196	1.4603	0.122511	-0.172197	0.0520248	78.5597	196.049	-165.738	83.4428	203.012	-159.147
130	19.3433	1.57914	0.0966482	-0.373264	0.0169168	78.5597	196.049	-165.738	96.8834	201.087	-166.565
131	17.1279	1.53688	0.0943941	-1.15482	0.0376707	91.2347	158.115	-180.345	107.409	161.407	-180.409
132	15.1673	1.4918	0.127347	-0.284261	0.0282868	91.2347	158.115	-180.345	99.5307	146.979	-185.318
133	18.7454	1.54457	0.0938349	0.214536	0.0551734	75.5381	166.493	-181.951	92.0614	172.843	-180.446
134	21.0017	1.47635	0.113284	0.141379	0.0311072	75.5381	166.493	-181.951	75.1629	152.293	-196.548
135	10.3471	1.77537	0.0879726	0.277628	0.043679	65.7948	155.189	-239.568	74.9677	151.876	-241.347
136	6.87253	1.7838	0.0711725	0	0.0108037	65.7948	155.189	-239.568	67.2167	160.165	-243.978
137	16.8931	1.8954	0.0826619	-0.0304434	0.0397182	54.5858	149.389	-236.047	67.5909	141.922	-242.299
138	16.7989	2.09323	0.105771	-0.260943	0.051558	54.5858	149.389	-236.047	55.2902	141.049	-249.654
139	25.3866	1.58032	0.0827734	-0.113812	0.0258896	41.9947	141.477	-243.734	43.5873	118.778	-253.458
140	9.83605	1.5787	0.161518	-0.77269	0.0788429	41.9947	141.477	-243.734	39.4767	140.165	-252.398
141	8.20989	1.59954	0.14396	-0.166229	0.0680433	37.0179	151.596	-237.783	29.4926	150.285	-238.644
142	24.3274	1.52846	0.151012	-0.490476	0.0486696	37.0179	151.596	-237.783	26.5831	157.986	-257.492
143	7.19915	1.63278	0.105882	0.312704	0.032541	42.4128	140.122	-209.609	42.5892	134.156	-206.006
144	5.09633	1.64833	0.0949505	-0.334516	0.0179387	42.4128	140.122	-209.609	38.2872	142.784	-208.629
145	13.1267	1.6479	0.0693348	0.0167983	0.0204115	41.1831	136.331	-218.8	39.177	124.245	-222.722
146	11.4844	1.48032	0.128758	-0.261576	0.0659666	41.1831	136.331	-218.8	31.9324	134.161	-223.878
147	5.2298	1.51066	0.110289	1.48191	0.0123077	62.9837	140.657	-212.864	64.3492	136.421	-210.24
148	3.56893	1.66488	0.119023	0	0.0430235	62.9837	140.657	-212.864	65.8342	142.532	-213.124
149	8.2204	1.89885	0.0828149	-0.217119	0.0522422	58.8778	131.954	-216.924	59.028	124.154	-217.326
150	32.6154	1.60277	0.113664	0.487803	0.0709763	58.8778	131.954	-216.924	81.5867	111.976	-213.371
151	22.6965	1.50438	0.0937538	0.148216	0.0298468	102.783	208.237	-203.763	102.987	229.771	-199.081
152	3.93953	1.77765	0.053596	0.0291692	0.00430485	102.783	208.237	-203.763	106.587	208.077	-202.816
153	13.1252	1.44595	0.148347	-0.550483	0.101658	85.8254	194.537	-217.398	84.6015	203.513	-225.137
154	17.5391	1.62537	0.0754259	-0.237181	0.0192734	85.8254	194.537	-217.398	99.6416	204.768	-218.13
155	9.12547	1.65724	0.0857744	-0.335737	0.0601663	88.9131	178.098	-214.13	97.1258	176.696	-216.293
156	19.343	1.53821	0.153061	0.399601	0.174389	88.9131	178.098	-214.13	104.404	181.338	-209.568
157	36.1905	1.54109	0.0829807	0.16065	0.0328148	53.1231	200.014	-214.236	49.5224	234.324	-220.374
158	13.4464	1.55538	0.110926	-0.345156	0.042317	53.1231	200.014	-214.236	54.5393	210.332	-206.624
159	29.6853	1.69708	0.0835209	-0.0439944	0.025846	63.5611	210.099	-210.493	70.5256	238.003	-213.696
160	7.64872	1.70991	0.0845222	-0.991385	0.0626613	63.5611	210.099	-210.493	65.3963	216.361	-207.454
161	6.54768	1.57708	0.114931	0.240465	0.0417151	66.487	206.004	-219.717	65.7055	211.309	-222.996
162	27.3321	1.60242	0.0822779	0.377985	0.0301097	66.487	206.004	-219.717	85.9863	223.857	-221.966
163	14.109	1.67383	0.074491	0.331589	0.0183308	-67.0518	176.075	-199.654	-79.0148	170.534	-195.395
164	18.3801	1.49621	0.160293	-0.200406	0.147695	-67.0518	176.075	-199.654	-79.5742	172.13	-208.824
165	6.53666	1.83701	0.0786865	-0.0178481	0.00739337	-63.8983	188.658	-200.244	-64.2434	195.01	-198.966
166	14.248	1.70746	0.0584003	-0.234768	0.0240731	-63.8983	188.658	-200.244	-77.634	190.745	-199.508
167	14.2158	1.77963	0.089107	0.0276166	0.0491504	-65.4668	189.127	-214.922	-76.8253	196.374	-216.355
168	7.92485	1.68569	0.125546	0.571679	0.0330074	-65.4668	189.127	-214.922	-67.764	191.725	-221.765
169	7.5324	1.51409	0.110913	0.206191	0.0203939	-60.7533	171.286	-175.05	-66.4307	172.297	-170.441
170	29.1586	1.5959	0.114585	1.10072	0.0411487	-60.7533	171.286	-175.05	-76.6073	148.637	-170.575
171	15.3786	1.61525	0.0995916	0.0182008	0.00676845	-53.3081	185.983	-174.785	-59.368	187.45	-160.841
172	12.9333	1.79747	0.0836623	0.274078	0.0201046	-53.3081	185.983	-174.785	-53.2393	197.978	-170.677
173	11.2328	1.52813	0.261443	0.477523	0.184119	-52.3338	156.333	-165.823	-54.1687	147.394	-168.413
174	7.95723	1.72375	0.0949087	0.144657	0.0246372	-52.3338	156.333	-165.823	-54.342	153.05	-159.078
175	23.0053	1.6147	0.128757	0.095639	0.0194195	-44.7262	164.253	-160.668	-44.5032	170.054	-138.861
176	8.67144	1.69744	0.090767	0.291674	0.0211981	-44.7262	164.253	-160.668	-40.1631	159.491	-155.32
177	39.4289	1.53205	0.115444	0.135846	0.0481109	-39.3285	117.02	-217.371	-47.0423	82.2787	-229.566
178	2.83429	2.22088	0.185841	0	0.0556644	-39.3285	117.02	-217.371	-37.276	115.738	-218.533
179	12.204	1.47636	0.207356	-0.465703	0.27213	-33.052	117.078	-211.698	-26.8722	111.083	-207.467
180	18.1884	1.53206	0.133102	-0.0854225	0.079357	-33.052	117.078	-211.698	-18.1092	110.333	-215.594
181	42.5436	1.46046	0.167404	0.181933	0.0452664	-31.3636	136.42	-220.013	-25.359	109.553	-249.991
182	7.40527	1.29394	0.163606	1.46565	0.0369017	-31.3636	136.42	-220.013	-29.8383	137.358	-226.926
183	10.4078	1.48635	0.180445	0.316355	0.0750359	-41.0291	120.722	-183.537	-34.145	114.955	-179.921
184	3.37373	2.25942	0.157444	0	0.0596963	-41.0291	120.722	-183.537	-42.4584	118.277	-182.084
185	19.9269	1.57013	0.131366	-0.358848	0.0365848	-37.6168	133.877	-189.927	-30.6961	115.972	-190.964
186	3.85002	1.41745	0.0979044	0	0.0316016	-37.6168	133.877	-189.927	-37.2462	134.385	-186.248
187	17.5533	1.67515	0.107567	0.0566298	0.0149292	-61.3552	150.149	-247.138	-61.7428	159.465	-261.705
188	10.3222	1.81124	0.104985	0.593714	0.0195798	-61.3552	150.149	-247.138	-67.8922	144.798	-252.718
189	13.2072	1.68064	0.104009	-0.168157	0.0195672	-67.1547	161.465	-238.235	-75.1408	166.769	-246.946
190	4.87689	1.83128	0.084397	-1.25702	0.0101941	-67.1547	161.465	-238.235	-66.4475	166.221	-237.804
191	7.29628	1.68101	0.0800042	-0.182784	0.0224203	-68.7621	152.956	-232.276	-73.5171	149.166	-228.541
192	15.6205	1.64214	0.0845791	-0.447836	0.0211693	-68.7621	152.956	-232.276	-82.9822	153.15	-237.91
193	10.3164	1.48902	0.116322	-0.000928778	0.0197355	-36.7093	145.89	-250.459	-32.8535	154.056	-255.019
194	7.89606	1.50372	0.118462	-0.518412	0.00855241	-36.7093	145.89	-250.459	-31.8844	140.304	-253.069
195	9.18685	1.80919	0.0793007	0.209599	0.055295	-47.4524	137.281	-255.257	-46.1039	128.799	-256.678
196	14.1613	1.78237	0.08435	-0.404379	0.0637194	-47.4524	137.281	-255.257	-54.5944	134.96	-266.249
197	14.2152	1.67507	0.0952415	0.0545457	0.0246112	-47.4524	137.281	-255.257	-41.3419	135.008	-267.503
198	8.85002	1.42849	0.183011	0.548963	0.0115374	88.2382	114.248	-170.295	88.2763	112.221	-161.784
199	2.743	2.09144	0.0203309	0	0.000663481	88.2382	114.248	-170.295	89.3306	112.599	-172.193
200	7.56275	1.56612	0.110963	0.555779	0.0382705	52.6976	119.014	-165.012	55.7711	112.446	-165.701
201	6.66154	1.14964	0.252143	0.352062	0.0742814	52.6976	119.014	-165.012	47.5085	115.637	-165.36
202	13.7439	1.50813	0.156084	1.21726	0.133586	56.9877	124.22	-162.613	67.2162	117.721	-162.98
203	16.8693	1.54702	0.154522	-0.316849	0.100619	56.9877	124.22	-162.613	65.0131	111.986	-158.048
204	12.39	1.49463	0.136572	0.192815	0.0760045	45.3617	134.254	-158.469	37.5061	129.222	-151.719
205	36.3866	1.47208	0.118493	-0.398379	0.133572	45.3617	134.254	-158.469	45.1983	102.196	-156.87
206	18.9671	1.48172	0.130853	0.270358	0.0408912	54.8385	173.685	-139.481	57.5829	174.857	-121.505
207	15.6848	1.48508	0.148324	-0.0747771	0.0318669	54.8385	173.685	-139.481	54.9438	185.044	-129.381
208	19.534	1.45984	0.118685	0.559419	0.0300584	46.6893	147.556	-128.459	43.9136	131.42	-118.892
209	16.8971	1.46081	0.118246	0.114019	0.0585546	46.6893	147.556	-128.459	42.4755	141.926	-114.129
210	16.9909	1.57767	0.0968737	0.13912	0.0232732	55.8249	206.281	-157.007	47.8604	217.79	-148.072
211	25.6334	1.54927	0.112235	-0.282761	0.0343305	55.8249	206.281	-157.007	62.2781	228.966	-149.396
212	27.0884	1.67747	0.0915273	-0.417499	0.018193	58.7507	199.204	-175.237	64.107	225.251	-174.422
213	5.00398	1.77699	0.0954647	0.442137	0.0425723	58.7507	199.204	-175.237	55.4845	201.207	-178.128
214	12.8326	1.45484	0.12342	0.487199	0.0319018	66.4907	188.555	-186.164	65.9981	179.29	-194.444
215	15.9909	1.42566	0.117979	0.355472	0.0491498	66.4907	188.555	-186.164	67.9645	203.317	-189.662
216	15.8168	1.47493	0.143111	0.0988082	0.0848441	92.0614	172.843	-180.446	105.775	171.949	-175.578
217	15.1759	1.45339	0.0730844	0.0500518	0.0240667	92.0614	172.843	-180.446	106.818	172.961	-181.804
218	5.1996	1.70545	0.104779	0	0.0458269	74.9677	151.876	-241.347	78.888	151.884	-238.289
219	20.4147	1.71506	0.0764318	-0.0320694	0.0246646	74.9677	151.876	-241.347	93.7421	148.355	-247.01
220	26.7343	1.57013	0.113946	0.028076	0.0544543	67.2167	160.165	-243.978	81.9804	180.478	-240.478
221	9.6938	1.6831	0.0746376	0.136347	0.0177065	67.2167	160.165	-243.978	61.8621	166.28	-248.944
222	11.2028	1.83948	0.0736813	0.177411	0.0316399	67.2167	160.165	-243.978	76.1705	158.71	-249.947
223	10.5209	1.79627	0.0775254	0.149624	0.0448878	67.5909	141.922	-242.299	71.9893	132.895	-241.549
224	33.8365	1.65095	0.0842595	-0.30728	0.0186899	67.5909	141.922	-242.299	93.1735	129.836	-259.699
225	42.8723	1.5986	0.0653439	0.0398306	0.020921	55.2902	141.049	-249.654	58.2202	101.76	-264.189
226	6.04193	2.37588	0.0580873	0.419072	0.0195911	55.2902	141.049	-249.654	56.3543	140.172	-255.417
227	3.92744	1.42805	0.144716	0	0.0717512	29.4926	150.285	-238.644	26.7589	152.608	-239.394
228	12.3239	1.50312	0.120886	0.277203	0.0174326	29.4926	150.285	-238.644	23.3211	140.051	-240.616
229	23.3379	1.60957	0.0726101	-0.0155611	0.018749	42.5892	134.156	-206.006	41.1716	111.416	-203.627
230	11.2809	1.49824	0.177258	-0.338075	0.136609	42.5892	134.156	-206.006	38.821	130.19	-197.724
231	12.5878	1.47582	0.153424	-1.36692	0.0853938	38.2872	142.784	-208.629	30.4904	142.078	-200.073
232	5.78431	1.58161	0.0882706	0	0.0401368	38.2872	142.784	-208.629	33.5668	143.853	-211.368
233	19.1994	1.57652	0.0883086	-0.151678	0.0266658	39.177	124.245	-222.722	38.6864	106.652	-229.046
234	5.49929	1.51145	0.0968623	0.0429735	0.0280232	39.177	124.245	-222.722	34.2817	122.161	-223.279
235	15.5469	1.64673	0.0898449	0.909026	0.0187451	59.028	124.154	-217.326	61.9077	110.055	-212.243
236	35.5346	1.55304	0.0938511	0.0693811	0.0442724	59.028	124.154	-217.326	69.6543	94.9952	-231.282
237	14.9033	1.44148	0.189745	0.433923	0.0669783	106.587	208.077	-202.816	118.004	207.963	-194.77
238	15.3208	1.46449	0.171669	0.274948	0.0561088	106.587	208.077	-202.816	119.404	209.32	-209.495
239	17.3773	1.52458	0.115779	0.202616	0.0519405	99.6416	204.768	-218.13	113.323	206.015	-227.303
240	14.5273	1.52248	0.103322	-0.406401	0.0408057	99.6416	204.768	-218.13	107.317	216.357	-216.855
241	28.0174	1.48951	0.142533	0.32584	0.0747821	97.1258	176.696	-216.293	120.687	172.827	-226.755
242	17.2	1.50861	0.120735	0.0698288	0.148694	97.1258	176.696	-216.293	111.872	179.162	-215.465
243	21.8207	1.55657	0.109026	-0.0526724	0.024228	70.5256	238.003	-213.696	82.7316	255.433	-212.647
244	22.1933	1.61245	0.104108	0.117885	0.0180041	70.5256	238.003	-213.696	61.9869	258.062	-213.67
245	22.7539	1.56159	0.127599	-0.127691	0.0280059	65.3963	216.361	-207.454	78.6666	231.409	-198.108
246	37.4107	1.60255	0.0857597	-0.315898	0.0412527	65.3963	216.361	-207.454	52.2361	249.793	-207.426
247	22.7529	1.51281	0.0886383	-0.413349	0.0171721	65.7055	211.309	-222.996	68.115	233.521	-224.079
248	13.9458	1.43539	0.157864	0.135931	0.0974992	65.7055	211.309	-222.996	62.7664	219.821	-231.961
249	24.6157	1.45996	0.131089	0.419971	0.031927	85.9863	223.857	-221.966	101.875	241.623	-222.932
250	10.9365	1.41724	0.200708	0.0852547	0.0410103	85.9863	223.857	-221.966	85.7869	229.942	-230.528
251	13.6246	1.54983	0.152462	-0.528354	0.0622242	-79.0148	170.534	-195.395	-88.9105	170.572	-187.234
252	14.7147	1.59425	0.0977872	0.217576	0.0307384	-79.0148	170.534	-195.395	-91.9557	164.978	-197.732
253	23.1174	1.45982	0.0948831	-0.0607828	0.0256374	-79.5742	172.13	-208.824	-99.6829	171.281	-218.971
254	11.6941	1.50354	0.122332	0.0195302	0.030858	-79.5742	172.13	-208.824	-90.1747	172.865	-204.852
255	4.93023	1.51527	0.040415	0.0494151	0.00105772	-64.2434	195.01	-198.966	-59.9746	197.243	-197.944
256	8.2263	1.79791	0.0597704	-0.347481	0.010935	-64.2434	195.01	-198.966	-69.4456	201.26	-198.681
257	13.0634	1.54235	0.0743391	-0.178681	0.0132653	-77.634	190.745	-199.508	-89.3518	190.686	-204.884
258	26.8679	1.51381	0.127058	-0.0973635	0.0339424	-77.634	190.745	-199.508	-93.3849	197.341	-179.92
259	16.3808	1.49845	0.152035	0.282063	0.0542349	-76.8253	196.374	-216.355	-91.2696	195.237	-221.968
260	22.7486	1.62635	0.0920829	-0.441757	0.0213665	-76.8253	196.374	-216.355	-91.6433	210.623	-224.927
261	6.70106	1.56727	0.0623563	-0.0533976	0.00616734	-67.764	191.725	-221.765	-64.2897	189.841	-227.126
262	15.9374	1.82744	0.0875229	0.0347583	0.0185053	-67.764	191.725	-221.765	-75.8162	203.378	-228.414
263	18.4471	1.51259	0.104065	0.310486	0.0289587	-66.4307	172.297	-170.441	-78.2868	164.865	-159.234
264	18.111	1.5557	0.113624	-0.313683	0.038107	-66.4307	172.297	-170.441	-80.8876	181.544	-167.302
265	17.915	1.55018	0.125594	-0.00333848	0.0388373	-59.368	187.45	-160.841	-62.8339	186.821	-143.959
266	25.2548	1.54081	0.116657	-0.096103	0.0360416	-59.368	187.45	-160.841	-70.9939	201.049	-144.284
267	5.67549	1.88686	0.0885493	0	0.0464256	-53.2393	197.978	-170.677	-55.7879	202.76	-170.906
268	8.5201	1.65194	0.105138	0.0628429	0.0370567	-53.2393	197.978	-170.677	-50.0005	201.813	-164.174
269	7.68033	1.59217	0.149195	-0.131089	0.0569809	-54.342	153.05	-159.078	-58.5523	151.934	-153.262
270	16.8439	1.56216	0.124894	-0.4775	0.0306332	-54.342	153.05	-159.078	-52.7778	141.074	-148.067
271	23.0914	1.50335	0.141759	-0.278646	0.0261345	-44.5032	170.054	-138.861	-36.1427	183.599	-122.953
272	20.8194	1.47532	0.208688	-0.143673	0.0245873	-44.5032	170.054	-138.861	-43.4821	164.033	-119.48
273	12.1088	1.56301	0.150751	0.0321926	0.0549767	-40.1631	159.491	-155.32	-38.7875	151.717	-146.988
274	4.79017	1.92308	0.112284	0.0662485	0.0387591	-40.1631	159.491	-155.32	-36.1445	160.058	-153.13
275	7.50179	1.56685	0.18824	0.0885951	0.229898	-37.276	115.738	-218.533	-33.1793	111.327	-217.55
276	21.6914	1.52022	0.127159	-0.635359	0.0458694	-37.276	115.738	-218.533	-35.3841	100.455	-232.426
277	19.1869	1.52082	0.07497	0.301661	0.0124562	-26.8722	111.083	-207.467	-27.9544	92.1775	-206.737
278	6.91884	1.50816	0.118883	0.0587687	0.0559201	-26.8722	111.083	-207.467	-20.9208	108.369	-207.085
279	5.72229	1.41089	0.180615	-0.234431	0.0488393	-34.145	114.955	-179.921	-33.6004	113.678	-174.644
280	6.3736	1.52555	0.143165	0.17068	0.075214	-34.145	114.955	-179.921	-28.6155	113.051	-178.954
281	22.2173	1.47094	0.107142	0.38776	0.141775	-42.4584	118.277	-182.084	-43.0932	99.4876	-177.065
282	10.5081	1.58942	0.142669	-0.687796	0.0816702	-42.4584	118.277	-182.084	-44.3182	112.135	-174.79
283	11.141	1.45059	0.0861164	0.00352015	0.0332958	-30.6961	115.972	-190.964	-32.0155	107.172	-184.875
284	4.64837	1.49419	0.165201	0	0.0727476	-30.6961	115.972	-190.964	-28.6555	112.714	-192.963
285	19.5621	1.50056	0.157226	0.258601	0.0173725	-61.7428	159.465	-261.705	-74.1681	157.477	-276.244
286	23.2165	1.53247	0.13031	-0.0936716	0.0542716	-61.7428	159.465	-261.705	-54.5215	177.97	-271.21
287	21.5207	1.61693	0.114136	-0.176485	0.0397261	-67.8922	144.798	-252.718	-81.5929	130.454	-258.63
288	13.3506	1.71983	0.138082	-1.2492	0.0327169	-67.8922	144.798	-252.718	-75.9607	142.917	-262.642
289	45.6819	1.58615	0.0880175	-0.0525838	0.0133663	-75.1408	166.769	-246.946	-114.813	178.898	-264.586
290	26.9776	1.55396	0.140234	-0.493824	0.0897979	-75.1408	166.769	-246.946	-87.5955	182.804	-261.108
291	7.53418	1.54081	0.132397	0.512581	0.0394299	-66.4475	166.221	-237.804	-72.0639	170.743	-237.059
292	5.45439	1.48292	0.20478	0.749111	0.0628589	-66.4475	166.221	-237.804	-62.5948	168.118	-240.615
293	14.5087	1.54506	0.126611	0.263006	0.0878658	-73.5171	149.166	-228.541	-85.0511	148.062	-221.936
294	7.8915	1.70557	0.0806099	0.0320625	0.0191297	-73.5171	149.166	-228.541	-78.1286	142.964	-228.057
295	14.7168	1.56434	0.140552	0.082961	0.02566	-82.9822	153.15	-237.91	-92.4847	144.222	-243.898
296	6.48641	1.79958	0.0754577	0.24699	0.0153635	-82.9822	153.15	-237.91	-88.7944	155.756	-237.421
297	12.9981	1.53951	0.105212	0.0728503	0.0164217	-46.1039	128.799	-256.678	-38.7625	118.432	-255.209
298	14.5367	1.6289	0.0604327	-0.36885	0.0311571	-46.1039	128.799	-256.678	-46.4547	117.46	-265.047
299	29.9552	1.57368	0.115316	-0.407874	0.0409957	-54.5944	134.96	-266.249	-65.7777	111.926	-279.379
300	5.19566	2.00439	0.107857	-0.0689327	0.050953	-54.5944	134.96	-266.249	-54.747	135.964	-271.088
301	7.53028	1.70083	0.101939	0.0509263	0.0412417	-41.3419	135.008	-267.503	-40.8767	135.125	-274.719
302	11.7005	1.55344	0.119741	-0.348317	0.0407628	-41.3419	135.008	-267.503	-34.0159	128.156	-272.579
303	9.99003	1.41954	0.115858	-0.131556	0.0307104	88.2763	112.221	-161.784	88.7256	104.762	-155.611
304	8.5796	1.46151	0.103603	0.219006	0.0213139	88.2763	112.221	-161.784	88.115	118.984	-156.803
305	24.4756	1.50172	0.0920417	0.139615	0.0272959	89.3306	112.599	-172.193	88.214	89.5661	-178.183
306	27.3475	1.49594	0.154821	0.273725	0.0859014	89.3306	112.599	-172.193	110.476	111.662	-185.84
307	3.9267	1.01176	0.141044	0	0.0698248	57.5829	174.857	-121.505	55.5519	173.833	-118.625
308	3.73067	1.46097	0.0655853	0	0.0136514	57.5829	174.857	-121.505	60.8153	175.796	-120.017
309	10.6085	1.51928	0.120995	0.134345	0.0601732	47.8604	217.79	-148.072	41.4064	224.718	-151.307
310	6.81902	1.54024	0.123124	0.333112	0.057628	47.8604	217.79	-148.072	43.5788	219.676	-143.636
311	8.26238	1.2878	0.210805	-0.604508	0.0729529	62.2781	228.966	-149.396	61.8623	233.406	-143.118
312	7.62174	1.50558	0.135417	-0.314573	0.0438823	62.2781	228.966	-149.396	62.5871	235.514	-152.613
313	12.1997	1.50633	0.100028	-0.36999	0.0306873	64.107	225.251	-174.422	71.0825	234.813	-174.507
314	28.1608	1.4967	0.103381	0.129936	0.0378175	64.107	225.251	-174.422	58.4112	250.447	-182.729
315	3.90221	1.54581	0.124682	-1.72026	0.029199	55.4845	201.207	-178.128	54.2061	204.258	-176.274
316	4.58826	1.4822	0.256556	-0.973149	0.0886208	55.4845	201.207	-178.128	53.9413	200.453	-181.977
317	14.4721	1.53123	0.140251	0.0968982	0.0579907	78.888	151.884	-238.289	91.8216	156.05	-239.864
318	5.71176	1.39869	0.164794	0.162392	0.0905839	78.888	151.884	-238.289	82.126	148.809	-235.553
319	40.2184	1.55276	0.10212	-0.681674	0.0612713	93.7421	148.355	-247.01	124.108	149.137	-269.669
320	10.5379	1.52936	0.129079	0.537703	0.0640192	93.7421	148.355	-247.01	102.084	143.409	-245.002
321	5.43193	1.72683	0.0837294	0.208092	0.00745675	61.8621	166.28	-248.944	60.3961	171.436	-248.364
322	17.5639	1.4959	0.169806	-0.425847	0.0737997	61.8621	166.28	-248.944	50.6764	170.404	-260.143
323	35.2938	1.63111	0.0638753	-0.194291	0.00603165	76.1705	158.71	-249.947	109.465	169.553	-252.101
324	13.8106	1.49073	0.159663	0.313925	0.0934145	76.1705	158.71	-249.947	81.4328	154.362	-260.575
325	28.2939	1.61142	0.0959319	-0.290586	0.0170377	71.9893	132.895	-241.549	95.55	118.315	-239.047
326	32.8747	1.59742	0.0681924	-0.201301	0.0254469	71.9893	132.895	-241.549	80.6063	103.805	-251.905
327	19.6226	1.49062	0.114333	0.210021	0.0384429	93.1735	129.836	-259.699	107.588	128.69	-271.863
328	16.3623	1.53973	0.0969556	-0.248918	0.0444331	93.1735	129.836	-259.699	103.156	119.226	-265.462
329	18.1803	1.76498	0.148242	-0.191647	0.0754832	56.3543	140.172	-255.417	49.9585	136.598	-270.651
330	16.4444	1.83115	0.0870296	0.496062	0.0572757	56.3543	140.172	-255.417	66.0192	132.597	-264.962
331	22.6392	1.48547	0.110421	-0.454005	0.0749243	41.1716	111.416	-203.627	39.6319	90.4172	-203.106
332	20.5027	1.42982	0.156514	-0.14566	0.0502516	41.1716	111.416	-203.627	42.3117	98.955	-188.642
333	6.14189	1.53405	0.0900827	-0.0105866	0.00958141	33.5668	143.853	-211.368	29.1091	140.063	-213.033
334	6.33021	1.53536	0.154398	-0.387262	0.0266493	33.5668	143.853	-211.368	30.5918	149.208	-212.073
335	20.664	1.52676	0.110225	0.192744	0.0247349	38.6864	106.652	-229.046	39.0655	86.9379	-224.823
336	15.8756	1.48425	0.133546	0.182204	0.0285065	38.6864	106.652	-229.046	38.8263	94.9754	-239.14
337	11.0604	1.64179	0.0965279	0.122945	0.0324585	61.9077	110.055	-212.243	60.7794	99.4875	-210.897
338	8.71355	1.52402	0.114594	-0.0121848	0.038725	61.9077	110.055	-212.243	66.8208	104.456	-208.386
339	11.7689	1.49717	0.112225	0.149742	0.058882	113.323	206.015	-227.303	123.974	206.499	-230.444
340	5.46224	1.51254	0.160531	-0.154728	0.0581307	113.323	206.015	-227.303	113.621	206.4	-232.443
341	11.4442	1.38852	0.184527	-0.685243	0.0614234	107.317	216.357	-216.855	109.513	223.663	-224.474
342	9.68919	1.30437	0.1054	-0.146421	0.020115	107.317	216.357	-216.855	107.084	224.074	-211.324
343	4.9525	1.3698	0.170027	0.0540713	0.0573923	111.872	179.162	-215.465	112.447	179.487	-210.828
344	7.09655	1.58199	0.128528	1.19554	0.0358741	111.872	179.162	-215.465	118.691	179.341	-216.093
345	42.417	1.57407	0.0944941	0.100767	0.032441	-69.4456	201.26	-198.681	-92.9491	232.583	-211.108
346	9.26893	1.70786	0.0684965	-0.58231	0.0202764	-69.4456	201.26	-198.681	-70.3998	209.766	-195.635
347	3.73872	1.4926	0.0589383	0	0.00626324	-89.3518	190.686	-204.884	-91.9311	193.276	-204.218
348	11.4567	1.53062	0.160586	0.290668	0.116185	-89.3518	190.686	-204.884	-99.542	189.756	-205.688
349	9.92843	1.51805	0.153402	1.06837	0.0231002	-91.6433	210.623	-224.927	-94.9455	219.736	-225.396
350	5.10414	1.54017	0.118304	0.119729	0.0613482	-91.6433	210.623	-224.927	-95.8759	211.135	-227.152
351	3.50768	1.36569	0.0429658	0	0.00625734	-64.2897	189.841	-227.126	-63.878	186.423	-227.672
352	4.33848	1.4698	0.106761	0.35366	0.00858087	-64.2897	189.841	-227.126	-63.4625	192.8	-230.137
353	44.931	1.59258	0.0946019	-0.0191192	0.0309202	-75.8162	203.378	-228.414	-106.813	231.805	-239.844
354	13.8714	1.6077	0.122758	-0.468915	0.0464494	-75.8162	203.378	-228.414	-80.19	212.152	-237.337
355	10.269	1.441	0.237976	-0.279004	0.0970488	-70.9939	201.049	-144.284	-71.2283	200.068	-134.978
356	14.2341	1.50606	0.0904115	-0.674593	0.0126002	-70.9939	201.049	-144.284	-71.1317	215.001	-142.575
357	20.4148	1.54615	0.106101	-0.0640192	0.0273131	-55.7879	202.76	-170.906	-72.0135	212.706	-165.188
358	16.2652	1.60124	0.0667654	0.276354	0.0218561	-55.7879	202.76	-170.906	-54.3088	218.378	-168.211
359	10.8329	1.53325	0.148381	0.101489	0.0662435	-50.0005	201.813	-164.174	-42.3866	208.213	-162.102
360	30.2635	1.56235	0.116191	-0.275636	0.0428953	-50.0005	201.813	-164.174	-41.6057	220.009	-143.185
361	20.2367	1.49124	0.153517	0.0996336	0.0331622	-58.5523	151.934	-153.262	-64.7523	154.789	-134.903
362	16.5901	1.50374	0.122199	0.478532	0.0231004	-58.5523	151.934	-153.262	-68.3131	141.76	-145.252
363	15.1247	1.47832	0.126067	-0.0613427	0.0430089	-52.7778	141.074	-148.067	-54.6714	127.053	-144.892
364	21.4999	1.49645	0.154173	0.0811336	0.0739496	-52.7778	141.074	-148.067	-47.7951	132.141	-130.859
365	9.90376	1.55406	0.0930539	-0.426429	0.00861717	-36.1427	183.599	-122.953	-36.3392	179.243	-114.156
366	18.3725	1.45996	0.0997603	-0.0440037	0.0229241	-36.1427	183.599	-122.953	-34.6643	201.283	-120.184
367	35.395	1.45547	0.156442	0.0510476	0.0751742	-38.7875	151.717	-146.988	-35.7589	122.857	-131.442
368	23.1101	1.47765	0.143722	-0.561064	0.039649	-38.7875	151.717	-146.988	-30.2815	140.307	-129.913
369	7.12904	1.55307	0.136325	-0.232029	0.0168755	-36.1445	160.058	-153.13	-33.0146	153.846	-154.006
370	5.5138	1.43873	0.158433	-0.404085	0.0771743	-36.1445	160.058	-153.13	-36.1639	163.379	-149.235
371	21.2213	1.55374	0.0544285	0.567042	0.0188636	-33.1793	111.327	-217.55	-31.1959	90.6136	-216.639
372	4.77902	1.43992	0.134578	0	0.0521095	-33.1793	111.327	-217.55	-31.4139	110.913	-221.714
373	9.91686	1.43661	0.14597	0.445841	0.0310958	-33.6004	113.678	-174.644	-33.85	106.232	-168.562
374	8.70837	1.47292	0.13573	-0.386133	0.0185395	-33.6004	113.678	-174.644	-26.1062	114.501	-170.612
375	29.4281	1.42275	0.154828	-0.168707	0.0762137	-28.6155	113.051	-178.954	-27.5238	91.7336	-161.863
376	8.23672	1.48054	0.112301	1.69582	0.0263419	-28.6155	113.051	-178.954	-20.7048	114.076	-178.075
377	18.9939	1.49493	0.126724	-0.868693	0.123383	-44.3182	112.135	-174.79	-56.8361	106.322	-165.024
378	15.9445	1.44004	0.194399	-0.354731	0.0781877	-44.3182	112.135	-174.79	-44.281	103.3	-162.931
379	20.6471	1.54301	0.0719692	-0.0263349	0.046691	-81.5929	130.454	-258.63	-99.6473	122.509	-258.82
380	20.2476	1.53576	0.111717	-9.13483e-05	0.0412821	-81.5929	130.454	-258.63	-92.7121	114.527	-259.528
381	39.0298	1.48382	0.0669595	-0.197174	0.0170117	-75.9607	142.917	-262.642	-109.515	144.164	-281.226
382	20.2023	1.63039	0.0853936	-0.0454464	0.0385141	-75.9607	142.917	-262.642	-85.0648	133.76	-277.191
383	10.155	1.56342	0.139248	0.159635	0.0451956	-114.813	178.898	-264.586	-122.416	184.947	-264.613
384	7.88142	1.42805	0.152806	-0.486872	0.011986	-114.813	178.898	-264.586	-118.326	177.161	-271.317
385	14.8537	1.50745	0.115019	-0.152115	0.0606279	-85.0511	148.062	-221.936	-98.9958	148.08	-220.643
386	9.73012	1.57533	0.105819	0.318669	0.0255064	-85.0511	148.062	-221.936	-88.5512	139.265	-222.554
387	8.86156	1.62903	0.118742	0.0932365	0.0423524	-78.1286	142.964	-228.057	-80.6135	135.737	-224.332
388	20.5247	1.55257	0.116573	-0.163545	0.0302737	-78.1286	142.964	-228.057	-97.3021	137.592	-228.681
389	25.6182	1.56136	0.104564	0.241444	0.0762028	-88.7944	155.756	-237.421	-110.795	161.551	-244.424
390	12.784	1.53367	0.0958294	0.620629	0.0533849	-88.7944	155.756	-237.421	-95.0211	165.877	-234.955
391	15.2741	1.5499	0.132724	0.448271	0.0718901	-46.4547	117.46	-265.047	-45.0689	103.669	-268.357
392	22.9204	1.54246	0.122057	-0.519295	0.0289968	-46.4547	117.46	-265.047	-47.9314	104.781	-283.301
393	8.88835	1.67454	0.199456	0.279155	0.10469	-54.747	135.964	-271.088	-52.1899	138.425	-278.309
394	53.3028	1.56675	0.13599	-0.193388	0.0225103	-54.747	135.964	-271.088	-74.0578	110.171	-312.067
395	40.3659	1.54655	0.135368	0.0713245	0.0181823	-40.8767	135.125	-274.719	-39.7205	117.83	-310.374
396	18.1224	1.57697	0.137011	-0.25972	0.0289202	-40.8767	135.125	-274.719	-34.8077	143.1	-289.203
397	18.0937	1.5227	0.160133	-0.0551389	0.15462	60.3961	171.436	-248.364	60.0276	187.033	-246.894
398	15.7176	1.49893	0.128047	-0.381734	0.0418665	60.3961	171.436	-248.364	61.106	186.044	-244.666
399	2.73804	1.28513	0.118915	0	0.0272288	60.0276	187.033	-246.894	61.106	186.044	-244.666
400	8.18818	1.77653	0.077584	-0.38171	0.0112553	49.9585	136.598	-270.651	50.6001	131.779	-277.126
401	10.261	1.59175	0.110937	0.39985	0.0133434	49.9585	136.598	-270.651	46.1154	144.098	-276.264
402	21.0663	1.6755	0.0776963	-0.438294	0.0281322	66.0192	132.597	-264.962	72.2846	116.407	-275.847
403	14.6325	1.71848	0.0933348	0.0739853	0.039642	66.0192	132.597	-264.962	74.5417	129.581	-275.75
404	28.1591	1.48363	0.0895648	0.415344	0.0683711	60.7794	99.4875	-210.897	56.9826	73.913	-216.018
405	5.39129	1.81528	0.0897103	0	0.0227328	60.7794	99.4875	-210.897	60.8426	94.8978	-208.305
406	22.7616	1.50495	0.100742	0.2646	0.0268259	-92.9491	232.583	-211.108	-91.2289	254.55	-213.523
407	13.1889	1.41587	0.149104	0.00534987	0.0923492	-92.9491	232.583	-211.108	-94.3444	241.268	-219.378
408	53.855	1.53523	0.0782669	0.0456082	0.0765921	-70.3998	209.766	-195.635	-79.5113	258.922	-197.375
409	8.8971	1.508	0.120125	0.530879	0.0419209	-70.3998	209.766	-195.635	-66.9179	216.955	-192.617
410	14.3425	1.5238	0.128404	0.209385	0.0276793	-80.19	212.152	-237.337	-89.6645	221.124	-242.288
411	14.1026	1.39867	0.115029	0.777551	0.0807359	-80.19	212.152	-237.337	-79.496	222.027	-245.838
412	33.4032	1.53233	0.0916323	0.00958691	0.0470592	-54.3088	218.378	-168.211	-63.2593	248.955	-169.843
413	20.6301	1.61388	0.0991017	0.579325	0.0142416	-54.3088	218.378	-168.211	-47.1046	237.393	-167.713
414	6.58058	1.50122	0.114118	-0.151848	0.0338929	-41.6057	220.009	-143.185	-42.863	225.106	-139.587
415	28.89	1.49794	0.122005	0.377466	0.152752	-41.6057	220.009	-143.185	-32.5036	242.975	-147.404
416	21.5095	1.48928	0.123602	-0.222896	0.0258245	-68.3131	141.76	-145.252	-67.8067	122.132	-137.895
417	11.4752	1.5	0.102328	0.377344	0.0382349	-68.3131	141.76	-145.252	-78.8038	141.458	-141.786
418	11.0617	1.51948	0.101294	0.437684	0.0200252	-54.6714	127.053	-144.892	-54.6906	117.7	-150.381
419	7.88522	1.46027	0.0950564	-0.0889206	0.00998959	-54.6714	127.053	-144.892	-54.2912	122.276	-138.728
420	24.6203	1.52221	0.089032	-0.180539	0.0185778	-30.2815	140.307	-129.913	-27.4589	117.003	-124.151
421	19.0817	1.44135	0.244084	-0.751367	0.0431134	-30.2815	140.307	-129.913	-21.9842	137.18	-113.913
422	3.93976	1.47001	0.12467	0	0.0310816	-36.1639	163.379	-149.235	-37.9129	162.084	-146.094
423	39.9564	1.49591	0.148144	-0.107203	0.0839656	-36.1639	163.379	-149.235	-33.6078	199.969	-145.576
424	27.6716	1.51231	0.0918875	0.343548	0.0165492	-31.4139	110.913	-221.714	-32.4746	84.4118	-227.844
425	33.1589	1.46449	0.0998685	-0.188819	0.160745	-31.4139	110.913	-221.714	-26.5685	89.9184	-240.472
426	24.9664	1.44934	0.188756	0.250051	0.10724	-33.85	106.232	-168.562	-35.3755	89.1454	-153.928
427	19.3662	1.44142	0.26085	0.207845	0.0339506	-33.85	106.232	-168.562	-33.4504	103.035	-150.111
428	3.45439	1.39202	0.0675655	0	0.00961484	-20.7048	114.076	-178.075	-18.1386	113.901	-175.818
429	2.83795	1.50874	0.126211	0	0.0325487	-20.7048	114.076	-178.075	-18.8645	113.896	-180.108
430	3.27489	1.43329	0.0755049	0	0.0150357	-44.281	103.3	-162.931	-43.5768	105.875	-161.119
431	2.48814	1.99217	0.0969831	0	0.0131679	-44.281	103.3	-162.931	-44.9909	101.221	-161.834
432	4.52524	1.62197	0.590446	0	0.681931	-85.0648	133.76	-277.191	-86.5127	132.518	-279.089
433	3.83736	1.63204	0.503965	0	0.426262	-85.0648	133.76	-277.191	-86.5127	132.518	-279.089
434	12.7708	1.48062	0.0824663	0.0674883	0.0250628	-98.9958	148.08	-220.643	-109.936	146.917	-214.796
435	3.98636	1.37907	0.120983	-0.136431	0.0171602	-98.9958	148.08	-220.643	-101.149	147.841	-223.908
436	4.31707	1.15451	0.10991	0	0.0274586	-80.6135	135.737	-224.332	-79.5335	131.792	-225.295
437	10.8524	1.53554	0.128894	-0.520915	0.0240626	-80.6135	135.737	-224.332	-86.9707	129.936	-218.149
438	19.0137	1.45701	0.143535	-0.837752	0.0651183	-97.3021	137.592	-228.681	-111.844	137.219	-218.334
439	9.74559	1.3571	0.149347	0.602759	0.0348416	-97.3021	137.592	-228.681	-103.545	137.72	-235.731
440	25.4982	1.49691	0.20995	0.179696	0.0405746	-52.1899	138.425	-278.309	-52.66	129.676	-301.193
441	11.7812	1.52993	0.124503	0.573465	0.032644	-52.1899	138.425	-278.309	-50.4044	149.658	-279.2
442	8.25141	1.35562	0.21069	-0.0703926	0.0508512	-34.8077	143.1	-289.203	-34.3325	142.589	-297.024
443	4.46414	1.51946	0.0473046	0	0.00992519	-34.8077	143.1	-289.203	-34.813	147.513	-288.946
444	6.43764	1.58087	0.0875151	0.837391	0.00742298	60.0276	187.033	-246.894	59.1085	193.357	-246.952
445	10.6944	1.49207	0.0981338	0.896082	0.00996634	61.106	186.044	-244.666	61.3042	196.254	-241.866
446	15.3023	1.60449	0.106049	0.614071	0.0367678	50.6001	131.779	-277.126	48.4281	118.34	-282.829
447	15.8811	1.69329	0.0814758	-0.0548793	0.0271171	50.6001	131.779	-277.126	54.1875	126.395	-291.169
448	17.9302	1.49527	0.162034	0.0623002	0.0465908	46.1154	144.098	-276.264	37.3991	146.554	-290.807
449	23.8324	1.5246	0.173546	-0.258065	0.177474	46.1154	144.098	-276.264	36.4827	158.09	-287.27
450	20.233	1.58224	0.101789	-0.127434	0.0213679	72.2846	116.407	-275.847	74.3226	105.075	-291.967
451	14.4769	1.57401	0.0893176	-0.529787	0.0269004	72.2846	116.407	-275.847	79.7674	104.584	-277.569
452	8.2087	1.57668	0.119487	0.756228	0.05457	74.5417	129.581	-275.75	75.613	129.861	-283.454
453	35.6588	1.60376	0.101115	0.0464267	0.0403951	74.5417	129.581	-275.75	99.4577	119.254	-296.899
454	6.42096	1.46031	0.183184	-1.74244	0.0543999	60.8426	94.8978	-208.305	58.6128	91.8136	-203.551
455	10.7624	1.50046	0.172141	0.1505	0.108898	60.8426	94.8978	-208.305	61.6007	85.4259	-206.329
456	9.35884	1.5127	0.106488	0.105824	0.0249897	-47.1046	237.393	-167.713	-41.5554	244.432	-165.973
457	4.96204	1.56244	0.0388207	0.0743983	0.00412342	-47.1046	237.393	-167.713	-50.6162	240.318	-169.592
458	9.23896	1.43033	0.256995	-0.00676323	0.0873205	-42.863	225.106	-139.587	-42.8576	229.722	-132.453
459	13.7979	1.54172	0.108279	0.0721197	0.0279372	-42.863	225.106	-139.587	-42.8687	238.523	-139.981
460	6.98479	1.43973	0.114584	-0.130113	0.0170227	-78.8038	141.458	-141.786	-78.7502	135.498	-138.375
461	12.2273	1.55567	0.108718	0.035482	0.0678859	-78.8038	141.458	-141.786	-89.8808	138.567	-141.572
462	15.1908	1.51237	0.179142	-0.281604	0.0650059	-54.2912	122.276	-138.728	-53.0199	119.255	-124.846
463	17.2165	1.50704	0.130096	0.265551	0.0743876	-54.2912	122.276	-138.728	-54.3752	109.155	-129.529
464	12.1646	1.4853	0.165863	0.159079	0.03932	-27.4589	117.003	-124.151	-26.1584	107.382	-130.69
465	8.21875	1.41999	0.14459	-0.490021	0.0353857	-27.4589	117.003	-124.151	-27.0628	111.424	-118.518
466	9.11618	1.50733	0.132233	0.121666	0.027031	-21.9842	137.18	-113.913	-20.8242	128.413	-113.148
467	14.0166	1.48773	0.10625	0.0918656	0.010889	-21.9842	137.18	-113.913	-22.0278	149.215	-107.027
468	5.80627	1.44732	0.0737454	0.240213	0.00606481	-32.4746	84.4118	-227.844	-32.3526	79.4902	-224.833
469	4.1443	1.38909	0.105233	0	0.0240558	-32.4746	84.4118	-227.844	-32.0699	83.2814	-231.709
470	4.92689	1.47715	0.19373	0.288715	0.0957027	-44.9909	101.221	-161.834	-43.3284	98.0425	-159.122
471	11.7602	1.47663	0.123066	-0.205547	0.0178228	-44.9909	101.221	-161.834	-55.07	101.793	-156.214
472	26.6515	1.51174	0.111318	0.0301846	0.0383743	-86.5127	132.518	-279.089	-91.1517	110.535	-291.498
473	36.0717	1.48564	0.140184	0.326236	0.0679043	-86.5127	132.518	-279.089	-109.78	127.553	-303.066
474	17.3527	1.4829	0.0907846	0.405373	0.0832291	-86.9707	129.936	-218.149	-101.106	130.008	-210.611
475	5.43783	1.41111	0.126433	-0.0497416	0.049902	-86.9707	129.936	-218.149	-87.1369	126.845	-213.997
476	9.87574	1.54353	0.0945611	0.365834	0.0204881	-34.813	147.513	-288.946	-37.6768	156.733	-288.284
477	3.32276	0.598727	0.604609	26.0192	0.0244894	-34.813	147.513	-288.946	-34.383	148.463	-292.017
478	46.638	1.55892	0.137805	-0.0594164	0.0292542	54.1875	126.395	-291.169	63.9587	107.607	-331.229
479	24.4043	1.50768	0.149059	-0.0856269	0.0258685	54.1875	126.395	-291.169	49.4539	122.506	-314.156
480	6.3514	1.41433	0.252924	-0.517577	0.16204	74.3226	105.075	-291.967	72.6045	100.528	-294.466
481	9.98917	1.47049	0.16558	0.0587178	0.0327392	74.3226	105.075	-291.967	78.2652	103.098	-300.576
482	17.6428	1.5295	0.148341	0.17823	0.0201185	75.613	129.861	-283.454	78.4283	123.458	-299.272
483	4.92608	1.19107	0.136793	0.262289	0.0260143	75.613	129.861	-283.454	77.9464	133.449	-285.63
484	14.8333	1.43429	0.21228	0.123	0.0455925	61.6007	85.4259	-206.329	61.6366	79.261	-193.552
485	10.1112	1.47779	0.10804	0.368154	0.0491748	61.6007	85.4259	-206.329	61.6322	76.2269	-203.456
486	8.07276	1.48501	0.112674	0.0320202	0.0330588	-41.5554	244.432	-165.973	-41.4969	250.751	-161.377
487	17.6473	1.46621	0.156571	-0.00178468	0.0898436	-41.5554	244.432	-165.973	-38.1974	258.548	-173.161
488	12.885	1.50905	0.1781	0.060305	0.032027	-54.3752	109.155	-129.529	-54.2974	107.127	-117.21
489	7.51342	1.54602	0.107648	0.864351	0.0247752	-54.3752	109.155	-129.529	-54.4913	101.872	-128.693
490	12.7207	1.47089	0.173634	0.288738	0.0590348	-43.3284	98.0425	-159.122	-43.6418	86.9826	-154.447
491	14.5659	1.41424	0.26376	0.225381	0.0530678	-43.3284	98.0425	-159.122	-43.6691	95.9437	-145.455
492	3.52259	1.56657	0.091895	0	0.0259628	-109.78	127.553	-303.066	-113.003	127.618	-301.885
493	5.41404	1.44275	0.222502	0.123482	0.0791875	-109.78	127.553	-303.066	-110.277	126.917	-308.018
494	3.78582	1.51636	0.117809	0	0.047286	-101.106	130.008	-210.611	-102.662	127.512	-208.509
495	4.08471	1.3388	0.110884	0	0.0495729	-101.106	130.008	-210.611	-101.738	133.479	-208.968
496	22.3708	1.4666	0.135202	-0.0047773	0.0417484	-87.1369	126.845	-213.997	-104.601	127.793	-201.537
497	13.1761	1.44976	0.132739	-0.0264376	0.105443	-87.1369	126.845	-213.997	-86.031	115.138	-212.048
498	18.1569	4.07168	0.0162088	0.00766302	0.00349748	-32.4412	162.092	-198.908	-46.5982	172.508	-194.61
