product_id,manufacturer,product_name,catalog_number,source_primary_category,source_subcategory,device_class_code,device_class_label_en,device_subtype_code,device_subtype_label_en,taxonomy_confidence,needs_review,classification_basis,role_codes,procedure_codes
PRD-00C13A59AA,Richard Wolf,TEXAS Tracheoscope Tube ID 17.1 mm,82520.1441,Rigid bronchoscopy,Rigid bronchoscope/tracheoscope tube,bronchoscope,Bronchoscope,rigid_tracheoscope,Rigid tracheoscope,high,false,name_rule,RIGID_BRONCHOSCOPE_BARREL,RIGID_BRONCH
PRD-019030A1C7,Karl Storz,Aspirator for Collecting Secretions with Cut-Off Hole,10432N,Rigid bronchoscopy,Bronchoscopy aspiration/irrigation accessory,suction_irrigation,Suction or irrigation device,rigid_suction_catheter,Rigid suction catheter or tube,high,false,pair_rule,SPECIMEN_TRAP,EBUS_TBNA|FLEX_DIAGNOSTIC|ICU_BRONCH|TB_RULEOUT
PRD-01F519887A,Richard Wolf,PANOVIEW ULTRA Telescope,89354426,Medical thoracoscopy,Thoracoscopy telescope,endoscopic_telescope,Endoscopic telescope,thoracoscopy_telescope,Thoracoscopy telescope,high,false,pair_rule,THORACOSCOPE_RIGID,MED_THORACOSCOPY
PRD-0221D4FEAA,Richard Wolf,PANOVIEW ULTRA Telescope,8935461,Medical thoracoscopy,Thoracoscopy telescope,endoscopic_telescope,Endoscopic telescope,thoracoscopy_telescope,Thoracoscopy telescope,high,false,pair_rule,THORACOSCOPE_RIGID,MED_THORACOSCOPY
PRD-023092D446,Richard Wolf,"Parenchyma Forceps 50 mm, Curved Right",8242.604,Medical thoracoscopy,Thoracoscopy instrument,forceps_instrument,Forceps and hand instruments,thoracoscopy_hand_instrument,Thoracoscopy hand instrument,high,false,pair_rule,THORACOSCOPY_BIOPSY_FORCEPS,MED_THORACOSCOPY
PRD-039120780F,Olympus,Balloon Catheter 11 mm,B5-2C,Endobronchial valve,Sizing / occlusion balloon catheter,sizing_measuring,Sizing or measuring device,sizing_occlusion_balloon,Sizing / occlusion balloon catheter,moderate,false,pair_rule,EBV_SIZING_BALLOON,EBV
PRD-042B406005,Novatech,DUTAU NOVATECH Injection Cannula,02BRD1110,Rigid bronchoscopy,Rigid bronchoscope system,accessory,Accessory or ancillary item,rigid_scope_component,Rigid bronchoscope component,moderate,false,pair_rule,RIGID_BRONCHOSCOPE_ACCESSORY,RIGID_BRONCH
PRD-047902FA9C,Olympus,WM-NP3 Series Workstation,WM-NP3,Endoscopy platform,Endoscopy workstation,console_capital,Console or capital equipment,endoscopy_workstation,Endoscopy workstation or cart,high,false,pair_rule,ENDOSCOPY_CART,
PRD-050EDDE140,Karl Storz,Laryngeal Atomizer,10454,Rigid bronchoscopy,Rigid bronchoscopy accessory,accessory,Accessory or ancillary item,rigid_bronchoscopy_accessory,Rigid bronchoscopy accessory,high,false,pair_rule,RIGID_BRONCHOSCOPE_ACCESSORY,RIGID_BRONCH
PRD-05670F1B5F,ERBE,Flexible Cryoprobe 2.4 mm,20402-411,Therapeutic bronchoscopy,Flexible cryoprobe,cryotherapy,Cryotherapy device,flexible_cryoprobe,Flexible cryoprobe,high,false,pair_rule,CRYOPROBE_FLEX,RIGID_BRONCH|THERAPEUTIC_BRONCH
PRD-06811F5515,Karl Storz,HUZLY Suction Tube 3 mm x 35 cm,10434B,Rigid bronchoscopy,Bronchoscopy aspiration/irrigation accessory,suction_irrigation,Suction or irrigation device,rigid_suction_catheter,Rigid suction catheter or tube,high,false,pair_rule,RIGID_SUCTION_CATHETER,RIGID_BRONCH
PRD-06D2F10782,Karl Storz,Positive-Pressure Ventilation Injection Cannula,10318K,Rigid bronchoscopy,Rigid bronchoscope accessory,accessory,Accessory or ancillary item,rigid_scope_component,Rigid bronchoscope component,moderate,false,pair_rule,RIGID_BRONCHOSCOPE_ACCESSORY,RIGID_BRONCH
PRD-0790420A76,Olympus,GuideSheathKit 2,K-401,Peripheral bronchoscopy,Guide sheath kit,catheter_sheath,Catheter or guide sheath,guide_sheath_kit,Guide sheath kit,high,false,pair_rule,GUIDE_SHEATH_KIT,FLEX_DIAGNOSTIC
PRD-07EA3DD76E,Novatech,SURVAC PTFE Suction Catheter,77622,Rigid bronchoscopy,Suction catheter,suction_irrigation,Suction or irrigation device,flexible_suction_catheter,Flexible suction catheter,high,false,pair_rule,RIGID_SUCTION_CATHETER,RIGID_BRONCH
PRD-07EAE54A89,Olympus,Spiration Deployment Catheter and Loader – HUD,REF-HUS-C26N,Endobronchial valve,Historical HUD deployment catheter,implant_delivery,Implant delivery device,valve_delivery_catheter,Valve delivery catheter,high,false,pair_rule,EBV_DELIVERY_CATHETER,EBV
PRD-087FFD6337,Karl Storz,Rubber Telescope Guide,10315N,Rigid bronchoscopy,Rigid bronchoscope accessory,accessory,Accessory or ancillary item,rigid_scope_component,Rigid bronchoscope component,moderate,false,pair_rule,RIGID_BRONCHOSCOPE_ACCESSORY,RIGID_BRONCH
PRD-09192221FE,Novatech,DUTAU NOVATECH Axial Cap - 9 mm,02BRD9105,Rigid bronchoscopy,Axial cap,accessory,Accessory or ancillary item,rigid_scope_component,Rigid bronchoscope component,high,false,pair_rule,RIGID_BRONCHOSCOPE_ACCESSORY,RIGID_BRONCH
PRD-095515E20C,Richard Wolf,TEXAS Bronchoscope Tube ID 13 mm,82520.1041,Rigid bronchoscopy,Rigid bronchoscope/tracheoscope tube,bronchoscope,Bronchoscope,rigid_bronchoscope,Rigid bronchoscope,high,false,pair_rule,RIGID_BRONCHOSCOPE_BARREL,RIGID_BRONCH
PRD-0A2ABE77F9,Karl Storz,Aspirator for Collecting Secretions without Cut-Off Hole,10432T,Rigid bronchoscopy,Bronchoscopy aspiration/irrigation accessory,suction_irrigation,Suction or irrigation device,rigid_suction_catheter,Rigid suction catheter or tube,high,false,pair_rule,SPECIMEN_TRAP,EBUS_TBNA|FLEX_DIAGNOSTIC|ICU_BRONCH|TB_RULEOUT
PRD-0BCFAC0926,Richard Wolf,Cotton Swab,8295.35,Rigid bronchoscopy,Rigid bronchoscopy suction/accessory,accessory,Accessory or ancillary item,rigid_bronchoscopy_accessory,Rigid bronchoscopy accessory,moderate,false,pair_rule,RIGID_BRONCHOSCOPE_ACCESSORY,RIGID_BRONCH
PRD-0C821995AC,ERBE,"ERBECRYO 2 Exhaust Gas Hose, 5 m",20402-007,Therapeutic bronchoscopy,Exhaust gas hose,cryotherapy,Cryotherapy device,cryotherapy_accessory,Cryotherapy system accessory,high,false,pair_rule,CRYO_SYSTEM_ACCESSORY,RIGID_BRONCH|THERAPEUTIC_BRONCH
PRD-0E6A5953F1,Richard Wolf,Surgical Probe,8383.66,Medical thoracoscopy,Thoracoscopy surgical probe,forceps_instrument,Forceps and hand instruments,thoracoscopy_hand_instrument,Thoracoscopy hand instrument,moderate,false,pair_rule,THORACOSCOPY_PROBE,MED_THORACOSCOPY
PRD-0EA2B293A4,Karl Storz,Prismatic Light Deflector,10101FA,Rigid bronchoscopy,Rigid bronchoscope accessory,accessory,Accessory or ancillary item,rigid_scope_component,Rigid bronchoscope component,moderate,false,pair_rule,RIGID_BRONCHOSCOPE_ACCESSORY,RIGID_BRONCH
PRD-0F20768341,Richard Wolf,TEXAS Optic Element Bundle,825101401,Rigid bronchoscopy,Rigid bronchoscope optical element,endoscopic_telescope,Endoscopic telescope,rigid_telescope,Rigid bronchoscopy telescope,moderate,false,pair_rule,RIGID_BRONCHOSCOPE_HEAD,RIGID_BRONCH
PRD-0FD6CC7A8E,Karl Storz,HOPKINS Forward-Oblique Telescope,10320BA,Rigid bronchoscopy,Rigid bronchoscopy telescope,endoscopic_telescope,Endoscopic telescope,rigid_telescope,Rigid bronchoscopy telescope,high,false,pair_rule,RIGID_TELESCOPE,RIGID_BRONCH
PRD-1058B185EB,Richard Wolf,"Motor Handpiece, max 3000 rpm",89951.0001,Rigid bronchoscopy,Rigid bronchoscopic shaver handpiece,powered_shaver,Powered shaver or debrider,shaver_handpiece,Shaver handpiece,high,false,pair_rule,RIGID_BRONCH_SHAVER,RIGID_BRONCH
PRD-108394A19E,Karl Storz,Sponge Holder 50 cm,10385A,Rigid bronchoscopy,Rigid bronchoscopy accessory,accessory,Accessory or ancillary item,rigid_bronchoscopy_accessory,Rigid bronchoscopy accessory,high,false,pair_rule,RIGID_BRONCHOSCOPE_ACCESSORY,RIGID_BRONCH
PRD-11ADF871FE,Karl Storz,Cotton Applicator 50 cm,10384A,Rigid bronchoscopy,Rigid bronchoscopy accessory,accessory,Accessory or ancillary item,rigid_bronchoscopy_accessory,Rigid bronchoscopy accessory,high,false,pair_rule,RIGID_BRONCHOSCOPE_ACCESSORY,RIGID_BRONCH
PRD-1215DE841C,Novatech,DUTAU NOVATECH Lateral Cap - 1.8 mm,02BRD9156,Rigid bronchoscopy,Lateral cap,accessory,Accessory or ancillary item,rigid_scope_component,Rigid bronchoscope component,high,false,pair_rule,RIGID_BRONCHOSCOPE_ACCESSORY,RIGID_BRONCH
PRD-1239820D80,Boston Scientific,Cellebrity Single-Use Cytology Brush,M00516071,Sampling,Cytology brush,cytology_brush,Cytology brush,pulmonary_cytology_brush,Pulmonary cytology brush,high,false,pair_rule,CYTOLOGY_BRUSH,FLEX_DIAGNOSTIC|ICU_BRONCH|TB_RULEOUT
PRD-123BAC018B,Richard Wolf,PANOVIEW PLUS Telescope,82514.431,Rigid bronchoscopy,Rigid bronchoscopy telescope,endoscopic_telescope,Endoscopic telescope,rigid_telescope,Rigid bronchoscopy telescope,high,false,pair_rule,RIGID_TELESCOPE,RIGID_BRONCH
PRD-125BCF3BDD,Richard Wolf,HEMER Bronchoscope Tube Bundle,8214.0641,Rigid bronchoscopy,Rigid bronchoscope/tracheoscope tube,bronchoscope,Bronchoscope,rigid_bronchoscope,Rigid bronchoscope,high,false,pair_rule,RIGID_BRONCHOSCOPE_BARREL,RIGID_BRONCH
PRD-1266378787,Olympus,TC-C4 Series Workstation Set,K10029899,Endoscopy platform,Platform accessory,console_capital,Console or capital equipment,endoscopy_workstation,Endoscopy workstation or cart,moderate,false,name_rule,ENDOSCOPY_CART,
PRD-1292C69B1E,Olympus,Uncovered-Sheath Pulmonary Cytology Brush,BC-201C-1006,Sampling,Pulmonary cytology brush,cytology_brush,Cytology brush,pulmonary_cytology_brush,Pulmonary cytology brush,high,false,pair_rule,CYTOLOGY_BRUSH,FLEX_DIAGNOSTIC|ICU_BRONCH|TB_RULEOUT
PRD-129E6C270A,Karl Storz,"Single-Use Plastic Collection Device, Pack of 100",10432ED,Rigid bronchoscopy,Bronchoscopy aspiration/irrigation accessory,specimen_collection,Specimen collection device,specimen_trap,Specimen collection trap,high,false,name_rule,SPECIMEN_TRAP,EBUS_TBNA|FLEX_DIAGNOSTIC|ICU_BRONCH|TB_RULEOUT
PRD-12CFCE9A6C,Olympus,WM-DP3 Series Workstation,WM-DP3,Endoscopy platform,Endoscopy workstation,console_capital,Console or capital equipment,endoscopy_workstation,Endoscopy workstation or cart,high,false,pair_rule,ENDOSCOPY_CART,
PRD-136C288332,Olympus,TC-C3 Series Workstation Set,K10034676,Endoscopy platform,Platform accessory,console_capital,Console or capital equipment,endoscopy_workstation,Endoscopy workstation or cart,moderate,false,name_rule,ENDOSCOPY_CART,
PRD-16C811C696,Karl Storz,Optical Biopsy Forceps,26072A,Medical thoracoscopy,Pleural biopsy forceps,forceps_instrument,Forceps and hand instruments,pleural_biopsy_forceps,Pleural biopsy forceps,high,false,pair_rule,THORACOSCOPY_BIOPSY_FORCEPS,MED_THORACOSCOPY
PRD-17DB23EBC0,Karl Storz,"Bronchial Atomizer, 40 cm",10452B,Rigid bronchoscopy,Rigid bronchoscopy accessory,accessory,Accessory or ancillary item,rigid_bronchoscopy_accessory,Rigid bronchoscopy accessory,high,false,pair_rule,RIGID_BRONCHOSCOPE_ACCESSORY,RIGID_BRONCH
PRD-1840ABC86D,Olympus,SSU-2 Suction Tubing/Accessory,K7505595,Endoscopy platform,Platform accessory,accessory,Accessory or ancillary item,platform_accessory,Platform accessory,moderate,false,pair_rule,ENDOSCOPIC_SUCTION_PUMP,
PRD-18D62EB4E8,Richard Wolf,"Fiber Light Cable Bundle, 2.5 mm x 2.3 m",806625231,Endoscopy platform,Endoscopy light cable,accessory,Accessory or ancillary item,platform_accessory,Platform accessory,high,false,pair_rule,ENDOSCOPY_LIGHT_CABLE,MED_THORACOSCOPY|RIGID_BRONCH
PRD-18F33007D6,Richard Wolf,WOLF Bronchoscope Tube Bundle,8214.0821,Rigid bronchoscopy,Rigid bronchoscope/tracheoscope tube,bronchoscope,Bronchoscope,rigid_bronchoscope,Rigid bronchoscope,high,false,pair_rule,RIGID_BRONCHOSCOPE_BARREL,RIGID_BRONCH
PRD-1B9BB00FC8,Olympus,OFP-2 Irrigation Tubing,MAJ-1652,Endoscopy platform,Platform accessory,accessory,Accessory or ancillary item,platform_accessory,Platform accessory,moderate,false,pair_rule,ENDOSCOPIC_IRRIGATION_PUMP,
PRD-1C70287572,Karl Storz,Rigid Instrument Guide with Anti-Fog System,10329A,Rigid bronchoscopy,Rigid bronchoscope accessory,accessory,Accessory or ancillary item,rigid_scope_component,Rigid bronchoscope component,moderate,false,pair_rule,RIGID_BRONCHOSCOPE_ACCESSORY,RIGID_BRONCH
PRD-1C81CBF06E,Richard Wolf,"Endobronchial Resector, Curved",825620446,Rigid bronchoscopy,Rigid bronchoscopic shaver instrument,powered_shaver,Powered shaver or debrider,shaver_instrument,Shaver resector instrument,high,false,pair_rule,RIGID_BRONCH_SHAVER,RIGID_BRONCH
PRD-1DCE96086D,Richard Wolf,WOLF Bronchoscope Tube Bundle,8214.1021,Rigid bronchoscopy,Rigid bronchoscope/tracheoscope tube,bronchoscope,Bronchoscope,rigid_bronchoscope,Rigid bronchoscope,high,false,pair_rule,RIGID_BRONCHOSCOPE_BARREL,RIGID_BRONCH
PRD-1E5D7D510F,Karl Storz,Cotton Applicator 35 cm,10384B,Rigid bronchoscopy,Rigid bronchoscopy accessory,accessory,Accessory or ancillary item,rigid_bronchoscopy_accessory,Rigid bronchoscopy accessory,high,false,pair_rule,RIGID_BRONCHOSCOPE_ACCESSORY,RIGID_BRONCH
PRD-1E9BA85FC4,Olympus,TC-C3 Series Workstation Set,K10030136,Endoscopy platform,Platform accessory,console_capital,Console or capital equipment,endoscopy_workstation,Endoscopy workstation or cart,moderate,false,name_rule,ENDOSCOPY_CART,
PRD-1EEDD71C53,Karl Storz,Instrument Guide for Suction Catheter,10318S,Rigid bronchoscopy,Rigid bronchoscope accessory,accessory,Accessory or ancillary item,rigid_scope_component,Rigid bronchoscope component,moderate,false,pair_rule,RIGID_BRONCHOSCOPE_ACCESSORY,RIGID_BRONCH
PRD-1F54DB1DE4,Richard Wolf,"Flexible 1-Channel Sensor Bronchoscope ""Slim""",7235011,Rigid bronchoscopy,Flexible sensor bronchoscope,bronchoscope,Bronchoscope,reusable_video_bronchoscope,Reusable video bronchoscope,moderate,false,pair_rule,FLEX_SCOPE_DIAGNOSTIC,FLEX_DIAGNOSTIC
PRD-1FE403B84C,Richard Wolf,PANOVIEW Telescope,8934.433,Medical thoracoscopy,Thoracoscopy telescope,endoscopic_telescope,Endoscopic telescope,thoracoscopy_telescope,Thoracoscopy telescope,high,false,pair_rule,THORACOSCOPE_RIGID,MED_THORACOSCOPY
PRD-2058BA100A,Richard Wolf,PANOVIEW PLUS Telescope,8933.431,Medical thoracoscopy,Thoracoscopy telescope,endoscopic_telescope,Endoscopic telescope,thoracoscopy_telescope,Thoracoscopy telescope,high,false,pair_rule,THORACOSCOPE_RIGID,MED_THORACOSCOPY
PRD-2103064DB9,Olympus,TC-C3 Series Workstation Set,K10030126,Endoscopy platform,Platform accessory,console_capital,Console or capital equipment,endoscopy_workstation,Endoscopy workstation or cart,moderate,false,name_rule,ENDOSCOPY_CART,
PRD-2110EC2BCF,Karl Storz,GRONINGEN Optical Intubation Tracheoscope,10337T,Rigid bronchoscopy,Rigid tracheoscope,bronchoscope,Bronchoscope,rigid_tracheoscope,Rigid tracheoscope,high,false,pair_rule,RIGID_BRONCHOSCOPE_BARREL,RIGID_BRONCH
PRD-212BC58910,Karl Storz,"Foreign Body Basket, 35 cm",10386B,Rigid bronchoscopy,Rigid bronchoscopy accessory,retrieval_basket,Retrieval basket,foreign_body_retrieval_basket,Foreign-body retrieval basket,high,false,name_rule,FOREIGN_BODY_BASKET,THERAPEUTIC_BRONCH
PRD-2158C0F6D1,Karl Storz,"TONN Stent Applicator 14-18 mm, max 16 cm",10530,Endoscopy platform,Silicone stent applicator,implant_delivery,Implant delivery device,stent_applicator,Silicone stent applicator,high,false,pair_rule,STENT_APPLICATOR,RIGID_BRONCH
PRD-217AB10438,Boston Scientific,Radial Jaw 4 Single-Use Pulmonary Biopsy Forceps,M00515202,Sampling,Biopsy forceps,forceps_instrument,Forceps and hand instruments,flexible_biopsy_forceps,Flexible biopsy or grasping forceps,high,false,pair_rule,BIOPSY_FORCEPS_FLEX,FLEX_DIAGNOSTIC|ICU_BRONCH|TB_RULEOUT|THERAPEUTIC_BRONCH
PRD-225513EE42,Olympus,TC-C3 Series Workstation Set,K10034675,Endoscopy platform,Platform accessory,console_capital,Console or capital equipment,endoscopy_workstation,Endoscopy workstation or cart,moderate,false,name_rule,ENDOSCOPY_CART,
PRD-2274D463B7,Medtronic,Arcpoint Pulmonary Needle 21G,ILS-2100-FN,Peripheral bronchoscopy,Navigation-compatible aspiration needle,needle,Needle,peripheral_tbna_needle,Peripheral TBNA needle,high,false,pair_rule,NAV_TBNA_NEEDLE,
PRD-24AE19F5D2,Richard Wolf,"Thoracoscopy Scissors, Curved",8243.404,Medical thoracoscopy,Thoracoscopy instrument,forceps_instrument,Forceps and hand instruments,thoracoscopy_hand_instrument,Thoracoscopy hand instrument,high,false,pair_rule,THORACOSCOPY_SCISSORS,MED_THORACOSCOPY
PRD-251B275384,Boston Scientific,Cellebrity Single-Use Cytology Brush,M00516151,Sampling,Cytology brush,cytology_brush,Cytology brush,pulmonary_cytology_brush,Pulmonary cytology brush,high,false,pair_rule,CYTOLOGY_BRUSH,FLEX_DIAGNOSTIC|ICU_BRONCH|TB_RULEOUT
PRD-25415AA480,Olympus,PeriView FLEX Needle,NA-403D-2021,Peripheral bronchoscopy,Peripheral TBNA needle,needle,Needle,peripheral_tbna_needle,Peripheral TBNA needle,high,false,pair_rule,NAV_TBNA_NEEDLE,
PRD-25D4F080A3,Richard Wolf,Blue Sealing Cap,8205.13,Rigid bronchoscopy,Rigid bronchoscope accessory,accessory,Accessory or ancillary item,rigid_scope_component,Rigid bronchoscope component,moderate,false,pair_rule,RIGID_BRONCHOSCOPE_ACCESSORY,RIGID_BRONCH
PRD-2616E505ED,Richard Wolf,Cleaning Brush,7980002,Endoscopy platform,Endoscope cleaning accessory,reprocessing,Reprocessing and cleaning equipment,cleaning_brush,Cleaning brush,high,false,pair_rule,ENDOSCOPE_CLEANING_BRUSH,FLEX_DIAGNOSTIC|THERAPEUTIC_BRONCH
PRD-27BF9F087E,Boston Scientific,Radial Jaw 4 Single-Use Pulmonary Biopsy Forceps,M00515192,Sampling,Biopsy forceps,forceps_instrument,Forceps and hand instruments,flexible_biopsy_forceps,Flexible biopsy or grasping forceps,high,false,pair_rule,BIOPSY_FORCEPS_FLEX,FLEX_DIAGNOSTIC|ICU_BRONCH|TB_RULEOUT|THERAPEUTIC_BRONCH
PRD-2A9D06CF51,Verathon,GlideScope Video Monitor,GlideScope Video Monitor,Endoscopy platform,Video display/processor,console_capital,Console or capital equipment,video_processor,Video processor,high,false,pair_rule,VIDEO_PROCESSOR,EBUS_TBNA|EBV|FLEX_DIAGNOSTIC|ICU_BRONCH|MED_THORACOSCOPY|PERC_TRACH|RIGID_BRONCH|TB_RULEOUT|THERAPEUTIC_BRONCH|WLL
PRD-2ACB51E58C,Richard Wolf,PANOVIEW PLUS Telescope,8934.4424,Medical thoracoscopy,Thoracoscopy telescope,endoscopic_telescope,Endoscopic telescope,thoracoscopy_telescope,Thoracoscopy telescope,high,false,pair_rule,THORACOSCOPE_RIGID,MED_THORACOSCOPY
PRD-2BC12F8AEF,Karl Storz,Deflecting Device,10357,Rigid bronchoscopy,Steerable rigid bronchoscopy instrument,accessory,Accessory or ancillary item,rigid_bronchoscopy_accessory,Rigid bronchoscopy accessory,moderate,false,name_rule,RIGID_BRONCHOSCOPE_ACCESSORY,RIGID_BRONCH
PRD-2BD5C6261D,Richard Wolf,"Lung Grasping Forceps, Angled",8242.611,Medical thoracoscopy,Thoracoscopy instrument,forceps_instrument,Forceps and hand instruments,thoracoscopy_hand_instrument,Thoracoscopy hand instrument,high,false,pair_rule,THORACOSCOPY_BIOPSY_FORCEPS,MED_THORACOSCOPY
PRD-2C2F29762E,Olympus,OFP-2 Irrigation Tubing,MAJ-1651,Endoscopy platform,Platform accessory,accessory,Accessory or ancillary item,platform_accessory,Platform accessory,moderate,false,pair_rule,ENDOSCOPIC_IRRIGATION_PUMP,
PRD-2C4537F4D4,Olympus,Peripheral Biopsy Forceps,FB-433D,Peripheral bronchoscopy,Biopsy forceps,forceps_instrument,Forceps and hand instruments,flexible_biopsy_forceps,Flexible biopsy or grasping forceps,high,false,pair_rule,BIOPSY_FORCEPS_FLEX,FLEX_DIAGNOSTIC|ICU_BRONCH|TB_RULEOUT|THERAPEUTIC_BRONCH
PRD-2DBF0805A2,Richard Wolf,Endoscope-Side Light Cable Adapter,8095.00,Rigid bronchoscopy,Rigid bronchoscope accessory,accessory,Accessory or ancillary item,rigid_scope_component,Rigid bronchoscope component,moderate,false,pair_rule,RIGID_BRONCHOSCOPE_ACCESSORY,RIGID_BRONCH
PRD-2E043ED827,Olympus,Radial Ultrasound Miniature Probe,UM-S20-20R,Peripheral bronchoscopy,Radial EBUS probe,ultrasound_device,Ultrasound device,radial_ebus_probe,Radial EBUS probe,high,false,pair_rule,RADIAL_EBUS_PROBE,FLEX_DIAGNOSTIC
PRD-2EB4F34219,Richard Wolf,Telescope Adapter,8215.714,Rigid bronchoscopy,Rigid bronchoscope telescope adapter,accessory,Accessory or ancillary item,rigid_scope_component,Rigid bronchoscope component,high,false,pair_rule,RIGID_BRONCHOSCOPE_ACCESSORY,RIGID_BRONCH
PRD-2EB7F5EEC1,Richard Wolf,TEXAS Tracheoscope Tube ID 17 mm,825211430,Rigid bronchoscopy,Rigid bronchoscope/tracheoscope tube,bronchoscope,Bronchoscope,rigid_tracheoscope,Rigid tracheoscope,high,false,name_rule,RIGID_BRONCHOSCOPE_BARREL,RIGID_BRONCH
PRD-2F1A67DE53,Karl Storz,Angled Aspiration Biopsy Needle 1.6 mm x 47 cm,10438,Rigid bronchoscopy,Bronchoscopy aspiration/irrigation accessory,needle,Needle,aspiration_biopsy_needle,Aspiration biopsy needle,high,false,name_rule,RIGID_BRONCH_ASPIRATION_BIOPSY_NEEDLE,
PRD-2F3F39DBA3,Boston Scientific,Cellebrity Single-Use Cytology Brush,M00516001,Sampling,Cytology brush,cytology_brush,Cytology brush,pulmonary_cytology_brush,Pulmonary cytology brush,high,false,pair_rule,CYTOLOGY_BRUSH,FLEX_DIAGNOSTIC|ICU_BRONCH|TB_RULEOUT
PRD-2FAFEA973E,Verathon,GlideScope Core 15,GlideScope Core 15,Endoscopy platform,Video display/processor,console_capital,Console or capital equipment,video_processor,Video processor,high,false,pair_rule,VIDEO_PROCESSOR,EBUS_TBNA|EBV|FLEX_DIAGNOSTIC|ICU_BRONCH|MED_THORACOSCOPY|PERC_TRACH|RIGID_BRONCH|TB_RULEOUT|THERAPEUTIC_BRONCH|WLL
PRD-2FBD344316,Richard Wolf,PANOVIEW Telescope,8934.432,Medical thoracoscopy,Thoracoscopy telescope,endoscopic_telescope,Endoscopic telescope,thoracoscopy_telescope,Thoracoscopy telescope,high,false,pair_rule,THORACOSCOPE_RIGID,MED_THORACOSCOPY
PRD-302A6FF548,Olympus,Spiration Airway Sizing Kit – HUD,REF-HUS-VSK,Endobronchial valve,Historical HUD sizing kit,sizing_measuring,Sizing or measuring device,valve_sizing_kit,Valve sizing kit,high,false,pair_rule,EBV_SIZING_KIT,EBV
PRD-3097FD9A2E,ERBE,"Gas Hose for ERBECRYO / ERBECRYO 2, 1 m",20410-004,Therapeutic bronchoscopy,Gas hose,cryotherapy,Cryotherapy device,cryotherapy_accessory,Cryotherapy system accessory,high,false,pair_rule,CRYO_SYSTEM_ACCESSORY,RIGID_BRONCH|THERAPEUTIC_BRONCH
PRD-31373D9CE6,Medtronic,superDimension Pre-Marked Biopsy Forceps,SDBF1000,Peripheral bronchoscopy,Navigation-compatible biopsy device,forceps_instrument,Forceps and hand instruments,flexible_biopsy_forceps,Flexible biopsy or grasping forceps,moderate,false,pair_rule,BIOPSY_FORCEPS_FLEX,FLEX_DIAGNOSTIC|ICU_BRONCH|TB_RULEOUT|THERAPEUTIC_BRONCH
PRD-33120D5BE2,Karl Storz,Full Lumen Operating Bronchoscope for Stent Application,10318GL,Rigid bronchoscopy,Full-lumen rigid bronchoscope/tracheoscope,bronchoscope,Bronchoscope,rigid_bronchoscope,Rigid bronchoscope,high,false,pair_rule,RIGID_BRONCHOSCOPE_BARREL,RIGID_BRONCH
PRD-345BB869C9,Medtronic,superDimension Aspirating Needle 21G,AK00101-01,Peripheral bronchoscopy,Navigation-compatible aspiration needle,needle,Needle,peripheral_tbna_needle,Peripheral TBNA needle,high,false,pair_rule,NAV_TBNA_NEEDLE,
PRD-34BAA70074,Olympus,Probe Driving Unit,MAJ-1720,Peripheral bronchoscopy,Radial EBUS drive unit,ultrasound_device,Ultrasound device,ultrasound_probe_drive_unit,Ultrasound probe drive unit,high,false,pair_rule,RADIAL_EBUS_DRIVE_UNIT,FLEX_DIAGNOSTIC
PRD-36F32A458B,Richard Wolf,Telescope Adapter,8215.713,Rigid bronchoscopy,Rigid bronchoscope telescope adapter,accessory,Accessory or ancillary item,rigid_scope_component,Rigid bronchoscope component,high,false,pair_rule,RIGID_BRONCHOSCOPE_ACCESSORY,RIGID_BRONCH
PRD-39777E7C38,Medtronic,superDimension Pre-Marked Aspirating Needle 19G,SDAN2000,Peripheral bronchoscopy,Navigation-compatible aspiration needle,needle,Needle,peripheral_tbna_needle,Peripheral TBNA needle,high,false,pair_rule,NAV_TBNA_NEEDLE,
PRD-3AAC1114C7,Karl Storz,Rubber Telescope Guide,10314BN,Rigid bronchoscopy,Rigid bronchoscope accessory,accessory,Accessory or ancillary item,rigid_scope_component,Rigid bronchoscope component,moderate,false,pair_rule,RIGID_BRONCHOSCOPE_ACCESSORY,RIGID_BRONCH
PRD-3C756110F0,Richard Wolf,TEXAS Tracheoscope Tube ID 15 mm,825211230,Rigid bronchoscopy,Rigid bronchoscope/tracheoscope tube,bronchoscope,Bronchoscope,rigid_tracheoscope,Rigid tracheoscope,high,false,name_rule,RIGID_BRONCHOSCOPE_BARREL,RIGID_BRONCH
PRD-3CF45A4BFF,Karl Storz,Adjustable Magnifier,10338TRA,Rigid bronchoscopy,Rigid bronchoscope accessory,accessory,Accessory or ancillary item,rigid_scope_component,Rigid bronchoscope component,moderate,false,pair_rule,RIGID_BRONCHOSCOPE_ACCESSORY,RIGID_BRONCH
PRD-3D26E84017,Olympus,"Mini Biopsy Forceps, Oval Rat-Tooth",FB-456D,Sampling,Pulmonary biopsy forceps,forceps_instrument,Forceps and hand instruments,flexible_biopsy_forceps,Flexible biopsy or grasping forceps,high,false,pair_rule,BIOPSY_FORCEPS_FLEX,FLEX_DIAGNOSTIC|ICU_BRONCH|TB_RULEOUT|THERAPEUTIC_BRONCH
PRD-3D91F04C91,Karl Storz,HOPKINS II Straight Forward Telescope,10005AA,Rigid bronchoscopy,Rigid bronchoscopy telescope,endoscopic_telescope,Endoscopic telescope,rigid_telescope,Rigid bronchoscopy telescope,high,false,pair_rule,RIGID_TELESCOPE,RIGID_BRONCH
PRD-3FE0E7E391,Richard Wolf,Cotton Swab,8295.50,Rigid bronchoscopy,Rigid bronchoscopy suction/accessory,accessory,Accessory or ancillary item,rigid_bronchoscopy_accessory,Rigid bronchoscopy accessory,moderate,false,pair_rule,RIGID_BRONCHOSCOPE_ACCESSORY,RIGID_BRONCH
PRD-450492ECBB,FUJIFILM,FUJIFILM ELUXEO Lite EP-6000 Video Processor with LED Light Source,EP-6000,Bronchoscopy platform,Video processor with integrated light source,console_capital,Console or capital equipment,video_processor,Video processor,high,false,pair_rule,VIDEO_PROCESSOR,
PRD-473C35E94F,Richard Wolf,Bronchoscope Sealing Cap for 5.5 mm Telescope,8020.18,Rigid bronchoscopy,Rigid bronchoscope accessory,accessory,Accessory or ancillary item,rigid_scope_component,Rigid bronchoscope component,moderate,false,pair_rule,RIGID_BRONCHOSCOPE_ACCESSORY,RIGID_BRONCH
PRD-476DD42C80,Auris Health (Johnson & Johnson),Monarch Bronchoscope System,MBR-000011,Peripheral navigation,Robotic bronchoscope,bronchoscope,Bronchoscope,robotic_bronchoscope,Robotic bronchoscope,high,false,pair_rule,ROBOTIC_BRONCHOSCOPE,
PRD-481074A513,Karl Storz,Sponge Holder for Sterile Smears,10388A,Rigid bronchoscopy,Rigid bronchoscopy accessory,accessory,Accessory or ancillary item,rigid_bronchoscopy_accessory,Rigid bronchoscopy accessory,high,false,pair_rule,RIGID_BRONCHOSCOPE_ACCESSORY,RIGID_BRONCH
PRD-48AEE784DD,Olympus,UCR High-Pressure CO2 Hose,MAJ-1084,Endoscopy platform,Platform accessory,accessory,Accessory or ancillary item,platform_accessory,Platform accessory,moderate,false,pair_rule,CO2_INSUFFLATOR,MED_THORACOSCOPY
PRD-48C48C68BA,Intuitive Surgical,Ion Fully Articulating Catheter,490105,Peripheral bronchoscopy,Robotic navigation catheter,catheter_sheath,Catheter or guide sheath,robotic_navigation_catheter,Robotic navigation catheter,high,false,pair_rule,ROBOTIC_CATHETER,
PRD-492FC6BE35,Novatech,"DUTAU NOVATECH Bronchial Tube, Size 14",02BRD3514,Rigid bronchoscopy,Rigid bronchoscope system,bronchoscope,Bronchoscope,rigid_bronchoscope,Rigid bronchoscope,high,false,name_rule,RIGID_BRONCHOSCOPE_BARREL,RIGID_BRONCH
PRD-4A329E27C5,Richard Wolf,Sealing Valve Bundle (20 pcs),15114.052,Rigid bronchoscopy,Flexible bronchoscope accessory,accessory,Accessory or ancillary item,endoscope_seal_valve,"Endoscope seal, valve, or adapter",moderate,false,pair_rule,RIGID_BRONCHOSCOPE_ACCESSORY,RIGID_BRONCH
PRD-4BB84F196B,Richard Wolf,PANOVIEW ULTRA Telescope,89354416,Medical thoracoscopy,Thoracoscopy telescope,endoscopic_telescope,Endoscopic telescope,thoracoscopy_telescope,Thoracoscopy telescope,high,false,pair_rule,THORACOSCOPE_RIGID,MED_THORACOSCOPY
PRD-4BD7E911C3,Richard Wolf,Cleaning Brush,7990001,Endoscopy platform,Endoscope cleaning accessory,reprocessing,Reprocessing and cleaning equipment,cleaning_brush,Cleaning brush,high,false,pair_rule,ENDOSCOPE_CLEANING_BRUSH,FLEX_DIAGNOSTIC|THERAPEUTIC_BRONCH
PRD-4C3147DF15,Olympus,TC-C4 Series Workstation Set,K10029884,Endoscopy platform,Platform accessory,console_capital,Console or capital equipment,endoscopy_workstation,Endoscopy workstation or cart,moderate,false,name_rule,ENDOSCOPY_CART,
PRD-4C745881F9,Olympus,Covered-Sheath Pulmonary Cytology Brush,BC-202D-1210,Sampling,Pulmonary cytology brush,cytology_brush,Cytology brush,pulmonary_cytology_brush,Pulmonary cytology brush,high,false,pair_rule,CYTOLOGY_BRUSH,FLEX_DIAGNOSTIC|ICU_BRONCH|TB_RULEOUT
PRD-4E59B4CEB3,Richard Wolf,Cleaning Brush,8691,Endoscopy platform,Endoscope cleaning accessory,reprocessing,Reprocessing and cleaning equipment,cleaning_brush,Cleaning brush,high,false,pair_rule,ENDOSCOPE_CLEANING_BRUSH,FLEX_DIAGNOSTIC|THERAPEUTIC_BRONCH
PRD-4E9069C30F,Boston Scientific,Zero Tip Single-Use Airway Retrieval Basket,M00513210,Retrieval,Airway retrieval basket,retrieval_basket,Retrieval basket,foreign_body_retrieval_basket,Foreign-body retrieval basket,high,false,pair_rule,FOREIGN_BODY_BASKET,THERAPEUTIC_BRONCH
PRD-50AAFE240E,Richard Wolf,PANOVIEW Telescope,8465.32,Rigid bronchoscopy,Rigid bronchoscopy telescope,endoscopic_telescope,Endoscopic telescope,rigid_telescope,Rigid bronchoscopy telescope,high,false,pair_rule,RIGID_TELESCOPE,RIGID_BRONCH
PRD-513E7E5BCD,Merit Medical,AEROSIZER Airway Sizing Device,90129-501,Airway stenting,Stent sizing device,sizing_measuring,Sizing or measuring device,airway_sizing_device,Airway sizing device,high,false,pair_rule,AIRWAY_STENT_SIZING_DEVICE,RIGID_BRONCH|THERAPEUTIC_BRONCH
PRD-523148A737,Richard Wolf,TEXAS Tracheoscope Tube ID 11 mm,825210830,Rigid bronchoscopy,Rigid bronchoscope/tracheoscope tube,bronchoscope,Bronchoscope,rigid_tracheoscope,Rigid tracheoscope,high,false,name_rule,RIGID_BRONCHOSCOPE_BARREL,RIGID_BRONCH
PRD-529E58AC8C,Richard Wolf,"Parenchyma Forceps 50 mm, Curved Left",8242.603,Medical thoracoscopy,Thoracoscopy instrument,forceps_instrument,Forceps and hand instruments,thoracoscopy_hand_instrument,Thoracoscopy hand instrument,high,false,pair_rule,THORACOSCOPY_BIOPSY_FORCEPS,MED_THORACOSCOPY
PRD-53805EF31F,Richard Wolf,"Rigid Suction Tube, Central/Lateral Openings",8291.45,Rigid bronchoscopy,Rigid bronchoscopy suction/accessory,suction_irrigation,Suction or irrigation device,rigid_suction_catheter,Rigid suction catheter or tube,high,false,name_rule,RIGID_SUCTION_CATHETER,RIGID_BRONCH
PRD-53FF14A0C3,Richard Wolf,HEMER Bronchoscope Tube Bundle,8214.1041,Rigid bronchoscopy,Rigid bronchoscope/tracheoscope tube,bronchoscope,Bronchoscope,rigid_bronchoscope,Rigid bronchoscope,high,false,pair_rule,RIGID_BRONCHOSCOPE_BARREL,RIGID_BRONCH
PRD-5402A5D241,Novatech,DUTAU NOVATECH Axial Cap - 9.5 mm,02BRD9106,Rigid bronchoscopy,Axial cap,accessory,Accessory or ancillary item,rigid_scope_component,Rigid bronchoscope component,high,false,pair_rule,RIGID_BRONCHOSCOPE_ACCESSORY,RIGID_BRONCH
PRD-543E5F36B7,Richard Wolf,ERAGONbipolar Pistol Handle,823400005,Endoscopy platform,Rigid bipolar forceps component,electrosurgical,Electrosurgical or APC device,bipolar_instrument_component,Bipolar instrument component,high,false,pair_rule,RIGID_BIPOLAR_FORCEPS,RIGID_BRONCH
PRD-54CEDAAE5B,Richard Wolf,TEXAS Distal Illumination Head System,825101100,Rigid bronchoscopy,Rigid bronchoscope head,accessory,Accessory or ancillary item,rigid_scope_component,Rigid bronchoscope component,high,false,pair_rule,RIGID_BRONCHOSCOPE_HEAD,RIGID_BRONCH
PRD-55094F0EC3,Novatech,DUTAU NOVATECH Lateral Cap - No opening,02BRD9151,Rigid bronchoscopy,Lateral cap,accessory,Accessory or ancillary item,rigid_scope_component,Rigid bronchoscope component,high,false,pair_rule,RIGID_BRONCHOSCOPE_ACCESSORY,RIGID_BRONCH
PRD-55DAFF2A37,Medtronic,superDimension Pre-Marked Aspirating Needle 21G,SDAN1000,Peripheral bronchoscopy,Navigation-compatible aspiration needle,needle,Needle,peripheral_tbna_needle,Peripheral TBNA needle,high,false,pair_rule,NAV_TBNA_NEEDLE,
PRD-57EB842692,Novatech,DUTAU NOVATECH Lateral Cap - 2.8 mm,02BRD9157,Rigid bronchoscopy,Lateral cap,accessory,Accessory or ancillary item,rigid_scope_component,Rigid bronchoscope component,high,false,pair_rule,RIGID_BRONCHOSCOPE_ACCESSORY,RIGID_BRONCH
PRD-5831011F6E,Olympus,Mini Covered-Sheath Pulmonary Cytology Brush,BC-203D-2006,Sampling,Pulmonary cytology brush,cytology_brush,Cytology brush,pulmonary_cytology_brush,Pulmonary cytology brush,high,false,pair_rule,CYTOLOGY_BRUSH,FLEX_DIAGNOSTIC|ICU_BRONCH|TB_RULEOUT
PRD-58CFB02C8E,Richard Wolf,"Parenchyma Grasping Forceps, Straight",8243.603,Medical thoracoscopy,Thoracoscopy instrument,forceps_instrument,Forceps and hand instruments,thoracoscopy_hand_instrument,Thoracoscopy hand instrument,high,false,pair_rule,THORACOSCOPY_BIOPSY_FORCEPS,MED_THORACOSCOPY
PRD-58DE7D49C4,Olympus,"Hot Biopsy Forceps, Oval",FD-231C,Sampling,Pulmonary biopsy forceps,forceps_instrument,Forceps and hand instruments,flexible_biopsy_forceps,Flexible biopsy or grasping forceps,high,false,pair_rule,BIOPSY_FORCEPS_ENERGY_ENABLED,
PRD-5902F1C231,Karl Storz,HUZLY Aspirator and Bronchus Irrigator,10434,Rigid bronchoscopy,Bronchoscopy aspiration/irrigation accessory,suction_irrigation,Suction or irrigation device,rigid_suction_catheter,Rigid suction catheter or tube,high,false,pair_rule,BAL_KIT,FLEX_DIAGNOSTIC|ICU_BRONCH|TB_RULEOUT|THERAPEUTIC_BRONCH
PRD-592787DB28,Olympus,KV-6 Suction Tubing Set,K10021882,Endoscopy platform,Platform accessory,accessory,Accessory or ancillary item,platform_accessory,Platform accessory,moderate,false,pair_rule,ENDOSCOPIC_SUCTION_PUMP,
PRD-5941DF2464,Richard Wolf,Seal,15176173,Rigid bronchoscopy,Flexible bronchoscope accessory,accessory,Accessory or ancillary item,endoscope_seal_valve,"Endoscope seal, valve, or adapter",moderate,false,pair_rule,RIGID_BRONCHOSCOPE_ACCESSORY,RIGID_BRONCH
PRD-598FB0AD5D,Richard Wolf,WOLF Bronchoscope Tube Bundle,8214.0721,Rigid bronchoscopy,Rigid bronchoscope/tracheoscope tube,bronchoscope,Bronchoscope,rigid_bronchoscope,Rigid bronchoscope,high,false,pair_rule,RIGID_BRONCHOSCOPE_BARREL,RIGID_BRONCH
PRD-59D2DF4F88,Richard Wolf,TEXAS Tracheoscope Tube ID 15 mm,82520.1241,Rigid bronchoscopy,Rigid bronchoscope/tracheoscope tube,bronchoscope,Bronchoscope,rigid_tracheoscope,Rigid tracheoscope,high,false,name_rule,RIGID_BRONCHOSCOPE_BARREL,RIGID_BRONCH
PRD-5A28AF1C52,Novatech,SURVAC PC Suction Catheter,77642,Rigid bronchoscopy,Suction catheter,suction_irrigation,Suction or irrigation device,flexible_suction_catheter,Flexible suction catheter,high,false,pair_rule,RIGID_SUCTION_CATHETER,RIGID_BRONCH
PRD-5AEEF62066,ERBE,CO2 Gas Bottle Adapter I,20402-061,Therapeutic bronchoscopy,CO2 gas bottle adapter,cryotherapy,Cryotherapy device,cryotherapy_accessory,Cryotherapy system accessory,moderate,false,pair_rule,CRYO_SYSTEM_ACCESSORY,RIGID_BRONCH|THERAPEUTIC_BRONCH
PRD-5B0D81C458,Richard Wolf,Irrigation Adapter,163912,Rigid bronchoscopy,Flexible bronchoscope accessory,accessory,Accessory or ancillary item,endoscope_seal_valve,"Endoscope seal, valve, or adapter",moderate,false,pair_rule,RIGID_BRONCHOSCOPE_ACCESSORY,RIGID_BRONCH
PRD-5B271EC93B,Richard Wolf,PANOVIEW Telescope,8933.433,Medical thoracoscopy,Thoracoscopy telescope,endoscopic_telescope,Endoscopic telescope,thoracoscopy_telescope,Thoracoscopy telescope,high,false,pair_rule,THORACOSCOPE_RIGID,MED_THORACOSCOPY
PRD-5BA5F9BD46,Novatech,DUTAU NOVATECH Axial Cap - 12.3 mm,02BRD9108,Rigid bronchoscopy,Axial cap,accessory,Accessory or ancillary item,rigid_scope_component,Rigid bronchoscope component,high,false,pair_rule,RIGID_BRONCHOSCOPE_ACCESSORY,RIGID_BRONCH
PRD-5BDAA5E440,Novatech,O-Ring ID 15 x 1.5,02BRD9902,Rigid bronchoscopy,Rigid bronchoscope system,accessory,Accessory or ancillary item,rigid_scope_component,Rigid bronchoscope component,moderate,false,pair_rule,RIGID_BRONCHOSCOPE_ACCESSORY,RIGID_BRONCH
PRD-5C35FB169D,Richard Wolf,Telescope Adapter,8215.715,Rigid bronchoscopy,Rigid bronchoscope telescope adapter,accessory,Accessory or ancillary item,rigid_scope_component,Rigid bronchoscope component,high,false,pair_rule,RIGID_BRONCHOSCOPE_ACCESSORY,RIGID_BRONCH
PRD-5C40D8FE80,Richard Wolf,WOLF Bronchoscope Tube Bundle,8214.0921,Rigid bronchoscopy,Rigid bronchoscope/tracheoscope tube,bronchoscope,Bronchoscope,rigid_bronchoscope,Rigid bronchoscope,high,false,pair_rule,RIGID_BRONCHOSCOPE_BARREL,RIGID_BRONCH
PRD-5CCBBDD4CF,Karl Storz,HOPKINS II Forward-Oblique Telescope,10005BA,Rigid bronchoscopy,Rigid bronchoscopy telescope,endoscopic_telescope,Endoscopic telescope,rigid_telescope,Rigid bronchoscopy telescope,high,false,pair_rule,RIGID_TELESCOPE,RIGID_BRONCH
PRD-5CD03F0708,Richard Wolf,Sterile Suction Valve (20 pcs),4565901M,Rigid bronchoscopy,Flexible bronchoscope accessory,accessory,Accessory or ancillary item,endoscope_seal_valve,"Endoscope seal, valve, or adapter",moderate,false,pair_rule,RIGID_BRONCHOSCOPE_ACCESSORY,RIGID_BRONCH
PRD-5CF4A24299,Olympus,SPiN Vision Video Cart,SYS-5150,Bronchoscopy platform,Endoscopy cart,console_capital,Console or capital equipment,endoscopy_workstation,Endoscopy workstation or cart,high,false,pair_rule,ENDOSCOPY_CART,
PRD-5D0F775ADC,Karl Storz,"Universal Bronchoscope, Distal Illumination, Size 6.5",10318D,Rigid bronchoscopy,Rigid bronchoscope barrel,bronchoscope,Bronchoscope,rigid_bronchoscope,Rigid bronchoscope,high,false,pair_rule,RIGID_BRONCHOSCOPE_BARREL,RIGID_BRONCH
PRD-5D118F7388,Richard Wolf,ERAGONbipolar Sheath Tube 5.5 mm x 435 mm,839300102,Endoscopy platform,Rigid bipolar forceps component,electrosurgical,Electrosurgical or APC device,bipolar_instrument_component,Bipolar instrument component,high,false,pair_rule,RIGID_BIPOLAR_FORCEPS,RIGID_BRONCH
PRD-5DFC2E8E8B,ERBE,"ERBECRYO 2 Footswitch Extension Cable, 0.4 m",20402-202,Therapeutic bronchoscopy,Footswitch extension cable,cryotherapy,Cryotherapy device,cryotherapy_accessory,Cryotherapy system accessory,high,false,pair_rule,CRYO_SYSTEM_ACCESSORY,RIGID_BRONCH|THERAPEUTIC_BRONCH
PRD-5E2713887A,Richard Wolf,Optical Thoracoscopy Grasping Forceps,8913.60,Medical thoracoscopy,Pleural biopsy forceps,forceps_instrument,Forceps and hand instruments,pleural_biopsy_forceps,Pleural biopsy forceps,high,false,pair_rule,THORACOSCOPY_BIOPSY_FORCEPS,MED_THORACOSCOPY
PRD-5E4F566AA2,Novatech,DUTAU NOVATECH Bronchoscope Head,02BRD1100,Rigid bronchoscopy,Rigid bronchoscope system,accessory,Accessory or ancillary item,rigid_scope_component,Rigid bronchoscope component,moderate,false,pair_rule,RIGID_BRONCHOSCOPE_HEAD,RIGID_BRONCH
PRD-5E5E5933A2,Medtronic,GenCut Core Biopsy System,SDCT01,Peripheral bronchoscopy,Navigation-compatible biopsy device,needle,Needle,core_biopsy_device,Core biopsy device,needs_review,true,name_rule,BIOPSY_FORCEPS_FLEX,FLEX_DIAGNOSTIC|ICU_BRONCH|TB_RULEOUT|THERAPEUTIC_BRONCH
PRD-5E6845A633,Richard Wolf,"TEXAS Bronchoscope Tube ID 11 mm, no distal viewing window",82520.0842,Rigid bronchoscopy,Rigid bronchoscope/tracheoscope tube,bronchoscope,Bronchoscope,rigid_bronchoscope,Rigid bronchoscope,high,false,pair_rule,RIGID_BRONCHOSCOPE_BARREL,RIGID_BRONCH
PRD-5FA4880E82,Richard Wolf,Mini Thoracoscope OR Endoscope Bundle,8920.4011,Medical thoracoscopy,Mini thoracoscope,endoscopic_telescope,Endoscopic telescope,mini_thoracoscope,Mini thoracoscope,high,false,pair_rule,THORACOSCOPE_SEMIRIGID,MED_THORACOSCOPY
PRD-5FEA4F31EA,Pulmonx,Chartis Console,CHR-CO-100,Bronchoscopic lung volume reduction,Collateral ventilation console,console_capital,Console or capital equipment,collateral_ventilation_console,Collateral ventilation console,high,false,pair_rule,COLLATERAL_VENTILATION_SYSTEM,
PRD-60D298A1B6,Auris Health (Johnson & Johnson),"Monarch Bronchoscope, Reprocessed",MBR-000211-B,Peripheral navigation,Robotic bronchoscope,bronchoscope,Bronchoscope,robotic_bronchoscope,Robotic bronchoscope,high,false,pair_rule,ROBOTIC_BRONCHOSCOPE,
PRD-61EE4D5DE6,Karl Storz,RAMEL Pleurabiopsy Needle,10990,Medical thoracoscopy,Pleural biopsy needle,needle,Needle,pleural_biopsy_needle,Pleural biopsy needle,high,false,pair_rule,THORACOSCOPY_BIOPSY_FORCEPS,MED_THORACOSCOPY
PRD-6274807854,Karl Storz,HOPKINS Straight Forward Telescope,10328AA,Rigid bronchoscopy,Rigid bronchoscopy telescope,endoscopic_telescope,Endoscopic telescope,rigid_telescope,Rigid bronchoscopy telescope,high,false,pair_rule,RIGID_TELESCOPE,RIGID_BRONCH
PRD-635FE10D65,Richard Wolf,"Bypass Forceps, Jaw Curved Left",8243.711,Medical thoracoscopy,Thoracoscopy instrument,forceps_instrument,Forceps and hand instruments,thoracoscopy_hand_instrument,Thoracoscopy hand instrument,high,false,pair_rule,THORACOSCOPY_BIOPSY_FORCEPS,MED_THORACOSCOPY
PRD-64F3BFC979,FUJIFILM,FUJIFILM ELUXEO VP-7000 Video Processor,VP-7000,Bronchoscopy platform,Video processor,console_capital,Console or capital equipment,video_processor,Video processor,high,false,pair_rule,VIDEO_PROCESSOR,
PRD-6707AC67D1,Karl Storz,"Universal Bronchoscope, Distal Illumination, Size 8.5",10318B,Rigid bronchoscopy,Rigid bronchoscope barrel,bronchoscope,Bronchoscope,rigid_bronchoscope,Rigid bronchoscope,high,false,pair_rule,RIGID_BRONCHOSCOPE_BARREL,RIGID_BRONCH
PRD-695162DE9E,Richard Wolf,Motor Control Unit 2304,2304.001,Rigid bronchoscopy,Rigid bronchoscopic shaver console,powered_shaver,Powered shaver or debrider,shaver_console,Shaver console,high,false,pair_rule,RIGID_BRONCH_SHAVER,RIGID_BRONCH
PRD-6B67179C61,Olympus,KV-6 Suction Tubing Set,K10021893,Endoscopy platform,Platform accessory,accessory,Accessory or ancillary item,platform_accessory,Platform accessory,moderate,false,pair_rule,ENDOSCOPIC_SUCTION_PUMP,
PRD-6B70F708B5,Olympus,Balloon Catheter 13 mm,B7-2C,Endobronchial valve,Sizing / occlusion balloon catheter,sizing_measuring,Sizing or measuring device,sizing_occlusion_balloon,Sizing / occlusion balloon catheter,moderate,false,pair_rule,EBV_SIZING_BALLOON,EBV
PRD-6BF80B6E0D,Richard Wolf,PANOVIEW Telescope,8935.443,Medical thoracoscopy,Thoracoscopy telescope,endoscopic_telescope,Endoscopic telescope,thoracoscopy_telescope,Thoracoscopy telescope,high,false,pair_rule,THORACOSCOPE_RIGID,MED_THORACOSCOPY
PRD-6C2199C862,ERBE,Flexible Cryoprobe 1.1 mm with 757 mm Oversheath,20402-402,Therapeutic bronchoscopy,Flexible cryoprobe,cryotherapy,Cryotherapy device,flexible_cryoprobe,Flexible cryoprobe,high,false,pair_rule,CRYOPROBE_FLEX,RIGID_BRONCH|THERAPEUTIC_BRONCH
PRD-6CB8BD3445,Richard Wolf,"Parenchyma Forceps, Curved Left",8242.601,Medical thoracoscopy,Thoracoscopy instrument,forceps_instrument,Forceps and hand instruments,thoracoscopy_hand_instrument,Thoracoscopy hand instrument,high,false,pair_rule,THORACOSCOPY_BIOPSY_FORCEPS,MED_THORACOSCOPY
PRD-6D2D08656C,Richard Wolf,"Vessel Clamp, Curved Right",8242.652,Medical thoracoscopy,Thoracoscopy instrument,forceps_instrument,Forceps and hand instruments,thoracoscopy_hand_instrument,Thoracoscopy hand instrument,high,false,pair_rule,THORACOSCOPY_BIOPSY_FORCEPS,MED_THORACOSCOPY
PRD-6D6815FAE1,Novatech,"DUTAU NOVATECH Bronchial Tube, Size 11",02BRD3511,Rigid bronchoscopy,Rigid bronchoscope system,bronchoscope,Bronchoscope,rigid_bronchoscope,Rigid bronchoscope,high,false,name_rule,RIGID_BRONCHOSCOPE_BARREL,RIGID_BRONCH
PRD-6D6BE53B9B,Olympus,Spiration Valve Airway Sizing Kit,SVS-VSK-KIT,Endobronchial valve,Valve sizing kit,sizing_measuring,Sizing or measuring device,valve_sizing_kit,Valve sizing kit,high,false,pair_rule,EBV_SIZING_KIT,EBV
PRD-6D6EEB24B8,Olympus,WM-NP3 Urology Workstation Configuration,K10035371,Endoscopy platform,Platform accessory,console_capital,Console or capital equipment,endoscopy_workstation,Endoscopy workstation or cart,moderate,false,name_rule,ENDOSCOPY_CART,
PRD-6D7A0E9DA8,Olympus,GuideSheathKit 2,K-403,Peripheral bronchoscopy,Guide sheath kit,catheter_sheath,Catheter or guide sheath,guide_sheath_kit,Guide sheath kit,high,false,pair_rule,GUIDE_SHEATH_KIT,FLEX_DIAGNOSTIC
PRD-6E580584DD,Richard Wolf,PANOVIEW ULTRA Telescope,8935462,Medical thoracoscopy,Thoracoscopy telescope,endoscopic_telescope,Endoscopic telescope,thoracoscopy_telescope,Thoracoscopy telescope,high,false,pair_rule,THORACOSCOPE_RIGID,MED_THORACOSCOPY
PRD-6EA4535CE1,Olympus,TC-C4 Series Workstation Set,K10029889,Endoscopy platform,Platform accessory,console_capital,Console or capital equipment,endoscopy_workstation,Endoscopy workstation or cart,moderate,false,name_rule,ENDOSCOPY_CART,
PRD-6FF6668D03,Olympus,GuideSheathKit 2,K-404,Peripheral bronchoscopy,Guide sheath kit,catheter_sheath,Catheter or guide sheath,guide_sheath_kit,Guide sheath kit,high,false,pair_rule,GUIDE_SHEATH_KIT,FLEX_DIAGNOSTIC
PRD-7058C81A50,Richard Wolf,Jet Ventilation Respiration Adapter Bundle,8238.502,Rigid bronchoscopy,Rigid bronchoscope accessory,accessory,Accessory or ancillary item,rigid_scope_component,Rigid bronchoscope component,moderate,false,pair_rule,RIGID_BRONCHOSCOPE_ACCESSORY,RIGID_BRONCH
PRD-707B8A1974,Olympus,Single-Use Guiding Device,CC-220DR,Peripheral bronchoscopy,Guiding device,catheter_sheath,Catheter or guide sheath,guiding_catheter,Guiding catheter,moderate,false,pair_rule,NAV_CATHETER_GUIDE,FLEX_DIAGNOSTIC
PRD-71D13E3955,Karl Storz,Full Lumen Operating Bronchoscope,10318FL,Rigid bronchoscopy,Full-lumen rigid bronchoscope/tracheoscope,bronchoscope,Bronchoscope,rigid_bronchoscope,Rigid bronchoscope,high,false,pair_rule,RIGID_BRONCHOSCOPE_BARREL,RIGID_BRONCH
PRD-72889F9CE3,Boston Scientific,Radial Jaw 4 Single-Use Pulmonary Biopsy Forceps,M00515182,Sampling,Biopsy forceps,forceps_instrument,Forceps and hand instruments,flexible_biopsy_forceps,Flexible biopsy or grasping forceps,high,false,pair_rule,BIOPSY_FORCEPS_FLEX,FLEX_DIAGNOSTIC|ICU_BRONCH|TB_RULEOUT|THERAPEUTIC_BRONCH
PRD-7397B6CA00,Intuitive Surgical,Ion Flexision Biopsy Needle 19G,490104,Peripheral bronchoscopy,Robotic bronchoscopy biopsy needle,needle,Needle,robotic_biopsy_needle,Robotic bronchoscopy biopsy needle,high,false,pair_rule,ROBOTIC_BIOPSY_NEEDLE,
PRD-750BCA0F02,Karl Storz,FREITAG Stent Forceps,10510N,Endoscopy platform,Bifurcated airway stent forceps,forceps_instrument,Forceps and hand instruments,stent_handling_forceps,Stent handling forceps,high,false,pair_rule,RIGID_FORCEPS,RIGID_BRONCH
PRD-758E53CAAF,Karl Storz,FLUVOG Adapter,10315P,Rigid bronchoscopy,Rigid bronchoscope accessory,accessory,Accessory or ancillary item,rigid_scope_component,Rigid bronchoscope component,moderate,false,pair_rule,RIGID_BRONCHOSCOPE_ACCESSORY,RIGID_BRONCH
PRD-759CE9B00A,Richard Wolf,"Thoracoscopy Scissors, Straight",8243.403,Medical thoracoscopy,Thoracoscopy instrument,forceps_instrument,Forceps and hand instruments,thoracoscopy_hand_instrument,Thoracoscopy hand instrument,high,false,pair_rule,THORACOSCOPY_SCISSORS,MED_THORACOSCOPY
PRD-75E555BC77,Olympus,UCR Gas Cylinder Hose,MAJ-1080,Endoscopy platform,Platform accessory,accessory,Accessory or ancillary item,platform_accessory,Platform accessory,moderate,false,pair_rule,CO2_INSUFFLATOR,MED_THORACOSCOPY
PRD-762DCA1D6D,Karl Storz,Optical Suction Tube,26072SU,Medical thoracoscopy,Thoracoscopy suction instrument,suction_irrigation,Suction or irrigation device,rigid_suction_catheter,Rigid suction catheter or tube,high,false,pair_rule,RIGID_SUCTION_CATHETER,RIGID_BRONCH
PRD-7677972FA0,Novatech,"DUTAU NOVATECH Bronchial Tube, Size 12",02BRD3512,Rigid bronchoscopy,Rigid bronchoscope system,bronchoscope,Bronchoscope,rigid_bronchoscope,Rigid bronchoscope,high,false,name_rule,RIGID_BRONCHOSCOPE_BARREL,RIGID_BRONCH
PRD-768CEEE32B,Karl Storz,Long Respirator Adapter,10924DL,Rigid bronchoscopy,Rigid bronchoscope accessory,accessory,Accessory or ancillary item,rigid_scope_component,Rigid bronchoscope component,moderate,false,pair_rule,RIGID_BRONCHOSCOPE_ACCESSORY,RIGID_BRONCH
PRD-76C2832C18,Richard Wolf,Luer Sealing Cap,15023205,Rigid bronchoscopy,Flexible bronchoscope accessory,accessory,Accessory or ancillary item,endoscope_seal_valve,"Endoscope seal, valve, or adapter",moderate,false,pair_rule,RIGID_BRONCHOSCOPE_ACCESSORY,RIGID_BRONCH
PRD-7B69AB81B4,Richard Wolf,HEMER Bronchoscope Tube Bundle,8214.0841,Rigid bronchoscopy,Rigid bronchoscope/tracheoscope tube,bronchoscope,Bronchoscope,rigid_bronchoscope,Rigid bronchoscope,high,false,pair_rule,RIGID_BRONCHOSCOPE_BARREL,RIGID_BRONCH
PRD-7CDBD7C74A,Richard Wolf,"Endobronchial Resector, Aggressive",825630546,Rigid bronchoscopy,Rigid bronchoscopic shaver instrument,powered_shaver,Powered shaver or debrider,shaver_instrument,Shaver resector instrument,high,false,pair_rule,RIGID_BRONCH_SHAVER,RIGID_BRONCH
PRD-7DC3645CFA,ERBE,Flexible Cryoprobe 1.7 mm,20402-410,Therapeutic bronchoscopy,Flexible cryoprobe,cryotherapy,Cryotherapy device,flexible_cryoprobe,Flexible cryoprobe,high,false,pair_rule,CRYOPROBE_FLEX,RIGID_BRONCH|THERAPEUTIC_BRONCH
PRD-7E05B194BE,Ambu,Ambu aView 2 Advance,405011000,Endoscopy platform,Display and processing unit,console_capital,Console or capital equipment,video_processor,Video processor,high,false,pair_rule,VIDEO_PROCESSOR,EBUS_TBNA|EBV|FLEX_DIAGNOSTIC|ICU_BRONCH|MED_THORACOSCOPY|PERC_TRACH|RIGID_BRONCH|TB_RULEOUT|THERAPEUTIC_BRONCH|WLL
PRD-7E9D9CEC94,Richard Wolf,ERAGONbipolar Forceps Bundle,82340014,Endoscopy platform,Rigid bipolar forceps component,electrosurgical,Electrosurgical or APC device,bipolar_instrument_component,Bipolar instrument component,high,false,pair_rule,RIGID_BIPOLAR_FORCEPS,RIGID_BRONCH
PRD-8106E78F85,Olympus,TC-C4 Series Workstation Set,K10029894,Endoscopy platform,Platform accessory,console_capital,Console or capital equipment,endoscopy_workstation,Endoscopy workstation or cart,moderate,false,name_rule,ENDOSCOPY_CART,
PRD-81331808E3,Boston Scientific,Cellebrity Single-Use Cytology Brush,M00516011,Sampling,Cytology brush,cytology_brush,Cytology brush,pulmonary_cytology_brush,Pulmonary cytology brush,high,false,pair_rule,CYTOLOGY_BRUSH,FLEX_DIAGNOSTIC|ICU_BRONCH|TB_RULEOUT
PRD-815DC29EF1,Auris Health (Johnson & Johnson),Monarch Cytology Brush,MBR-000015,Peripheral navigation,Pulmonary cytology brush,cytology_brush,Cytology brush,pulmonary_cytology_brush,Pulmonary cytology brush,high,false,pair_rule,CYTOLOGY_BRUSH,
PRD-81DDCD50B9,Karl Storz,Spring-Handle Sponge Holder 35 cm,10387B,Rigid bronchoscopy,Rigid bronchoscopy accessory,accessory,Accessory or ancillary item,rigid_bronchoscopy_accessory,Rigid bronchoscopy accessory,high,false,pair_rule,RIGID_BRONCHOSCOPE_ACCESSORY,RIGID_BRONCH
PRD-83A71310E6,Auris Health (Johnson & Johnson),Monarch Bronchoscope,MBR-000211-A,Peripheral navigation,Robotic bronchoscope,bronchoscope,Bronchoscope,robotic_bronchoscope,Robotic bronchoscope,high,false,pair_rule,ROBOTIC_BRONCHOSCOPE,
PRD-83DE1D08C4,Richard Wolf,Bronchoscope Sealing Cap for 4/3.4/2.7 mm Telescope,8021.18,Rigid bronchoscopy,Rigid bronchoscope accessory,accessory,Accessory or ancillary item,rigid_scope_component,Rigid bronchoscope component,moderate,false,pair_rule,RIGID_BRONCHOSCOPE_ACCESSORY,RIGID_BRONCH
PRD-882E06A5A9,Olympus,"Single-Use Pulmonary Biopsy Forceps, Alligator Jaw-Step",FB-211D.A,Sampling,Pulmonary biopsy forceps,forceps_instrument,Forceps and hand instruments,flexible_biopsy_forceps,Flexible biopsy or grasping forceps,high,false,pair_rule,BIOPSY_FORCEPS_FLEX,FLEX_DIAGNOSTIC|ICU_BRONCH|TB_RULEOUT|THERAPEUTIC_BRONCH
PRD-89259B5C28,Novatech,DUTAU NOVATECH Lateral Cap - 0.8 mm,02BRD9153,Rigid bronchoscopy,Lateral cap,accessory,Accessory or ancillary item,rigid_scope_component,Rigid bronchoscope component,high,false,pair_rule,RIGID_BRONCHOSCOPE_ACCESSORY,RIGID_BRONCH
PRD-8A19FB9627,Karl Storz,HUZLY Suction Tube 4 mm x 50 cm,10434A,Rigid bronchoscopy,Bronchoscopy aspiration/irrigation accessory,suction_irrigation,Suction or irrigation device,rigid_suction_catheter,Rigid suction catheter or tube,high,false,pair_rule,RIGID_SUCTION_CATHETER,RIGID_BRONCH
PRD-8A4A27BDD7,Intuitive Surgical,Ion Flexision Biopsy Needle 21G,490103,Peripheral bronchoscopy,Robotic bronchoscopy biopsy needle,needle,Needle,robotic_biopsy_needle,Robotic bronchoscopy biopsy needle,high,false,pair_rule,ROBOTIC_BIOPSY_NEEDLE,
PRD-8D0C9F35DB,Karl Storz,Full Lumen Operating Tracheoscope,10318G,Rigid bronchoscopy,Full-lumen rigid bronchoscope/tracheoscope,bronchoscope,Bronchoscope,rigid_tracheoscope,Rigid tracheoscope,high,false,name_rule,RIGID_BRONCHOSCOPE_BARREL,RIGID_BRONCH
PRD-8DDD9F07C0,Boston Scientific,Radial Jaw 4 Single-Use Pulmonary Biopsy Forceps,M00515181,Sampling,Biopsy forceps,forceps_instrument,Forceps and hand instruments,flexible_biopsy_forceps,Flexible biopsy or grasping forceps,high,false,pair_rule,BIOPSY_FORCEPS_FLEX,FLEX_DIAGNOSTIC|ICU_BRONCH|TB_RULEOUT|THERAPEUTIC_BRONCH
PRD-901A1A1C5C,Richard Wolf,"Parenchyma Grasping Forceps, Curved",8243.604,Medical thoracoscopy,Thoracoscopy instrument,forceps_instrument,Forceps and hand instruments,thoracoscopy_hand_instrument,Thoracoscopy hand instrument,high,false,pair_rule,THORACOSCOPY_BIOPSY_FORCEPS,MED_THORACOSCOPY
PRD-913352C891,ERBE,Wire Basket for ERBECRYO 2 Cart,20180-010,Therapeutic bronchoscopy,Cart accessory,cryotherapy,Cryotherapy device,cryotherapy_accessory,Cryotherapy system accessory,high,false,pair_rule,CRYO_SYSTEM_ACCESSORY,RIGID_BRONCH|THERAPEUTIC_BRONCH
PRD-91BFC52CEC,Richard Wolf,HEMER Tracheoscope Tube Bundle,8214.1281,Rigid bronchoscopy,Rigid bronchoscope/tracheoscope tube,bronchoscope,Bronchoscope,rigid_tracheoscope,Rigid tracheoscope,high,false,name_rule,RIGID_BRONCHOSCOPE_BARREL,RIGID_BRONCH
PRD-921CB1B912,Karl Storz,Sponge Holder 35 cm,10385B,Rigid bronchoscopy,Rigid bronchoscopy accessory,accessory,Accessory or ancillary item,rigid_bronchoscopy_accessory,Rigid bronchoscopy accessory,high,false,pair_rule,RIGID_BRONCHOSCOPE_ACCESSORY,RIGID_BRONCH
PRD-924AFC41F8,Richard Wolf,TEXAS Bronchoscope Tube ID 9.2 mm,82520.0641,Rigid bronchoscopy,Rigid bronchoscope/tracheoscope tube,bronchoscope,Bronchoscope,rigid_bronchoscope,Rigid bronchoscope,high,false,pair_rule,RIGID_BRONCHOSCOPE_BARREL,RIGID_BRONCH
PRD-934DA56D92,Karl Storz,Puncture Needle for Histology,10435A,Rigid bronchoscopy,Rigid bronchoscopy biopsy needle,needle,Needle,rigid_biopsy_needle,Rigid bronchoscopy biopsy needle,high,false,pair_rule,RIGID_BRONCH_PUNCTURE_NEEDLE,
PRD-93C248AE98,Novatech,DUTAU NOVATECH Axial Cap - No opening,02BRD9101,Rigid bronchoscopy,Axial cap,accessory,Accessory or ancillary item,rigid_scope_component,Rigid bronchoscope component,high,false,pair_rule,RIGID_BRONCHOSCOPE_ACCESSORY,RIGID_BRONCH
PRD-952A7B928E,Novatech,SURVAC PC Suction Catheter,77642SC,Rigid bronchoscopy,Suction catheter,suction_irrigation,Suction or irrigation device,flexible_suction_catheter,Flexible suction catheter,high,false,pair_rule,RIGID_SUCTION_CATHETER,RIGID_BRONCH
PRD-96993E6593,Richard Wolf,"Endobronchial Resector, Curved Smooth",825610446,Rigid bronchoscopy,Rigid bronchoscopic shaver instrument,powered_shaver,Powered shaver or debrider,shaver_instrument,Shaver resector instrument,high,false,pair_rule,RIGID_BRONCH_SHAVER,RIGID_BRONCH
PRD-97B68B1ECE,Richard Wolf,Illumination Insert,8217.12,Rigid bronchoscopy,Rigid bronchoscope accessory,accessory,Accessory or ancillary item,rigid_scope_component,Rigid bronchoscope component,moderate,false,pair_rule,RIGID_BRONCHOSCOPE_ACCESSORY,RIGID_BRONCH
PRD-985ACD0324,Richard Wolf,Clamping Attachment,8290020,Rigid bronchoscopy,Flexible bronchoscope accessory,accessory,Accessory or ancillary item,endoscope_seal_valve,"Endoscope seal, valve, or adapter",moderate,false,pair_rule,RIGID_BRONCHOSCOPE_ACCESSORY,RIGID_BRONCH
PRD-993274DBA5,Richard Wolf,Sealing Cap with Monitoring Window,8205.12,Rigid bronchoscopy,Rigid bronchoscope accessory,accessory,Accessory or ancillary item,rigid_scope_component,Rigid bronchoscope component,moderate,false,pair_rule,RIGID_BRONCHOSCOPE_ACCESSORY,RIGID_BRONCH
PRD-993A6272DD,Verathon,GlideScope Core 10,GlideScope Core 10,Endoscopy platform,Video display/processor,console_capital,Console or capital equipment,video_processor,Video processor,high,false,pair_rule,VIDEO_PROCESSOR,EBUS_TBNA|EBV|FLEX_DIAGNOSTIC|ICU_BRONCH|MED_THORACOSCOPY|PERC_TRACH|RIGID_BRONCH|TB_RULEOUT|THERAPEUTIC_BRONCH|WLL
PRD-99BC8714FF,Karl Storz,"Bronchial Atomizer, 50 cm",10452A,Rigid bronchoscopy,Rigid bronchoscopy accessory,accessory,Accessory or ancillary item,rigid_bronchoscopy_accessory,Rigid bronchoscopy accessory,high,false,pair_rule,RIGID_BRONCHOSCOPE_ACCESSORY,RIGID_BRONCH
PRD-99F825C44F,Karl Storz,"Universal Bronchoscope Tube, Proximal Illumination, Size 7.5",10318CP,Rigid bronchoscopy,Rigid bronchoscope barrel,bronchoscope,Bronchoscope,rigid_bronchoscope,Rigid bronchoscope,high,false,pair_rule,RIGID_BRONCHOSCOPE_BARREL,RIGID_BRONCH
PRD-9AE343BC8D,ERBE,CO2 Gas Bottle Adapter E,20410-003,Therapeutic bronchoscopy,CO2 gas bottle adapter,cryotherapy,Cryotherapy device,cryotherapy_accessory,Cryotherapy system accessory,moderate,false,pair_rule,CRYO_SYSTEM_ACCESSORY,RIGID_BRONCH|THERAPEUTIC_BRONCH
PRD-9B0EE44246,Richard Wolf,Two-Pedal Footswitch,2304.901,Rigid bronchoscopy,Rigid bronchoscopic shaver accessory,powered_shaver,Powered shaver or debrider,shaver_accessory,Shaver accessory,high,false,pair_rule,RIGID_BRONCH_SHAVER,RIGID_BRONCH
PRD-9BB524F077,Scivita Medical Technology,Scivita Full HD Visualization Endoscopic Image Processor HDVS-S300D,HDVS-S300D,Bronchoscopy platform,Video processor,console_capital,Console or capital equipment,video_processor,Video processor,high,false,pair_rule,VIDEO_PROCESSOR,EBUS_TBNA|EBV|FLEX_DIAGNOSTIC|ICU_BRONCH|MED_THORACOSCOPY|PERC_TRACH|RIGID_BRONCH|TB_RULEOUT|THERAPEUTIC_BRONCH|WLL
PRD-9C1CF84490,Richard Wolf,Universal Bronchoscope Cap,8020.15,Rigid bronchoscopy,Rigid bronchoscope accessory,accessory,Accessory or ancillary item,rigid_scope_component,Rigid bronchoscope component,moderate,false,pair_rule,RIGID_BRONCHOSCOPE_ACCESSORY,RIGID_BRONCH
PRD-9C5FCF73E5,Richard Wolf,"Vessel Clamp, Curved Left",8242.651,Medical thoracoscopy,Thoracoscopy instrument,forceps_instrument,Forceps and hand instruments,thoracoscopy_hand_instrument,Thoracoscopy hand instrument,high,false,pair_rule,THORACOSCOPY_BIOPSY_FORCEPS,MED_THORACOSCOPY
PRD-9C6ECA3162,Novatech,"DUTAU NOVATECH Bronchial Tube, Size 9",02BRD3509,Rigid bronchoscopy,Rigid bronchoscope system,bronchoscope,Bronchoscope,rigid_bronchoscope,Rigid bronchoscope,high,false,name_rule,RIGID_BRONCHOSCOPE_BARREL,RIGID_BRONCH
PRD-9CFCC838A3,Olympus,"Single-Use Pulmonary Biopsy Forceps, Alligator Jaw-Step with Needle",FB-221D.A,Sampling,Pulmonary biopsy forceps,forceps_instrument,Forceps and hand instruments,flexible_biopsy_forceps,Flexible biopsy or grasping forceps,high,false,pair_rule,BIOPSY_FORCEPS_FLEX,FLEX_DIAGNOSTIC|ICU_BRONCH|TB_RULEOUT|THERAPEUTIC_BRONCH
PRD-9EB174FBB0,Novatech,"DUTAU NOVATECH Tracheal Tube, Size 14",02BRD2514,Rigid bronchoscopy,Rigid bronchoscope system,bronchoscope,Bronchoscope,rigid_tracheoscope,Rigid tracheoscope,high,false,name_rule,RIGID_BRONCHOSCOPE_BARREL,RIGID_BRONCH
PRD-A0214EBAC0,Richard Wolf,HEMER Tracheoscope Tube Bundle,8214.1241,Rigid bronchoscopy,Rigid bronchoscope/tracheoscope tube,bronchoscope,Bronchoscope,rigid_tracheoscope,Rigid tracheoscope,high,false,name_rule,RIGID_BRONCHOSCOPE_BARREL,RIGID_BRONCH
PRD-A1B7FC0BD4,Richard Wolf,PANOVIEW Telescope,8935.442,Medical thoracoscopy,Thoracoscopy telescope,endoscopic_telescope,Endoscopic telescope,thoracoscopy_telescope,Thoracoscopy telescope,high,false,pair_rule,THORACOSCOPE_RIGID,MED_THORACOSCOPY
PRD-A2C49C9352,ERBE,Flexible Cryoprobe 1.1 mm with 817 mm Oversheath,20402-401,Therapeutic bronchoscopy,Flexible cryoprobe,cryotherapy,Cryotherapy device,flexible_cryoprobe,Flexible cryoprobe,high,false,pair_rule,CRYOPROBE_FLEX,RIGID_BRONCH|THERAPEUTIC_BRONCH
PRD-A2FCA81CFA,Karl Storz,"Foreign Body Basket, 50 cm",10386A,Rigid bronchoscopy,Rigid bronchoscopy accessory,retrieval_basket,Retrieval basket,foreign_body_retrieval_basket,Foreign-body retrieval basket,high,false,name_rule,FOREIGN_BODY_BASKET,THERAPEUTIC_BRONCH
PRD-A2FFE725BD,Ambu,Ambu aBox 2,505001000US2,Endoscopy platform,Display and processing unit,console_capital,Console or capital equipment,video_processor,Video processor,high,false,pair_rule,VIDEO_PROCESSOR,EBUS_TBNA|EBV|FLEX_DIAGNOSTIC|ICU_BRONCH|MED_THORACOSCOPY|PERC_TRACH|RIGID_BRONCH|TB_RULEOUT|THERAPEUTIC_BRONCH|WLL
PRD-A3EBA86219,Richard Wolf,Telescope Adapter,8215.716,Rigid bronchoscopy,Rigid bronchoscope telescope adapter,accessory,Accessory or ancillary item,rigid_scope_component,Rigid bronchoscope component,high,false,pair_rule,RIGID_BRONCHOSCOPE_ACCESSORY,RIGID_BRONCH
PRD-A4793529B7,Novatech,O-Ring ID 16 x 1.25,02BRD9901,Rigid bronchoscopy,Rigid bronchoscope system,accessory,Accessory or ancillary item,rigid_scope_component,Rigid bronchoscope component,moderate,false,pair_rule,RIGID_BRONCHOSCOPE_ACCESSORY,RIGID_BRONCH
PRD-A4A70AE3CF,Medtronic,superDimension Biopsy Forceps,AK00113-01,Peripheral bronchoscopy,Navigation-compatible biopsy device,forceps_instrument,Forceps and hand instruments,flexible_biopsy_forceps,Flexible biopsy or grasping forceps,moderate,false,pair_rule,BIOPSY_FORCEPS_FLEX,FLEX_DIAGNOSTIC|ICU_BRONCH|TB_RULEOUT|THERAPEUTIC_BRONCH
PRD-A504350406,Karl Storz,Glass Window Plug,10315M,Rigid bronchoscopy,Rigid bronchoscope accessory,accessory,Accessory or ancillary item,rigid_scope_component,Rigid bronchoscope component,moderate,false,pair_rule,RIGID_BRONCHOSCOPE_ACCESSORY,RIGID_BRONCH
PRD-A83C7ADE90,Boston Scientific,Radial Jaw 4 Single-Use Pulmonary Biopsy Forceps,M00515201,Sampling,Biopsy forceps,forceps_instrument,Forceps and hand instruments,flexible_biopsy_forceps,Flexible biopsy or grasping forceps,high,false,pair_rule,BIOPSY_FORCEPS_FLEX,FLEX_DIAGNOSTIC|ICU_BRONCH|TB_RULEOUT|THERAPEUTIC_BRONCH
PRD-A85A76CB3E,Olympus,Spiration Valve Deployment System,SVS-C26N-06,Endobronchial valve,Valve delivery catheter,implant_delivery,Implant delivery device,valve_delivery_catheter,Valve delivery catheter,high,false,pair_rule,EBV_DELIVERY_CATHETER,EBV
PRD-A88AEE6442,Karl Storz,Application Cannula for Thoracic Drainage,10995,Endoscopy platform,Thoracic drainage cannula,pleural_drainage,Pleural drainage device,thoracic_drainage_cannula,Thoracic drainage cannula,high,false,pair_rule,CHEST_TUBE_SMALL_BORE,CHEST_TUBE|EBV|MED_THORACOSCOPY|WLL
PRD-A8A5497344,Richard Wolf,"Parenchyma Forceps, Curved Right",8242.602,Medical thoracoscopy,Thoracoscopy instrument,forceps_instrument,Forceps and hand instruments,thoracoscopy_hand_instrument,Thoracoscopy hand instrument,high,false,pair_rule,THORACOSCOPY_BIOPSY_FORCEPS,MED_THORACOSCOPY
PRD-A93BE6938D,ERBE,"CO2 Gas Bottle Adapter H, Pin Index",20410-011,Therapeutic bronchoscopy,CO2 gas bottle adapter,cryotherapy,Cryotherapy device,cryotherapy_accessory,Cryotherapy system accessory,moderate,false,pair_rule,CRYO_SYSTEM_ACCESSORY,RIGID_BRONCH|THERAPEUTIC_BRONCH
PRD-AACBA3F0AD,Olympus,UCR CO2 Regulation Unit,UCR,Endoscopy platform,CO2 insufflator,console_capital,Console or capital equipment,co2_insufflator,CO2 insufflator,high,false,pair_rule,CO2_INSUFFLATOR,MED_THORACOSCOPY
PRD-AC9CC6E8A4,Richard Wolf,TEXAS Proximal Illumination Head System,825101200,Rigid bronchoscopy,Rigid bronchoscope head,accessory,Accessory or ancillary item,rigid_scope_component,Rigid bronchoscope component,high,false,pair_rule,RIGID_BRONCHOSCOPE_HEAD,RIGID_BRONCH
PRD-AD33CCF9E8,Ambu,Ambu aCart Compact KU,KU.9713.800,Endoscopy platform,Endoscopy cart,console_capital,Console or capital equipment,endoscopy_workstation,Endoscopy workstation or cart,high,false,pair_rule,ENDOSCOPY_CART,
PRD-AD5DB57EBC,Richard Wolf,PANOVIEW Telescope,8933.432,Medical thoracoscopy,Thoracoscopy telescope,endoscopic_telescope,Endoscopic telescope,thoracoscopy_telescope,Thoracoscopy telescope,high,false,pair_rule,THORACOSCOPE_RIGID,MED_THORACOSCOPY
PRD-AE6E72214D,Medtronic,superDimension Triple-Needle Cytology Brush – 10 mm,SDTN81000,Peripheral bronchoscopy,Navigation-compatible cytology brush,cytology_brush,Cytology brush,navigation_cytology_brush,Navigation-compatible cytology brush,high,false,pair_rule,CYTOLOGY_BRUSH,FLEX_DIAGNOSTIC|ICU_BRONCH|TB_RULEOUT
PRD-AEB8017EDB,Richard Wolf,Jet Ventilation Respiration Adapter,8238.5021,Rigid bronchoscopy,Rigid bronchoscope accessory,accessory,Accessory or ancillary item,rigid_scope_component,Rigid bronchoscope component,moderate,false,pair_rule,RIGID_BRONCHOSCOPE_ACCESSORY,RIGID_BRONCH
PRD-AF93E56FE5,Karl Storz,FLUVOG Adapter,10314P,Rigid bronchoscopy,Rigid bronchoscope accessory,accessory,Accessory or ancillary item,rigid_scope_component,Rigid bronchoscope component,moderate,false,pair_rule,RIGID_BRONCHOSCOPE_ACCESSORY,RIGID_BRONCH
PRD-B05D337994,Karl Storz,Glass Window Plug,10314BM,Rigid bronchoscopy,Rigid bronchoscope accessory,accessory,Accessory or ancillary item,rigid_scope_component,Rigid bronchoscope component,moderate,false,pair_rule,RIGID_BRONCHOSCOPE_ACCESSORY,RIGID_BRONCH
PRD-B077E82907,Richard Wolf,TEXAS Bronchoscope Tube ID 11 mm,82520.0841,Rigid bronchoscopy,Rigid bronchoscope/tracheoscope tube,bronchoscope,Bronchoscope,rigid_bronchoscope,Rigid bronchoscope,high,false,pair_rule,RIGID_BRONCHOSCOPE_BARREL,RIGID_BRONCH
PRD-B091070F8D,Olympus,Covered-Sheath Pulmonary Cytology Brush,BC-202D-3010,Sampling,Pulmonary cytology brush,cytology_brush,Cytology brush,pulmonary_cytology_brush,Pulmonary cytology brush,high,false,pair_rule,CYTOLOGY_BRUSH,FLEX_DIAGNOSTIC|ICU_BRONCH|TB_RULEOUT
PRD-B1203FF71F,Boston Scientific,Zero Tip Single-Use Airway Retrieval Basket,M00513200,Retrieval,Airway retrieval basket,retrieval_basket,Retrieval basket,foreign_body_retrieval_basket,Foreign-body retrieval basket,high,false,pair_rule,FOREIGN_BODY_BASKET,THERAPEUTIC_BRONCH
PRD-B2C431C0F9,Olympus,Covered-Sheath Pulmonary Cytology Brush,BC-202D-5010,Sampling,Pulmonary cytology brush,cytology_brush,Cytology brush,pulmonary_cytology_brush,Pulmonary cytology brush,high,false,pair_rule,CYTOLOGY_BRUSH,FLEX_DIAGNOSTIC|ICU_BRONCH|TB_RULEOUT
PRD-B4E0EB9EFB,Richard Wolf,PANOVIEW Telescope,8934.431,Medical thoracoscopy,Thoracoscopy telescope,endoscopic_telescope,Endoscopic telescope,thoracoscopy_telescope,Thoracoscopy telescope,high,false,pair_rule,THORACOSCOPE_RIGID,MED_THORACOSCOPY
PRD-B4FCC0198A,Richard Wolf,HEMER Bronchoscope Tube Bundle,8214.0741,Rigid bronchoscopy,Rigid bronchoscope/tracheoscope tube,bronchoscope,Bronchoscope,rigid_bronchoscope,Rigid bronchoscope,high,false,pair_rule,RIGID_BRONCHOSCOPE_BARREL,RIGID_BRONCH
PRD-B5644A6608,Novatech,DUTAU NOVATECH Lateral Double Port,02BRD1120,Rigid bronchoscopy,Rigid bronchoscope system,accessory,Accessory or ancillary item,rigid_scope_component,Rigid bronchoscope component,moderate,false,pair_rule,RIGID_BRONCHOSCOPE_ACCESSORY,RIGID_BRONCH
PRD-B5FC89830C,Olympus,OEV-262H 26-inch Medical Monitor,OEV-262H,Endoscopy platform,Endoscopy monitor,console_capital,Console or capital equipment,endoscopy_monitor,Endoscopy monitor,high,false,pair_rule,ENDOSCOPY_MONITOR,
PRD-B61DBDED5A,Auris Health (Johnson & Johnson),Monarch Aspirating Biopsy Needle,MBR-000012,Peripheral navigation,Transbronchial aspiration needle,needle,Needle,peripheral_tbna_needle,Peripheral TBNA needle,high,false,pair_rule,ROBOTIC_BIOPSY_NEEDLE,
PRD-B68845E997,ERBE,ERBECRYO 2 Cart,20402-300,Therapeutic bronchoscopy,Equipment cart,cryotherapy,Cryotherapy device,cryotherapy_accessory,Cryotherapy system accessory,moderate,false,pair_rule,CRYO_SYSTEM_ACCESSORY,RIGID_BRONCH|THERAPEUTIC_BRONCH
PRD-B6A919EF32,Richard Wolf,PANOVIEW Thoracoscopy Telescope,8650.414,Medical thoracoscopy,Thoracoscopy telescope,endoscopic_telescope,Endoscopic telescope,thoracoscopy_telescope,Thoracoscopy telescope,high,false,pair_rule,THORACOSCOPE_RIGID,MED_THORACOSCOPY
PRD-B94F3A417B,Richard Wolf,Surgical Probe,8384.66,Medical thoracoscopy,Thoracoscopy surgical probe,forceps_instrument,Forceps and hand instruments,thoracoscopy_hand_instrument,Thoracoscopy hand instrument,moderate,false,pair_rule,THORACOSCOPY_PROBE,MED_THORACOSCOPY
PRD-B98EADB33D,Novatech,SURVAC PC Suction Catheter,77632,Rigid bronchoscopy,Suction catheter,suction_irrigation,Suction or irrigation device,flexible_suction_catheter,Flexible suction catheter,high,false,pair_rule,RIGID_SUCTION_CATHETER,RIGID_BRONCH
PRD-B99F53FBC5,Karl Storz,Full Lumen Operating Bronchoscope for Stent Application,10318ER,Rigid bronchoscopy,Full-lumen rigid bronchoscope/tracheoscope,bronchoscope,Bronchoscope,rigid_bronchoscope,Rigid bronchoscope,high,false,pair_rule,RIGID_BRONCHOSCOPE_BARREL,RIGID_BRONCH
PRD-B9B63919B0,Richard Wolf,Pressure Equalization Valve,163.904,Rigid bronchoscopy,Flexible bronchoscope accessory,accessory,Accessory or ancillary item,endoscope_seal_valve,"Endoscope seal, valve, or adapter",moderate,false,pair_rule,RIGID_BRONCHOSCOPE_ACCESSORY,RIGID_BRONCH
PRD-BA86F45760,Richard Wolf,PANOVIEW Telescope,8935.441,Medical thoracoscopy,Thoracoscopy telescope,endoscopic_telescope,Endoscopic telescope,thoracoscopy_telescope,Thoracoscopy telescope,high,false,pair_rule,THORACOSCOPE_RIGID,MED_THORACOSCOPY
PRD-BADEC639F4,Novatech,DUTAU NOVATECH Lateral Cap - 0.6 mm,02BRD9152,Rigid bronchoscopy,Lateral cap,accessory,Accessory or ancillary item,rigid_scope_component,Rigid bronchoscope component,high,false,pair_rule,RIGID_BRONCHOSCOPE_ACCESSORY,RIGID_BRONCH
PRD-BB11C206A4,Karl Storz,"TONN Stent Applicator 14-18 mm, max 10 cm",10520,Endoscopy platform,Silicone stent applicator,implant_delivery,Implant delivery device,stent_applicator,Silicone stent applicator,high,false,pair_rule,STENT_APPLICATOR,RIGID_BRONCH
PRD-BB33BD7BE9,Novatech,DUTAU NOVATECH Lateral Cap - 1.6 mm,02BRD9155,Rigid bronchoscopy,Lateral cap,accessory,Accessory or ancillary item,rigid_scope_component,Rigid bronchoscope component,high,false,pair_rule,RIGID_BRONCHOSCOPE_ACCESSORY,RIGID_BRONCH
PRD-BB9A5CC0AE,Karl Storz,HOPKINS Lateral Telescope,10320DA,Rigid bronchoscopy,Rigid bronchoscopy telescope,endoscopic_telescope,Endoscopic telescope,rigid_telescope,Rigid bronchoscopy telescope,high,false,pair_rule,RIGID_TELESCOPE,RIGID_BRONCH
PRD-BC16136731,Karl Storz,GRONINGEN Optical Dilation Tracheoscope,10337R,Rigid bronchoscopy,Rigid tracheoscope,bronchoscope,Bronchoscope,rigid_tracheoscope,Rigid tracheoscope,high,false,pair_rule,RIGID_BRONCHOSCOPE_BARREL,RIGID_BRONCH
PRD-BCF7612DDB,Novatech,DUTAU NOVATECH Axial Cap - 2.85 mm,02BRD9102,Rigid bronchoscopy,Axial cap,accessory,Accessory or ancillary item,rigid_scope_component,Rigid bronchoscope component,high,false,pair_rule,RIGID_BRONCHOSCOPE_ACCESSORY,RIGID_BRONCH
PRD-BF2EC6AB5E,Boston Scientific,Radial Jaw 4 Single-Use Pulmonary Biopsy Forceps,M00515191,Sampling,Biopsy forceps,forceps_instrument,Forceps and hand instruments,flexible_biopsy_forceps,Flexible biopsy or grasping forceps,high,false,pair_rule,BIOPSY_FORCEPS_FLEX,FLEX_DIAGNOSTIC|ICU_BRONCH|TB_RULEOUT|THERAPEUTIC_BRONCH
PRD-BFAC46626D,Richard Wolf,Luer Connector,15401.071,Rigid bronchoscopy,Rigid bronchoscope accessory,accessory,Accessory or ancillary item,rigid_scope_component,Rigid bronchoscope component,moderate,false,pair_rule,RIGID_BRONCHOSCOPE_ACCESSORY,RIGID_BRONCH
PRD-C2875D269C,Boston Scientific,CoreDx Pulmonary Mini-Forceps,M00515220,Sampling,EBUS mini-forceps,forceps_instrument,Forceps and hand instruments,ebus_miniforceps,EBUS mini-forceps,high,false,pair_rule,EBUS_MINIFORCEPS,EBUS_TBNA
PRD-C2CB78AC4C,Olympus,Mini Grasping Basket,FG-52D,Retrieval,Foreign body retrieval device,retrieval_basket,Retrieval basket,foreign_body_retrieval_basket,Foreign-body retrieval basket,high,false,name_rule,FOREIGN_BODY_BASKET,THERAPEUTIC_BRONCH
PRD-C32CFEC594,Richard Wolf,PANOVIEW Telescope,8464.30,Rigid bronchoscopy,Rigid bronchoscopy telescope,endoscopic_telescope,Endoscopic telescope,rigid_telescope,Rigid bronchoscopy telescope,high,false,pair_rule,RIGID_TELESCOPE,RIGID_BRONCH
PRD-C3FB38433F,ERBE,CO2 Switching Valve for Two Gas Cylinder Adapters,20402-052,Therapeutic bronchoscopy,Gas switching valve,cryotherapy,Cryotherapy device,cryotherapy_accessory,Cryotherapy system accessory,moderate,false,pair_rule,CRYO_SYSTEM_ACCESSORY,RIGID_BRONCH|THERAPEUTIC_BRONCH
PRD-C4480F30D2,Novatech,DUTAU NOVATECH Bronchoscope Set,02BRDSET,Rigid bronchoscopy,Rigid bronchoscope system,bronchoscope,Bronchoscope,rigid_bronchoscope,Rigid bronchoscope,high,false,name_rule,RIGID_BRONCHOSCOPE_HEAD,RIGID_BRONCH
PRD-C684D9ADCF,ERBE,"ERBECRYO 2 Exhaust Gas Hose, 10 m",20402-008,Therapeutic bronchoscopy,Exhaust gas hose,cryotherapy,Cryotherapy device,cryotherapy_accessory,Cryotherapy system accessory,high,false,pair_rule,CRYO_SYSTEM_ACCESSORY,RIGID_BRONCH|THERAPEUTIC_BRONCH
PRD-C737E93B1B,Karl Storz,Graduated Container,10455A,Rigid bronchoscopy,Rigid bronchoscopy accessory,accessory,Accessory or ancillary item,rigid_bronchoscopy_accessory,Rigid bronchoscopy accessory,high,false,pair_rule,RIGID_BRONCHOSCOPE_ACCESSORY,RIGID_BRONCH
PRD-CA32599DA2,Karl Storz,GRONINGEN Optical Dilation Tracheoscope,10337S,Rigid bronchoscopy,Rigid tracheoscope,bronchoscope,Bronchoscope,rigid_tracheoscope,Rigid tracheoscope,high,false,pair_rule,RIGID_BRONCHOSCOPE_BARREL,RIGID_BRONCH
PRD-CB09A823A5,Olympus,Peripheral Cytology Brush,BC-205D-2010,Peripheral bronchoscopy,Cytology brush,cytology_brush,Cytology brush,pulmonary_cytology_brush,Pulmonary cytology brush,high,false,pair_rule,CYTOLOGY_BRUSH,FLEX_DIAGNOSTIC|ICU_BRONCH|TB_RULEOUT
PRD-CB102A8291,Richard Wolf,Automatic Leak Test Adapter,163.905,Rigid bronchoscopy,Flexible bronchoscope accessory,accessory,Accessory or ancillary item,endoscope_seal_valve,"Endoscope seal, valve, or adapter",moderate,false,pair_rule,RIGID_BRONCHOSCOPE_ACCESSORY,RIGID_BRONCH
PRD-CB5FB20E4F,Richard Wolf,HEMER Bronchoscope Tube Bundle,8214.1261,Rigid bronchoscopy,Rigid bronchoscope/tracheoscope tube,bronchoscope,Bronchoscope,rigid_bronchoscope,Rigid bronchoscope,high,false,pair_rule,RIGID_BRONCHOSCOPE_BARREL,RIGID_BRONCH
PRD-CC28627AEB,FUJIFILM,FUJIFILM ELUXEO BL-7000 4-LED Light Source,BL-7000,Bronchoscopy platform,Light source,console_capital,Console or capital equipment,light_source,Endoscopy light source,high,false,pair_rule,VIDEO_PROCESSOR,
PRD-CC458478A5,Olympus,UCR Low-Pressure CO2 Hose,MAJ-1085,Endoscopy platform,Platform accessory,accessory,Accessory or ancillary item,platform_accessory,Platform accessory,moderate,false,pair_rule,CO2_INSUFFLATOR,MED_THORACOSCOPY
PRD-CE23D2A34E,Richard Wolf,ENDOCAM Logic 4K Camera Control Unit Bundle,55253011,Endoscopy platform,Video processor,console_capital,Console or capital equipment,video_processor,Video processor,high,false,pair_rule,VIDEO_PROCESSOR,EBUS_TBNA|EBV|FLEX_DIAGNOSTIC|ICU_BRONCH|MED_THORACOSCOPY|PERC_TRACH|RIGID_BRONCH|TB_RULEOUT|THERAPEUTIC_BRONCH|WLL
PRD-CE5DCA0D3A,Ambu,Ambu aCart Compact Vario Mount HA,HA.3000.991,Endoscopy platform,Endoscopy cart/mount,console_capital,Console or capital equipment,endoscopy_workstation,Endoscopy workstation or cart,high,false,pair_rule,ENDOSCOPY_CART,
PRD-D0139E750F,Medtronic,superDimension Triple-Needle Cytology Brush – 15 mm,SDTN81500,Peripheral bronchoscopy,Navigation-compatible cytology brush,cytology_brush,Cytology brush,navigation_cytology_brush,Navigation-compatible cytology brush,high,false,pair_rule,CYTOLOGY_BRUSH,FLEX_DIAGNOSTIC|ICU_BRONCH|TB_RULEOUT
PRD-D03502FFB4,ERBE,"Gas Hose for ERBECRYO / ERBECRYO 2, 0.7 m",20448-000,Therapeutic bronchoscopy,Gas hose,cryotherapy,Cryotherapy device,cryotherapy_accessory,Cryotherapy system accessory,high,false,pair_rule,CRYO_SYSTEM_ACCESSORY,RIGID_BRONCH|THERAPEUTIC_BRONCH
PRD-D0E745FF62,Karl Storz,Respirator Adapter for GRONINGEN Tracheoscope,10316LR,Rigid bronchoscopy,Rigid bronchoscope accessory,accessory,Accessory or ancillary item,rigid_scope_component,Rigid bronchoscope component,moderate,false,pair_rule,RIGID_BRONCHOSCOPE_ACCESSORY,RIGID_BRONCH
PRD-D14312CC6A,Karl Storz,Optical Powder Blower,26072TK,Endoscopy platform,Talc poudrage applicator,delivery_applicator,Delivery applicator,powder_blower,Powder blower,high,false,pair_rule,TALC_POUDRAGE_KIT,MED_THORACOSCOPY
PRD-D18E672989,Richard Wolf,TEXAS Tracheoscope Tube ID 13 mm,825211030,Rigid bronchoscopy,Rigid bronchoscope/tracheoscope tube,bronchoscope,Bronchoscope,rigid_tracheoscope,Rigid tracheoscope,high,false,name_rule,RIGID_BRONCHOSCOPE_BARREL,RIGID_BRONCH
PRD-D226569892,Medtronic,superDimension Cytology Brush,AK00100-01,Peripheral bronchoscopy,Navigation-compatible cytology brush,cytology_brush,Cytology brush,navigation_cytology_brush,Navigation-compatible cytology brush,high,false,pair_rule,CYTOLOGY_BRUSH,FLEX_DIAGNOSTIC|ICU_BRONCH|TB_RULEOUT
PRD-D273A067EA,Karl Storz,"Universal Bronchoscope, Distal Illumination, Size 7.5",10318C,Rigid bronchoscopy,Rigid bronchoscope barrel,bronchoscope,Bronchoscope,rigid_bronchoscope,Rigid bronchoscope,high,false,pair_rule,RIGID_BRONCHOSCOPE_BARREL,RIGID_BRONCH
PRD-D52ED4EF06,Pulmonx,Chartis Tablet Console,CHR-CO-300,Bronchoscopic lung volume reduction,Collateral ventilation console,console_capital,Console or capital equipment,collateral_ventilation_console,Collateral ventilation console,high,false,pair_rule,COLLATERAL_VENTILATION_SYSTEM,
PRD-D54D46A95B,ERBE,CO2 Gas Bottle Adapter F,20402-060,Therapeutic bronchoscopy,CO2 gas bottle adapter,cryotherapy,Cryotherapy device,cryotherapy_accessory,Cryotherapy system accessory,moderate,false,pair_rule,CRYO_SYSTEM_ACCESSORY,RIGID_BRONCH|THERAPEUTIC_BRONCH
PRD-D58A0A54AA,Richard Wolf,HF Coagulation Suction Tube,844202110,Rigid bronchoscopy,Rigid bronchoscopic shaver instrument,powered_shaver,Powered shaver or debrider,shaver_instrument,Shaver resector instrument,high,false,pair_rule,RIGID_BRONCH_SHAVER,RIGID_BRONCH
PRD-D5CBD6E254,Novatech,DUTAU NOVATECH Axial Cap - 10.2 mm,02BRD9107,Rigid bronchoscopy,Axial cap,accessory,Accessory or ancillary item,rigid_scope_component,Rigid bronchoscope component,high,false,pair_rule,RIGID_BRONCHOSCOPE_ACCESSORY,RIGID_BRONCH
PRD-D736275364,Richard Wolf,PANOVIEW Telescope,8465.30,Rigid bronchoscopy,Rigid bronchoscopy telescope,endoscopic_telescope,Endoscopic telescope,rigid_telescope,Rigid bronchoscopy telescope,high,false,pair_rule,RIGID_TELESCOPE,RIGID_BRONCH
PRD-D81F566A09,Novatech,DUTAU NOVATECH Axial Cap - 3.9 mm,02BRD9103,Rigid bronchoscopy,Axial cap,accessory,Accessory or ancillary item,rigid_scope_component,Rigid bronchoscope component,high,false,pair_rule,RIGID_BRONCHOSCOPE_ACCESSORY,RIGID_BRONCH
PRD-D99A37C035,Richard Wolf,PANOVIEW PLUS Telescope,8934.4434,Medical thoracoscopy,Thoracoscopy telescope,endoscopic_telescope,Endoscopic telescope,thoracoscopy_telescope,Thoracoscopy telescope,high,false,pair_rule,THORACOSCOPE_RIGID,MED_THORACOSCOPY
PRD-DA286027ED,ERBE,One-Pedal Foot Switch for ERBECRYO 2,20402-200,Therapeutic bronchoscopy,Foot switch,cryotherapy,Cryotherapy device,cryotherapy_accessory,Cryotherapy system accessory,high,false,pair_rule,CRYO_SYSTEM_ACCESSORY,RIGID_BRONCH|THERAPEUTIC_BRONCH
PRD-DADAA6184C,Karl Storz,"TONN Stent Applicator 9-12 mm, max 6 cm",10550,Endoscopy platform,Silicone stent applicator,implant_delivery,Implant delivery device,stent_applicator,Silicone stent applicator,high,false,pair_rule,STENT_APPLICATOR,RIGID_BRONCH
PRD-DCD7CC99AF,Richard Wolf,Endobronchial Secretion Remover,825640546,Rigid bronchoscopy,Rigid bronchoscopic shaver instrument,powered_shaver,Powered shaver or debrider,shaver_instrument,Shaver resector instrument,high,false,pair_rule,RIGID_BRONCH_SHAVER,RIGID_BRONCH
PRD-DCF0AFE654,Medtronic,Arcpoint Pulmonary Needle 18G,ILS-1800-FN,Peripheral bronchoscopy,Navigation-compatible aspiration needle,needle,Needle,peripheral_tbna_needle,Peripheral TBNA needle,high,false,pair_rule,NAV_TBNA_NEEDLE,
PRD-DE28F9BAFD,Richard Wolf,HEMER Tracheoscope Tube Bundle,8214.1441,Rigid bronchoscopy,Rigid bronchoscope/tracheoscope tube,bronchoscope,Bronchoscope,rigid_tracheoscope,Rigid tracheoscope,high,false,name_rule,RIGID_BRONCHOSCOPE_BARREL,RIGID_BRONCH
PRD-DF5BFBB99D,Olympus,Radial Ultrasound Miniature Probe,UM-S20-17S,Peripheral bronchoscopy,Radial EBUS probe,ultrasound_device,Ultrasound device,radial_ebus_probe,Radial EBUS probe,high,false,pair_rule,RADIAL_EBUS_PROBE,FLEX_DIAGNOSTIC
PRD-DF791E6D1F,Karl Storz,Spring-Handle Sponge Holder 50 cm,10387A,Rigid bronchoscopy,Rigid bronchoscopy accessory,accessory,Accessory or ancillary item,rigid_bronchoscopy_accessory,Rigid bronchoscopy accessory,high,false,pair_rule,RIGID_BRONCHOSCOPE_ACCESSORY,RIGID_BRONCH
PRD-DF989CBDCB,Karl Storz,Straight Aspiration Biopsy Needle 1.6 mm x 47 cm,10436,Rigid bronchoscopy,Bronchoscopy aspiration/irrigation accessory,needle,Needle,aspiration_biopsy_needle,Aspiration biopsy needle,high,false,name_rule,RIGID_BRONCH_ASPIRATION_BIOPSY_NEEDLE,
PRD-DFDC63935D,Richard Wolf,Cotton Applicator,8296.51,Rigid bronchoscopy,Rigid bronchoscopy suction/accessory,accessory,Accessory or ancillary item,rigid_bronchoscopy_accessory,Rigid bronchoscopy accessory,moderate,false,pair_rule,RIGID_BRONCHOSCOPE_ACCESSORY,RIGID_BRONCH
PRD-E0331EA66D,Novatech,DUTAU NOVATECH Lateral Cap - 1.2 mm,02BRD9154,Rigid bronchoscopy,Lateral cap,accessory,Accessory or ancillary item,rigid_scope_component,Rigid bronchoscope component,high,false,pair_rule,RIGID_BRONCHOSCOPE_ACCESSORY,RIGID_BRONCH
PRD-E05104FF37,Novatech,DUTAU NOVATECH Axial Cap - 7 mm,02BRD9104,Rigid bronchoscopy,Axial cap,accessory,Accessory or ancillary item,rigid_scope_component,Rigid bronchoscope component,high,false,pair_rule,RIGID_BRONCHOSCOPE_ACCESSORY,RIGID_BRONCH
PRD-E2EB4E573F,Olympus,GuideSheathKit 2,K-402,Peripheral bronchoscopy,Guide sheath kit,catheter_sheath,Catheter or guide sheath,guide_sheath_kit,Guide sheath kit,high,false,pair_rule,GUIDE_SHEATH_KIT,FLEX_DIAGNOSTIC
PRD-E353F2E250,Richard Wolf,Leak Tester,163.903,Rigid bronchoscopy,Flexible bronchoscope accessory,accessory,Accessory or ancillary item,endoscope_seal_valve,"Endoscope seal, valve, or adapter",moderate,false,pair_rule,RIGID_BRONCHOSCOPE_ACCESSORY,RIGID_BRONCH
PRD-E4277B23A8,Richard Wolf,HEMER Bronchoscope Tube Bundle,8214.0941,Rigid bronchoscopy,Rigid bronchoscope/tracheoscope tube,bronchoscope,Bronchoscope,rigid_bronchoscope,Rigid bronchoscope,high,false,pair_rule,RIGID_BRONCHOSCOPE_BARREL,RIGID_BRONCH
PRD-E6A1370266,Karl Storz,"Universal Bronchoscope Tube, Proximal Illumination, Size 8.5",10318BP,Rigid bronchoscopy,Rigid bronchoscope barrel,bronchoscope,Bronchoscope,rigid_bronchoscope,Rigid bronchoscope,high,false,pair_rule,RIGID_BRONCHOSCOPE_BARREL,RIGID_BRONCH
PRD-E6B6E0ACC5,Richard Wolf,Sealing Plug 25 mm,8256.99,Rigid bronchoscopy,Rigid bronchoscope accessory,accessory,Accessory or ancillary item,rigid_scope_component,Rigid bronchoscope component,moderate,false,pair_rule,RIGID_BRONCHOSCOPE_ACCESSORY,RIGID_BRONCH
PRD-E7724A6977,Olympus,Covered-Sheath Pulmonary Cytology Brush,BC-202D-2010,Sampling,Pulmonary cytology brush,cytology_brush,Cytology brush,pulmonary_cytology_brush,Pulmonary cytology brush,high,false,pair_rule,CYTOLOGY_BRUSH,FLEX_DIAGNOSTIC|ICU_BRONCH|TB_RULEOUT
PRD-E7FAE36160,Olympus,"Single-Use Pulmonary Biopsy Forceps, Standard Oval",FB-231D.A,Sampling,Pulmonary biopsy forceps,forceps_instrument,Forceps and hand instruments,flexible_biopsy_forceps,Flexible biopsy or grasping forceps,high,false,pair_rule,BIOPSY_FORCEPS_FLEX,FLEX_DIAGNOSTIC|ICU_BRONCH|TB_RULEOUT|THERAPEUTIC_BRONCH
PRD-E8C63D6C64,Medtronic,superDimension Needle-Tipped Cytology Brush,SDNB2000,Peripheral bronchoscopy,Navigation-compatible cytology brush,cytology_brush,Cytology brush,navigation_cytology_brush,Navigation-compatible cytology brush,high,false,pair_rule,CYTOLOGY_BRUSH,FLEX_DIAGNOSTIC|ICU_BRONCH|TB_RULEOUT
PRD-EA1D57AC9A,Olympus,SPiN Vision Video Processor,SYS-5100,Bronchoscopy platform,Video processor,console_capital,Console or capital equipment,video_processor,Video processor,high,false,pair_rule,VIDEO_PROCESSOR,EBUS_TBNA|EBV|FLEX_DIAGNOSTIC|ICU_BRONCH|MED_THORACOSCOPY|PERC_TRACH|RIGID_BRONCH|TB_RULEOUT|THERAPEUTIC_BRONCH|WLL
PRD-EC36176EAA,Auris Health (Johnson & Johnson),"Monarch Biopsy Forceps, Smooth Cup",MBR-000014,Peripheral navigation,Flexible biopsy forceps,forceps_instrument,Forceps and hand instruments,flexible_biopsy_forceps,Flexible biopsy or grasping forceps,high,false,pair_rule,BIOPSY_FORCEPS_FLEX,
PRD-EC45CB0F5D,Karl Storz,HOPKINS Straight Forward Telescope,10320AA,Rigid bronchoscopy,Rigid bronchoscopy telescope,endoscopic_telescope,Endoscopic telescope,rigid_telescope,Rigid bronchoscopy telescope,high,false,pair_rule,RIGID_TELESCOPE,RIGID_BRONCH
PRD-ED5A6147B6,Richard Wolf,Biopsy Valve Receptacle,15114175,Rigid bronchoscopy,Flexible bronchoscope accessory,accessory,Accessory or ancillary item,endoscope_seal_valve,"Endoscope seal, valve, or adapter",moderate,false,pair_rule,RIGID_BRONCHOSCOPE_ACCESSORY,RIGID_BRONCH
PRD-EEA17CA0DB,Richard Wolf,Surgical Probe,8379.672,Medical thoracoscopy,Thoracoscopy surgical probe,forceps_instrument,Forceps and hand instruments,thoracoscopy_hand_instrument,Thoracoscopy hand instrument,moderate,false,pair_rule,THORACOSCOPY_PROBE,MED_THORACOSCOPY
PRD-EF46DA3FE4,Noah Medical,Galaxy Bronchoscope,10000769,Peripheral navigation,Robotic bronchoscope,bronchoscope,Bronchoscope,robotic_bronchoscope,Robotic bronchoscope,high,false,pair_rule,ROBOTIC_BRONCHOSCOPE,
PRD-EF6C5DE6CC,Olympus,"Single-Use Pulmonary Biopsy Forceps, Standard Oval with Needle",FB-241D.A,Sampling,Pulmonary biopsy forceps,forceps_instrument,Forceps and hand instruments,flexible_biopsy_forceps,Flexible biopsy or grasping forceps,high,false,pair_rule,BIOPSY_FORCEPS_FLEX,FLEX_DIAGNOSTIC|ICU_BRONCH|TB_RULEOUT|THERAPEUTIC_BRONCH
PRD-F00EF2568E,Karl Storz,"TONN Stent Applicator 8-13 mm, max 10 cm",10540,Endoscopy platform,Silicone stent applicator,implant_delivery,Implant delivery device,stent_applicator,Silicone stent applicator,high,false,pair_rule,STENT_APPLICATOR,RIGID_BRONCH
PRD-F146CD24CF,Karl Storz,"Universal Bronchoscope Tube, Proximal Illumination, Size 6.5",10318DP,Rigid bronchoscopy,Rigid bronchoscope barrel,bronchoscope,Bronchoscope,rigid_bronchoscope,Rigid bronchoscope,high,false,pair_rule,RIGID_BRONCHOSCOPE_BARREL,RIGID_BRONCH
PRD-F14EF79E1A,Karl Storz,Respirator Adapter,10924D,Rigid bronchoscopy,Rigid bronchoscope accessory,accessory,Accessory or ancillary item,rigid_scope_component,Rigid bronchoscope component,moderate,false,pair_rule,RIGID_BRONCHOSCOPE_ACCESSORY,RIGID_BRONCH
PRD-F1632F4CEC,ERBE,CO2 Gas Bottle Adapter G,20410-016,Therapeutic bronchoscopy,CO2 gas bottle adapter,cryotherapy,Cryotherapy device,cryotherapy_accessory,Cryotherapy system accessory,moderate,false,pair_rule,CRYO_SYSTEM_ACCESSORY,RIGID_BRONCH|THERAPEUTIC_BRONCH
PRD-F1712066B6,Karl Storz,HOPKINS II Thoracoscopy Telescope,26072BA,Medical thoracoscopy,Thoracoscopy telescope,endoscopic_telescope,Endoscopic telescope,thoracoscopy_telescope,Thoracoscopy telescope,high,false,pair_rule,THORACOSCOPE_RIGID,MED_THORACOSCOPY
PRD-F376B6A68F,Olympus,WM-NP3 GI Standard Workstation Configuration,K10035366,Endoscopy platform,Platform accessory,console_capital,Console or capital equipment,endoscopy_workstation,Endoscopy workstation or cart,moderate,false,name_rule,ENDOSCOPY_CART,
PRD-F43740CB5C,Intuitive Surgical,Ion Flexision Biopsy Needle 23G,490102,Peripheral bronchoscopy,Robotic bronchoscopy biopsy needle,needle,Needle,robotic_biopsy_needle,Robotic bronchoscopy biopsy needle,high,false,pair_rule,ROBOTIC_BIOPSY_NEEDLE,
PRD-F4B03B6DFA,Novatech,DUTAU NOVATECH Lateral Cap - 3.8 mm,02BRD9158,Rigid bronchoscopy,Lateral cap,accessory,Accessory or ancillary item,rigid_scope_component,Rigid bronchoscope component,high,false,pair_rule,RIGID_BRONCHOSCOPE_ACCESSORY,RIGID_BRONCH
PRD-F6BB76BECF,Richard Wolf,Thoracoscopy Tissue Retractor,8243.701,Medical thoracoscopy,Thoracoscopy instrument,forceps_instrument,Forceps and hand instruments,thoracoscopy_hand_instrument,Thoracoscopy hand instrument,high,false,pair_rule,THORACOSCOPY_BIOPSY_FORCEPS,MED_THORACOSCOPY
PRD-F7968862EF,Richard Wolf,ERAGONbipolar Jaw Insert,82340024,Endoscopy platform,Rigid bipolar forceps component,electrosurgical,Electrosurgical or APC device,bipolar_instrument_component,Bipolar instrument component,high,false,pair_rule,RIGID_BIPOLAR_FORCEPS,RIGID_BRONCH
PRD-F96DCD2AC6,Karl Storz,Full Lumen Operating Tracheoscope,10318F,Rigid bronchoscopy,Full-lumen rigid bronchoscope/tracheoscope,bronchoscope,Bronchoscope,rigid_tracheoscope,Rigid tracheoscope,high,false,name_rule,RIGID_BRONCHOSCOPE_BARREL,RIGID_BRONCH
PRD-FCD805E954,Richard Wolf,Hand Blower with Sterile Disposable Filter,412700,Rigid bronchoscopy,Rigid bronchoscopy suction/accessory,accessory,Accessory or ancillary item,rigid_bronchoscopy_accessory,Rigid bronchoscopy accessory,moderate,false,pair_rule,RIGID_BRONCHOSCOPE_ACCESSORY,RIGID_BRONCH
PRD-FDAC925AF1,Scivita Medical Technology,Scivita Bracket,BRK-S01,Bronchoscopy platform,Platform bracket,accessory,Accessory or ancillary item,platform_accessory,Platform accessory,high,false,pair_rule,ENDOSCOPY_PROCESSOR_MOUNT_ACCESSORY,
PRD-FE1DBA6966,Olympus,WM-NP3 Basic Workstation Configuration,K10035361,Endoscopy platform,Platform accessory,console_capital,Console or capital equipment,endoscopy_workstation,Endoscopy workstation or cart,moderate,false,name_rule,ENDOSCOPY_CART,
PRD-FE67FEA4F0,Karl Storz,VERESS Pneumoperitoneum Needle,26120J,Medical thoracoscopy,Thoracoscopy access needle,needle,Needle,access_needle,Access needle,high,false,pair_rule,THORACOSCOPY_TROCAR,MED_THORACOSCOPY
PRD-FEA0F47B62,Richard Wolf,PANOVIEW PLUS Telescope,82514.433,Rigid bronchoscopy,Rigid bronchoscopy telescope,endoscopic_telescope,Endoscopic telescope,rigid_telescope,Rigid bronchoscopy telescope,high,false,pair_rule,RIGID_TELESCOPE,RIGID_BRONCH
PRD-FF9CE26B43,Richard Wolf,Tube with Luer-Lock Connector,886.00,Rigid bronchoscopy,Flexible bronchoscope accessory,accessory,Accessory or ancillary item,endoscope_seal_valve,"Endoscope seal, valve, or adapter",moderate,false,pair_rule,RIGID_BRONCHOSCOPE_ACCESSORY,RIGID_BRONCH
