product_id,role_code,role_fit,notes
PRD-A6CF0E2BA4,FLEX_SCOPE_SINGLE_USE,Primary,
PRD-F2C87C4908,FLEX_SCOPE_SINGLE_USE,Primary,
PRD-E907C0EB2E,FLEX_SCOPE_SINGLE_USE,Primary,
PRD-78DC6578D9,IPC_INSERTION_KIT,Primary,
PRD-4423366610,IPC_INSERTION_KIT,Primary,
PRD-B2B0419598,IPC_DRAINAGE_KIT,Primary,
PRD-41BA4FDFE6,IPC_DRAINAGE_KIT,Primary,
PRD-E2A3EFD37E,IPC_INSERTION_KIT,Primary,
PRD-B9381E6DD2,THORACENTESIS_KIT,Primary,
PRD-31DA7C7FF7,THORACENTESIS_KIT,Primary,
PRD-9371C2567D,THORACENTESIS_KIT,Primary,
PRD-D77666DBD4,THORACENTESIS_KIT,Primary,
PRD-C2C49B88CC,THORACENTESIS_KIT,Primary,
PRD-2F7DDD739E,BRONCH_REPROCESSING_KIT,Primary,
PRD-3ED9411F2F,BRONCH_REPROCESSING_KIT,Primary,
PRD-B1203FF71F,FOREIGN_BODY_BASKET,Primary,
PRD-4E9069C30F,FOREIGN_BODY_BASKET,Primary,
PRD-9844E2B578,FOREIGN_BODY_FORCEPS_FLEX,Primary,
PRD-602AA2F147,PULMONARY_GUIDEWIRE,Primary,
PRD-8DDD9F07C0,BIOPSY_FORCEPS_FLEX,Primary,
PRD-72889F9CE3,BIOPSY_FORCEPS_FLEX,Primary,
PRD-BF2EC6AB5E,BIOPSY_FORCEPS_FLEX,Primary,
PRD-27BF9F087E,BIOPSY_FORCEPS_FLEX,Primary,
PRD-A83C7ADE90,BIOPSY_FORCEPS_FLEX,Primary,
PRD-217AB10438,BIOPSY_FORCEPS_FLEX,Primary,
PRD-C2875D269C,EBUS_MINIFORCEPS,Primary,
PRD-2F3F39DBA3,CYTOLOGY_BRUSH,Primary,
PRD-81331808E3,CYTOLOGY_BRUSH,Primary,
PRD-1239820D80,CYTOLOGY_BRUSH,Primary,
PRD-251B275384,CYTOLOGY_BRUSH,Primary,
PRD-972FD7E1D0,FLEX_SCOPE_SINGLE_USE,Primary,
PRD-BF2B39F2F3,FLEX_SCOPE_SINGLE_USE,Primary,
PRD-27506A7423,FLEX_SCOPE_SINGLE_USE,Primary,
PRD-5F801B5A8E,PULMONARY_GUIDEWIRE,Primary,
PRD-94E33ED243,AIRWAY_BALLOON_DILATOR,Primary,
PRD-B8BB774CB6,AIRWAY_BALLOON_DILATOR,Primary,
PRD-BDC093DB61,AIRWAY_BALLOON_DILATOR,Primary,
PRD-9E6034F109,AIRWAY_BALLOON_DILATOR,Primary,
PRD-2B5132F8C5,AIRWAY_BALLOON_DILATOR,Primary,
PRD-189E7EF27A,AIRWAY_BALLOON_DILATOR,Primary,
PRD-8A08163BA1,INFLATION_DEVICE,Primary,
PRD-35EC8EE328,INFLATION_DEVICE,Primary,
PRD-61915862CE,INFLATION_DEVICE,Primary,
PRD-EB513BCB63,EBUS_NEEDLE_FNB,Primary,
PRD-D826F63F9A,EBUS_NEEDLE_FNB,Primary,
PRD-DF1D438D54,EBUS_NEEDLE_FNB,Primary,
PRD-E6ED309802,EBUS_NEEDLE_FNB,Primary,
PRD-2302DA77DA,EBUS_NEEDLE_FNA,Primary,
PRD-73BBBA8747,EBUS_NEEDLE_FNA,Primary,
PRD-DF30B54282,EBUS_NEEDLE_FNA,Primary,
PRD-5CBD1FD1E3,EBUS_NEEDLE_FNA,Primary,
PRD-F2007DBCC0,EBUS_NEEDLE_FNA,Primary,
PRD-E803315936,TBNA_NEEDLE,Primary,
PRD-152A0BFA3B,TBNA_NEEDLE,Primary,
PRD-F408B46806,TBNA_NEEDLE,Primary,
PRD-4F9AA3907F,AIRWAY_STENT_SEMS_UNCOVERED,Primary,
PRD-4E186C03D4,AIRWAY_STENT_SEMS_UNCOVERED,Primary,
PRD-2CCE54EDFD,AIRWAY_STENT_SEMS_UNCOVERED,Primary,
PRD-4B4F1501DE,AIRWAY_STENT_SEMS_UNCOVERED,Primary,
PRD-1D78A1B240,AIRWAY_STENT_SEMS_UNCOVERED,Primary,
PRD-ED3D613CD2,AIRWAY_STENT_SEMS_UNCOVERED,Primary,
PRD-B8971B556C,AIRWAY_STENT_SEMS_UNCOVERED,Primary,
PRD-235F9C6FBD,AIRWAY_STENT_SEMS_UNCOVERED,Primary,
PRD-27B1BEE50C,AIRWAY_STENT_SEMS_UNCOVERED,Primary,
PRD-5A822E57C6,AIRWAY_STENT_SEMS_UNCOVERED,Primary,
PRD-5798E6CA9D,AIRWAY_STENT_SEMS_UNCOVERED,Primary,
PRD-6ED2313A9C,AIRWAY_STENT_SEMS_UNCOVERED,Primary,
PRD-904D5B29E4,AIRWAY_STENT_SEMS_UNCOVERED,Primary,
PRD-DCD9FB53E5,AIRWAY_STENT_SEMS_UNCOVERED,Primary,
PRD-635895FDEF,AIRWAY_STENT_SEMS_UNCOVERED,Primary,
PRD-AC9799F503,AIRWAY_STENT_SEMS_UNCOVERED,Primary,
PRD-87B6764F8B,AIRWAY_STENT_SEMS_UNCOVERED,Primary,
PRD-D1E3BFD9D3,AIRWAY_STENT_SEMS_UNCOVERED,Primary,
PRD-44704ED825,AIRWAY_STENT_SEMS_COVERED,Primary,
PRD-63EDA47A7D,AIRWAY_STENT_SEMS_COVERED,Primary,
PRD-237B24FE49,AIRWAY_STENT_SEMS_COVERED,Primary,
PRD-633391A337,AIRWAY_STENT_SEMS_COVERED,Primary,
PRD-05780FEDD7,AIRWAY_STENT_SEMS_COVERED,Primary,
PRD-EB0DE6C03A,AIRWAY_STENT_SEMS_COVERED,Primary,
PRD-071DA49031,AIRWAY_STENT_SEMS_COVERED,Primary,
PRD-3D8AEACE11,AIRWAY_STENT_SEMS_COVERED,Primary,
PRD-3296D18171,AIRWAY_STENT_SEMS_COVERED,Primary,
PRD-3402724B0E,AIRWAY_STENT_SEMS_COVERED,Primary,
PRD-91F4E30038,AIRWAY_STENT_SEMS_COVERED,Primary,
PRD-BB4B62BE1F,AIRWAY_STENT_SEMS_COVERED,Primary,
PRD-B53F0F16C8,AIRWAY_STENT_SEMS_COVERED,Primary,
PRD-CBA9A6E9B4,AIRWAY_STENT_SEMS_COVERED,Primary,
PRD-A5D3D731DC,AIRWAY_STENT_SEMS_COVERED,Primary,
PRD-AF70FFC15E,AIRWAY_STENT_SEMS_COVERED,Primary,
PRD-C1653676C1,AIRWAY_STENT_SEMS_COVERED,Primary,
PRD-948F3069B3,AIRWAY_STENT_SEMS_COVERED,Primary,
PRD-DD4AFE7DE4,CHEST_TUBE_SURGICAL,Primary,
PRD-6DAF9E3AA4,CHEST_TUBE_SURGICAL,Primary,
PRD-9F5884AD09,CHEST_TUBE_SURGICAL,Primary,
PRD-3EDAA08D62,CHEST_TUBE_SURGICAL,Primary,
PRD-1F48992C6C,CHEST_TUBE_SURGICAL,Primary,
PRD-3A27A7B76D,CHEST_TUBE_SURGICAL,Primary,
PRD-8776B50EA8,CHEST_TUBE_SURGICAL,Primary,
PRD-C73E87B7EE,CHEST_TUBE_SURGICAL,Primary,
PRD-6C9FB1DC9F,CHEST_TUBE_SURGICAL,Primary,
PRD-90D21D9281,CHEST_TUBE_SURGICAL,Primary,
PRD-F8B8727229,CHEST_TUBE_SURGICAL,Primary,
PRD-0BAE92E0E1,SPECIMEN_TRAP,Primary,
PRD-FD34401E04,PLEURAL_DRAINAGE_ACCESSORY,Primary,
PRD-7518A5B1E1,PNEUMOTHORAX_KIT,Primary,
PRD-F008B12AC0,CHEST_TUBE_LARGE_BORE,Primary,
PRD-6F32150552,PNEUMOTHORAX_KIT,Primary,
PRD-1CCEDCCC76,PLEURAL_DRAINAGE_ACCESSORY,Primary,
PRD-070884900C,PLEURAL_DRAINAGE_ACCESSORY,Primary,
PRD-70B4B5EA83,CHEST_TUBE_LARGE_BORE,Primary,
PRD-6DBE766019,CHEST_TUBE_LARGE_BORE,Primary,
PRD-FE028163EB,CHEST_TUBE_LARGE_BORE,Primary,
PRD-BDA5B2EF14,CHEST_TUBE_SMALL_BORE,Primary,
PRD-49A7F962D0,CHEST_TUBE_LARGE_BORE,Primary,
PRD-9428EBB5CF,PLEURAL_DRAINAGE_ACCESSORY,Primary,
PRD-848FD7C902,PNEUMOTHORAX_KIT,Primary,
PRD-F82300D570,EBUS_NEEDLE_FNA,Exact,Current manufacturer EBUS needle configuration
PRD-F3307DB1D4,EBUS_NEEDLE_FNA,Exact,Current manufacturer EBUS needle configuration
PRD-2D0C9B936A,EBUS_NEEDLE_FNA,Exact,Current manufacturer EBUS needle configuration
PRD-3F51C7D66F,EBUS_NEEDLE_FNA,Exact,Current manufacturer EBUS needle configuration
PRD-5CC8131FDE,EBUS_NEEDLE_FNA,Exact,Current manufacturer EBUS needle configuration
PRD-2DA93F54B9,EBUS_NEEDLE_FNA,Exact,Current manufacturer EBUS needle configuration
PRD-F351B4D76F,CHEST_TUBE_SMALL_BORE,Primary,
PRD-6CF2953F5E,ENDOBRONCHIAL_BLOCKER,Exact,Manufacturer blocker set
PRD-C41140BA51,ENDOBRONCHIAL_BLOCKER,Exact,Manufacturer blocker set
PRD-85248E91BA,ENDOBRONCHIAL_BLOCKER,Exact,Manufacturer blocker set
PRD-448C184685,ENDOBRONCHIAL_BLOCKER,Exact,Manufacturer blocker set
PRD-86388D0916,EBUS_NEEDLE_FNA,Exact,Current manufacturer EBUS needle configuration
PRD-19AC7F0794,EBUS_NEEDLE_FNA,Exact,Current manufacturer EBUS needle configuration
PRD-0410844D48,CHEST_TUBE_SMALL_BORE,Primary,Fuhrman pigtail pleural drainage series.
PRD-F7FFFFA87F,CHEST_TUBE_SMALL_BORE,Primary,Fuhrman pigtail pleural drainage series.
PRD-993D8701CA,CHEST_TUBE_SMALL_BORE,Primary,Fuhrman pigtail pleural drainage series.
PRD-C0FA666A98,CHEST_TUBE_SMALL_BORE,Primary,Fuhrman pigtail pleural drainage series.
PRD-12231F4168,PNEUMOTHORAX_KIT,Primary,
PRD-8C6C29BE46,PNEUMOTHORAX_KIT,Primary,
PRD-6AAA7898E9,PDT_KIT,Primary,
PRD-8446D3EB4E,PDT_KIT,Primary,
PRD-C4C8CC5CF5,PDT_KIT,Primary,
PRD-B68F5C38B4,RIGID_BRONCHOSCOPE_ACCESSORY,Primary,
PRD-40F16EE5D5,RIGID_BRONCHOSCOPE_HEAD,Primary,
PRD-6C1DE73547,RIGID_BRONCHOSCOPE_ACCESSORY,Primary,
PRD-B21BCEFB54,APC_GAS_ACCESSORY,Primary,
PRD-9DA3B7C48B,APC_GAS_ACCESSORY,Primary,
PRD-B79F76C6D6,APC_GAS_ACCESSORY,Primary,
PRD-456C006CCE,ENERGY_CABLE_ADAPTER,Primary,
PRD-9349B7D1F6,ENERGY_CABLE_ADAPTER,Primary,
PRD-D454A9C046,APC_GAS_ACCESSORY,Primary,
PRD-78096620FF,APC_GAS_ACCESSORY,Primary,
PRD-7A53694B65,ENERGY_CABLE_ADAPTER,Primary,
PRD-A48A455A5E,APC_PROBE_FLEX,Primary,
PRD-5445BFA070,APC_PROBE_FLEX,Primary,
PRD-C3FDFF59E0,APC_PROBE_FLEX,Primary,
PRD-3A183102CF,APC_PROBE_FLEX,Primary,
PRD-DE4182B356,APC_PROBE_FLEX,Primary,
PRD-C492434340,APC_PROBE_FLEX,Primary,
PRD-99494D8DD0,APC_PROBE_FLEX,Primary,
PRD-63E9945A0A,ENERGY_CABLE_ADAPTER,Primary,
PRD-EC8FB40FB0,ENERGY_CABLE_ADAPTER,Primary,
PRD-D76C39F2B7,APC_APPLICATOR_RIGID,Primary,
PRD-8C5BA93DCA,APC_APPLICATOR_RIGID,Primary,
PRD-1708F37D2C,APC_APPLICATOR_RIGID,Primary,
PRD-D7F9A3A5D0,APC_APPLICATOR_RIGID,Primary,
PRD-2218769436,APC_APPLICATOR_RIGID,Primary,
PRD-D9A63C6C45,APC_APPLICATOR_RIGID,Primary,
PRD-A83D0CAAC1,APC_APPLICATOR_RIGID,Primary,
PRD-DC7D6310BB,APC_APPLICATOR_RIGID,Primary,
PRD-21F6CB5BAC,APC_PROBE_FLEX,Primary,
PRD-19BAA6E1D6,APC_PROBE_FLEX,Primary,
PRD-4E9412A49F,APC_PROBE_FLEX,Primary,
PRD-5AB3F8988B,APC_PROBE_FLEX,Primary,
PRD-207F57235E,APC_GAS_ACCESSORY,Primary,
PRD-83ADF2581C,APC_GAS_ACCESSORY,Primary,
PRD-1BD0F9BD70,APC_GAS_ACCESSORY,Primary,
PRD-3CAAB4D79C,APC_GAS_ACCESSORY,Primary,
PRD-55E5D08ADC,APC_GAS_ACCESSORY,Primary,
PRD-09AF1B1AE5,APC_GAS_ACCESSORY,Primary,
PRD-293EEBCDF0,APC_GAS_ACCESSORY,Primary,
PRD-913352C891,CRYO_SYSTEM_ACCESSORY,Primary,
PRD-D723C6FF62,ENERGY_CABLE_ADAPTER,Primary,
PRD-E5D003B78D,ENERGY_CABLE_ADAPTER,Primary,
PRD-EE226986CB,ENERGY_CABLE_ADAPTER,Primary,
PRD-E4FE22C28D,ENERGY_CABLE_ADAPTER,Primary,
PRD-704E468EF5,ENERGY_CABLE_ADAPTER,Primary,
PRD-574BC79D2B,ENERGY_CABLE_ADAPTER,Primary,
PRD-27460DB568,ENERGY_CABLE_ADAPTER,Primary,
PRD-DCA951086F,ENERGY_CABLE_ADAPTER,Primary,
PRD-1425225614,ENERGY_CABLE_ADAPTER,Primary,
PRD-DA396EF06D,ENERGY_CABLE_ADAPTER,Primary,
PRD-6BC32547CD,ENERGY_CABLE_ADAPTER,Primary,
PRD-40F9EDE43C,ENERGY_CABLE_ADAPTER,Primary,
PRD-6DF43B832B,ENERGY_CABLE_ADAPTER,Primary,
PRD-27BD1F9DB6,ENERGY_CABLE_ADAPTER,Primary,
PRD-BBCDFBC541,ENERGY_CABLE_ADAPTER,Primary,
PRD-24DF8E0987,ENERGY_CABLE_ADAPTER,Primary,
PRD-95ADE8F814,ENERGY_CABLE_ADAPTER,Primary,
PRD-F9C809D277,ENERGY_CABLE_ADAPTER,Primary,
PRD-CB585AE377,ENERGY_CABLE_ADAPTER,Primary,
PRD-E91AF4A4B3,ENERGY_CABLE_ADAPTER,Primary,
PRD-D41DE241C1,ENERGY_CABLE_ADAPTER,Primary,
PRD-DA3218ED45,ENERGY_CABLE_ADAPTER,Primary,
PRD-D85D52F0CD,ENERGY_CABLE_ADAPTER,Primary,
PRD-14ED7EA20B,ENERGY_CABLE_ADAPTER,Primary,
PRD-241DE5F6DF,ENERGY_CABLE_ADAPTER,Primary,
PRD-A1BB9D424D,ENERGY_CABLE_ADAPTER,Primary,
PRD-D063F090C6,ENERGY_CABLE_ADAPTER,Primary,
PRD-0F561988AB,ENERGY_CABLE_ADAPTER,Primary,
PRD-71FB94BD46,ENERGY_CABLE_ADAPTER,Primary,
PRD-CDCBBB4171,ENERGY_CABLE_ADAPTER,Primary,
PRD-D194D5A02B,ENERGY_CABLE_ADAPTER,Primary,
PRD-415D12A635,ENERGY_CABLE_ADAPTER,Primary,
PRD-4D06DCE96B,ENERGY_CABLE_ADAPTER,Primary,
PRD-8905E9BA40,ENERGY_CABLE_ADAPTER,Primary,
PRD-E060DC2383,ENERGY_CABLE_ADAPTER,Primary,
PRD-EC8645595D,ENERGY_CABLE_ADAPTER,Primary,
PRD-27BE0EC96A,ENERGY_CABLE_ADAPTER,Primary,
PRD-BCD783DD13,ENERGY_CABLE_ADAPTER,Primary,
PRD-19D03D9B14,ENERGY_CABLE_ADAPTER,Primary,
PRD-A24DAA76C6,ENERGY_CABLE_ADAPTER,Primary,
PRD-9DCC5EC86C,ENERGY_CABLE_ADAPTER,Primary,
PRD-486F6703A9,ENERGY_CABLE_ADAPTER,Primary,
PRD-57A313D4DB,ENERGY_CABLE_ADAPTER,Primary,
PRD-0A9806F6F2,ENERGY_CABLE_ADAPTER,Primary,
PRD-E27A6FA17A,ENERGY_CABLE_ADAPTER,Primary,
PRD-0ADECF7C68,ENERGY_CABLE_ADAPTER,Primary,
PRD-6F4B58CFF2,ENERGY_CABLE_ADAPTER,Primary,
PRD-3353BDD6CD,ENERGY_CABLE_ADAPTER,Primary,
PRD-695BD279A8,ENERGY_CABLE_ADAPTER,Primary,
PRD-88D778F3A4,ENERGY_CABLE_ADAPTER,Primary,
PRD-93A3E7F825,ENERGY_CABLE_ADAPTER,Primary,
PRD-79B8CF6846,ENERGY_CABLE_ADAPTER,Primary,
PRD-1DDAD96A7B,ENERGY_CABLE_ADAPTER,Primary,
PRD-535FE6B186,ENERGY_CABLE_ADAPTER,Primary,
PRD-E94BC99DC8,ENERGY_CABLE_ADAPTER,Primary,
PRD-1062EA74E3,ENERGY_CABLE_ADAPTER,Primary,
PRD-E0E5A0320D,ENERGY_CABLE_ADAPTER,Primary,
PRD-C47EB33229,ENERGY_CABLE_ADAPTER,Primary,
PRD-4896D3D636,ENERGY_CABLE_ADAPTER,Primary,
PRD-0C7A44B87D,ENERGY_CABLE_ADAPTER,Primary,
PRD-77DCFC650E,ENERGY_CABLE_ADAPTER,Primary,
PRD-0C821995AC,CRYO_SYSTEM_ACCESSORY,Primary,
PRD-C684D9ADCF,CRYO_SYSTEM_ACCESSORY,Primary,
PRD-C3FB38433F,CRYO_SYSTEM_ACCESSORY,Primary,
PRD-D54D46A95B,CRYO_SYSTEM_ACCESSORY,Primary,
PRD-5AEEF62066,CRYO_SYSTEM_ACCESSORY,Primary,
PRD-DA286027ED,CRYO_SYSTEM_ACCESSORY,Primary,
PRD-5DFC2E8E8B,CRYO_SYSTEM_ACCESSORY,Primary,
PRD-B68845E997,CRYO_SYSTEM_ACCESSORY,Primary,
PRD-A2C49C9352,CRYOPROBE_FLEX,Primary,
PRD-6C2199C862,CRYOPROBE_FLEX,Primary,
PRD-7DC3645CFA,CRYOPROBE_FLEX,Primary,
PRD-05670F1B5F,CRYOPROBE_FLEX,Primary,
PRD-9AE343BC8D,CRYO_SYSTEM_ACCESSORY,Primary,
PRD-3097FD9A2E,CRYO_SYSTEM_ACCESSORY,Primary,
PRD-A93BE6938D,CRYO_SYSTEM_ACCESSORY,Primary,
PRD-F1632F4CEC,CRYO_SYSTEM_ACCESSORY,Primary,
PRD-D03502FFB4,CRYO_SYSTEM_ACCESSORY,Primary,
PRD-9CAAE08C97,ENERGY_CABLE_ADAPTER,Primary,
PRD-5CD3FA131B,ENERGY_CABLE_ADAPTER,Primary,
PRD-55D98AAFB1,ENERGY_CABLE_ADAPTER,Primary,
PRD-FD3915EF93,CHEST_TUBE_SURGICAL,Primary,
PRD-36D0F6CBA0,CHEST_TUBE_SURGICAL,Primary,
PRD-27CF357590,CHEST_TUBE_SURGICAL,Primary,
PRD-2CE58D8A14,CHEST_TUBE_SURGICAL,Primary,
PRD-1CBA97E863,CHEST_TUBE_SURGICAL,Primary,
PRD-3D91F04C91,RIGID_TELESCOPE,Exact,Rigid bronchoscopy telescope
PRD-5CCBBDD4CF,RIGID_TELESCOPE,Exact,Rigid bronchoscopy telescope
PRD-0EA2B293A4,RIGID_BRONCHOSCOPE_ACCESSORY,Exact,Rigid bronchoscope accessory
PRD-B05D337994,RIGID_BRONCHOSCOPE_ACCESSORY,Exact,Rigid bronchoscope accessory
PRD-3AAC1114C7,RIGID_BRONCHOSCOPE_ACCESSORY,Exact,Rigid bronchoscope accessory
PRD-AF93E56FE5,RIGID_BRONCHOSCOPE_ACCESSORY,Exact,Rigid bronchoscope accessory
PRD-A504350406,RIGID_BRONCHOSCOPE_ACCESSORY,Exact,Rigid bronchoscope accessory
PRD-087FFD6337,RIGID_BRONCHOSCOPE_ACCESSORY,Exact,Rigid bronchoscope accessory
PRD-758E53CAAF,RIGID_BRONCHOSCOPE_ACCESSORY,Exact,Rigid bronchoscope accessory
PRD-D0E745FF62,RIGID_BRONCHOSCOPE_ACCESSORY,Exact,Rigid bronchoscope accessory
PRD-6707AC67D1,RIGID_BRONCHOSCOPE_BARREL,Exact,Rigid bronchoscope barrel
PRD-F1D5F37924,RIGID_BRONCHOSCOPE_BARREL,Primary,
PRD-E6A1370266,RIGID_BRONCHOSCOPE_BARREL,Exact,Rigid bronchoscope barrel
PRD-D273A067EA,RIGID_BRONCHOSCOPE_BARREL,Exact,Rigid bronchoscope barrel
PRD-99F825C44F,RIGID_BRONCHOSCOPE_BARREL,Primary,
PRD-5D0F775ADC,RIGID_BRONCHOSCOPE_BARREL,Exact,Rigid bronchoscope barrel
PRD-F146CD24CF,RIGID_BRONCHOSCOPE_BARREL,Primary,
PRD-B99F53FBC5,RIGID_BRONCHOSCOPE_BARREL,Exact,Full-lumen rigid bronchoscope/tracheoscope
PRD-F96DCD2AC6,RIGID_BRONCHOSCOPE_BARREL,Exact,Full-lumen rigid bronchoscope/tracheoscope
PRD-71D13E3955,RIGID_BRONCHOSCOPE_BARREL,Primary,
PRD-8D0C9F35DB,RIGID_BRONCHOSCOPE_BARREL,Exact,Full-lumen rigid bronchoscope/tracheoscope
PRD-33120D5BE2,RIGID_BRONCHOSCOPE_BARREL,Exact,Full-lumen rigid bronchoscope/tracheoscope
PRD-06D2F10782,RIGID_BRONCHOSCOPE_ACCESSORY,Exact,Rigid bronchoscope accessory
PRD-1EEDD71C53,RIGID_BRONCHOSCOPE_ACCESSORY,Exact,Rigid bronchoscope accessory
PRD-EC45CB0F5D,RIGID_TELESCOPE,Exact,Rigid bronchoscopy telescope
PRD-0FD6CC7A8E,RIGID_TELESCOPE,Exact,Rigid bronchoscopy telescope
PRD-BB9A5CC0AE,RIGID_TELESCOPE,Exact,Rigid bronchoscopy telescope
PRD-6274807854,RIGID_TELESCOPE,Exact,Rigid bronchoscopy telescope
PRD-1C70287572,RIGID_BRONCHOSCOPE_ACCESSORY,Exact,Rigid bronchoscope accessory
PRD-BC16136731,RIGID_BRONCHOSCOPE_BARREL,Exact,Rigid tracheoscope
PRD-CA32599DA2,RIGID_BRONCHOSCOPE_BARREL,Exact,Rigid tracheoscope
PRD-2110EC2BCF,RIGID_BRONCHOSCOPE_BARREL,Exact,Rigid tracheoscope
PRD-3CF45A4BFF,RIGID_BRONCHOSCOPE_ACCESSORY,Exact,Rigid bronchoscope accessory
PRD-1905FD9828,RIGID_FORCEPS,Exact,Optical rigid bronchoscopy forceps
PRD-A9183C4F8F,RIGID_FORCEPS,Exact,Optical rigid bronchoscopy forceps
PRD-50DCC12BE8,RIGID_FORCEPS,Exact,Optical rigid bronchoscopy forceps
PRD-10B24D66DD,RIGID_FORCEPS,Exact,Optical rigid bronchoscopy forceps
PRD-2274F20402,RIGID_FORCEPS,Exact,Optical rigid bronchoscopy forceps
PRD-B540AFF326,RIGID_FORCEPS,Exact,Optical rigid bronchoscopy forceps
PRD-E56FC05269,RIGID_FORCEPS,Exact,Optical rigid bronchoscopy forceps
PRD-4A98F07FC6,RIGID_FORCEPS,Exact,Optical rigid bronchoscopy forceps
PRD-EB01698273,RIGID_FORCEPS,Exact,Optical rigid bronchoscopy forceps
PRD-2DACCAD2B4,RIGID_FORCEPS,Exact,Optical rigid bronchoscopy forceps
PRD-E02F46CDAD,RIGID_FORCEPS,Exact,Optical rigid bronchoscopy forceps
PRD-2BC12F8AEF,RIGID_BRONCHOSCOPE_ACCESSORY,Exact,Steerable rigid bronchoscopy instrument
PRD-615CDFB8AB,BIOPSY_FORCEPS_FLEX,Exact,Steerable rigid bronchoscopy instrument
PRD-F9A98419EA,BIOPSY_FORCEPS_FLEX,Exact,Steerable rigid bronchoscopy instrument
PRD-60ED7DF50E,RIGID_FORCEPS,Exact,Rigid bronchoscopy forceps/scissors
PRD-4A023D6489,RIGID_FORCEPS,Exact,Rigid bronchoscopy forceps/scissors
PRD-0F34939AF6,RIGID_FORCEPS,Exact,Rigid bronchoscopy forceps/scissors
PRD-DF239FD803,THORACOSCOPY_SCISSORS,Exact,Rigid bronchoscopy forceps/scissors
PRD-011BE58B2D,RIGID_FORCEPS,Exact,Rigid bronchoscopy forceps/scissors
PRD-7BC31438E7,RIGID_FORCEPS,Exact,Rigid bronchoscopy forceps/scissors
PRD-354ECD3DC4,RIGID_FORCEPS,Exact,Rigid bronchoscopy forceps/scissors
PRD-DB7366704E,RIGID_FORCEPS,Exact,Rigid bronchoscopy forceps/scissors
PRD-698F9E72B0,RIGID_FORCEPS,Exact,Rigid bronchoscopy forceps/scissors
PRD-B4CA5FDE98,RIGID_FORCEPS,Exact,Rigid bronchoscopy forceps/scissors
PRD-90A0B83AA5,RIGID_FORCEPS,Exact,Rigid bronchoscopy forceps/scissors
PRD-C649B4B9C5,RIGID_FORCEPS,Exact,Rigid bronchoscopy forceps/scissors
PRD-ABB6EC1153,RIGID_FORCEPS,Exact,Rigid bronchoscopy forceps/scissors
PRD-17C3809F8C,RIGID_FORCEPS,Exact,Rigid bronchoscopy forceps/scissors
PRD-79E356AFDC,RIGID_FORCEPS,Exact,Rigid bronchoscopy forceps/scissors
PRD-38F9E96675,RIGID_FORCEPS,Exact,Rigid bronchoscopy forceps/scissors
PRD-6CCE68D268,RIGID_FORCEPS,Exact,Rigid bronchoscopy forceps/scissors
PRD-AC1E0D8CCC,RIGID_FORCEPS,Exact,Rigid bronchoscopy forceps/scissors
PRD-1E613C92C3,RIGID_FORCEPS,Exact,Rigid bronchoscopy forceps/scissors
PRD-D07AD62770,RIGID_FORCEPS,Exact,Rigid bronchoscopy forceps/scissors
PRD-02641F9166,RIGID_FORCEPS,Exact,Rigid bronchoscopy forceps/scissors
PRD-7A57FE10A2,RIGID_FORCEPS,Exact,Rigid bronchoscopy forceps/scissors
PRD-843BE1E573,RIGID_FORCEPS,Exact,Rigid bronchoscopy forceps/scissors
PRD-1CA81E960D,RIGID_FORCEPS,Exact,Rigid bronchoscopy forceps/scissors
PRD-1E339ED4FF,RIGID_FORCEPS,Exact,Rigid bronchoscopy forceps/scissors
PRD-BB5D8FBEA3,RIGID_FORCEPS,Exact,Rigid bronchoscopy forceps/scissors
PRD-9A5C5FEF7D,RIGID_FORCEPS,Exact,Rigid bronchoscopy forceps/scissors
PRD-694417C2F5,RIGID_FORCEPS,Exact,Rigid bronchoscopy forceps/scissors
PRD-FF130FCDC6,RIGID_FORCEPS,Exact,Rigid bronchoscopy forceps/scissors
PRD-190EC613D0,RIGID_FORCEPS,Exact,Rigid bronchoscopy forceps/scissors
PRD-C48BF25736,RIGID_FORCEPS,Exact,Rigid bronchoscopy forceps/scissors
PRD-2FACCCFC02,RIGID_FORCEPS,Exact,Rigid bronchoscopy forceps/scissors
PRD-277D52B6BC,RIGID_SUCTION_CATHETER,Exact,Rigid suction catheter
PRD-1CFFD3C377,RIGID_SUCTION_CATHETER,Exact,Rigid suction catheter
PRD-1411E60176,RIGID_SUCTION_CATHETER,Exact,Rigid suction catheter
PRD-E09A4CA6E0,RIGID_SUCTION_CATHETER,Exact,Rigid suction catheter
PRD-9BD2C36817,RIGID_SUCTION_CATHETER,Exact,Rigid suction catheter
PRD-33C62E2093,RIGID_SUCTION_CATHETER,Exact,Rigid suction catheter
PRD-C00C2E4E80,RIGID_SUCTION_CATHETER,Exact,Rigid suction catheter
PRD-2644647C19,RIGID_SUCTION_CATHETER,Exact,Rigid suction catheter
PRD-C64D0F8310,RIGID_SUCTION_CATHETER,Exact,Rigid suction catheter
PRD-B2AC1ECC92,RIGID_SUCTION_CATHETER,Exact,Rigid suction catheter
PRD-B728AA11AB,RIGID_SUCTION_CATHETER,Exact,Rigid suction catheter
PRD-2522C4A9A6,RIGID_SUCTION_CATHETER,Exact,Rigid suction catheter
PRD-0FECB0AD06,RIGID_SUCTION_CATHETER,Exact,Rigid suction catheter
PRD-E4B27EE86A,RIGID_SUCTION_CATHETER,Exact,Rigid suction catheter
PRD-87F3E56C0D,RIGID_SUCTION_CATHETER,Exact,Rigid suction catheter
PRD-F4B4C5FC4D,RIGID_SUCTION_CATHETER,Exact,Rigid suction catheter
PRD-B6BECFE095,RIGID_SUCTION_CATHETER,Exact,Rigid suction catheter
PRD-CC88761929,RIGID_SUCTION_CATHETER,Exact,Rigid suction catheter
PRD-400BEF3640,RIGID_SUCTION_CATHETER,Exact,Rigid suction catheter
PRD-F12AF814EE,RIGID_SUCTION_CATHETER,Exact,Rigid suction catheter
PRD-11ADF871FE,RIGID_BRONCHOSCOPE_ACCESSORY,Exact,Rigid bronchoscopy accessory
PRD-1E5D7D510F,RIGID_BRONCHOSCOPE_ACCESSORY,Exact,Rigid bronchoscopy accessory
PRD-108394A19E,RIGID_BRONCHOSCOPE_ACCESSORY,Exact,Rigid bronchoscopy accessory
PRD-921CB1B912,RIGID_BRONCHOSCOPE_ACCESSORY,Exact,Rigid bronchoscopy accessory
PRD-A2FCA81CFA,FOREIGN_BODY_BASKET,Exact,Rigid bronchoscopy accessory
PRD-212BC58910,FOREIGN_BODY_BASKET,Exact,Rigid bronchoscopy accessory
PRD-DF791E6D1F,RIGID_BRONCHOSCOPE_ACCESSORY,Exact,Rigid bronchoscopy accessory
PRD-81DDCD50B9,RIGID_BRONCHOSCOPE_ACCESSORY,Exact,Rigid bronchoscopy accessory
PRD-481074A513,RIGID_BRONCHOSCOPE_ACCESSORY,Exact,Rigid bronchoscopy accessory
PRD-042A57F191,RIGID_SUCTION_CATHETER,Exact,Rigid suction catheter
PRD-825B745D18,RIGID_SUCTION_CATHETER,Exact,Rigid suction catheter
PRD-129E6C270A,SPECIMEN_TRAP,Exact,Bronchoscopy aspiration/irrigation accessory
PRD-019030A1C7,SPECIMEN_TRAP,Exact,Bronchoscopy aspiration/irrigation accessory
PRD-0A2ABE77F9,SPECIMEN_TRAP,Exact,Bronchoscopy aspiration/irrigation accessory
PRD-5902F1C231,BAL_KIT,Exact,Bronchoscopy aspiration/irrigation accessory
PRD-8A19FB9627,RIGID_SUCTION_CATHETER,Exact,Bronchoscopy aspiration/irrigation accessory
PRD-06811F5515,RIGID_SUCTION_CATHETER,Exact,Bronchoscopy aspiration/irrigation accessory
PRD-934DA56D92,TBNA_NEEDLE,Exact,Rigid bronchoscopy biopsy needle
PRD-DF989CBDCB,TBNA_NEEDLE,Exact,Bronchoscopy aspiration/irrigation accessory
PRD-2F1A67DE53,TBNA_NEEDLE,Exact,Bronchoscopy aspiration/irrigation accessory
PRD-99BC8714FF,RIGID_BRONCHOSCOPE_ACCESSORY,Exact,Rigid bronchoscopy accessory
PRD-17DB23EBC0,RIGID_BRONCHOSCOPE_ACCESSORY,Exact,Rigid bronchoscopy accessory
PRD-050EDDE140,RIGID_BRONCHOSCOPE_ACCESSORY,Exact,Rigid bronchoscopy accessory
PRD-C737E93B1B,RIGID_BRONCHOSCOPE_ACCESSORY,Exact,Rigid bronchoscopy accessory
PRD-9188CC0F47,RIGID_SUCTION_CATHETER,Exact,Rigid suction catheter
PRD-C0C6302286,RIGID_SUCTION_CATHETER,Exact,Rigid suction catheter
PRD-28C10C5EE9,RIGID_SUCTION_CATHETER,Exact,Rigid suction catheter
PRD-D7A7620198,RIGID_SUCTION_CATHETER,Exact,Rigid suction catheter accessory
PRD-526F08F11A,RIGID_SUCTION_CATHETER,Exact,Rigid suction catheter accessory
PRD-57C0ED84C2,RIGID_SUCTION_CATHETER,Exact,Rigid suction catheter accessory
PRD-9E7BDDB1CC,RIGID_SUCTION_CATHETER,Exact,Rigid suction catheter accessory
PRD-750BCA0F02,RIGID_FORCEPS,Exact,Bifurcated airway stent forceps
PRD-BB11C206A4,STENT_APPLICATOR,Exact,Silicone stent applicator
PRD-2158C0F6D1,STENT_APPLICATOR,Exact,Silicone stent applicator
PRD-F00EF2568E,STENT_APPLICATOR,Exact,Silicone stent applicator
PRD-DADAA6184C,STENT_APPLICATOR,Exact,Silicone stent applicator
PRD-F14EF79E1A,RIGID_BRONCHOSCOPE_ACCESSORY,Exact,Rigid bronchoscope accessory
PRD-768CEEE32B,RIGID_BRONCHOSCOPE_ACCESSORY,Exact,Rigid bronchoscope accessory
PRD-61EE4D5DE6,PLEURAL_BIOPSY_FORCEPS,Exact,Pleural biopsy needle
PRD-A88AEE6442,CHEST_TUBE_SMALL_BORE,Exact,Thoracic drainage cannula
PRD-16C811C696,PLEURAL_BIOPSY_FORCEPS,Exact,Pleural biopsy forceps
PRD-F1712066B6,THORACOSCOPY_TELESCOPE,Exact,Thoracoscopy telescope
PRD-762DCA1D6D,RIGID_SUCTION_CATHETER,Exact,Thoracoscopy suction instrument
PRD-D14312CC6A,TALC_POUDRAGE_KIT,Exact,Talc poudrage applicator
PRD-FE67FEA4F0,PLEUROSCOPY_TROCAR,Exact,Thoracoscopy access needle
PRD-EAED780757,PLEUROSCOPY_TROCAR,Exact,Thoracoscopy trocar
PRD-CCDCC41B7E,PLEUROSCOPY_TROCAR,Exact,Thoracoscopy trocar
PRD-377440703A,PLEUROSCOPY_TROCAR,Exact,Thoracoscopy trocar
PRD-427A070734,PLEUROSCOPY_TROCAR,Exact,Thoracoscopy trocar
PRD-1F69D6AD05,PLEUROSCOPY_TROCAR,Exact,Thoracoscopy trocar
PRD-247C9B978C,PLEUROSCOPY_TROCAR,Exact,Thoracoscopy trocar
PRD-0EA65ED2D3,PLEUROSCOPY_TROCAR,Exact,Thoracoscopy trocar
PRD-2663A0A0F5,TRACH_TUBE_EVAC,Primary,
PRD-6826FE4C0E,TRACH_TUBE_CUFFED,Primary,
PRD-04E1CAF545,TRACH_TUBE_CUFFLESS,Primary,
PRD-F80927CE1B,DLT_LEFT,Primary,
PRD-AAD09EDB4C,DLT_LEFT,Primary,
PRD-A47AD72FD5,DLT_LEFT,Primary,
PRD-52C5BEC3A1,DLT_LEFT,Primary,
PRD-69C70153C3,DLT_RIGHT,Primary,
PRD-78D84A6D45,DLT_RIGHT,Primary,
PRD-BCC4474447,DLT_RIGHT,Primary,
PRD-E96FD33203,DLT_RIGHT,Primary,
PRD-16A5369871,TRACH_TUBE_EVAC,Primary,
PRD-E088452873,TRACH_TUBE_CUFFED,Primary,
PRD-90F9A0A0BC,TRACH_TUBE_CUFFLESS,Primary,
PRD-709ED0842B,TRACH_TUBE_EVAC,Primary,
PRD-849E1FCCA5,TRACH_TUBE_CUFFED,Primary,
PRD-788469337A,TRACH_TUBE_CUFFLESS,Primary,
PRD-8EE9A09E05,TRACH_TUBE_EVAC,Primary,
PRD-A034F04BF1,TRACH_TUBE_CUFFED,Primary,
PRD-509226DE95,TRACH_TUBE_CUFFLESS,Primary,
PRD-02DC164D77,TRACH_TUBE_EVAC,Primary,
PRD-804529441A,TRACH_TUBE_CUFFED,Primary,
PRD-91C738FE6C,TRACH_TUBE_CUFFLESS,Primary,
PRD-82C2B15804,IPC_DRESSING_KIT,Exact,Aspira dressing supply
PRD-77C1FEFC4F,IPC_DRAINAGE_KIT,Exact,Aspira drainage supply
PRD-10959CEA29,IPC_MANAGEMENT_ACCESSORY,Exact,Aspira management accessory
PRD-10959CEA29,PLEURAL_DRAINAGE_ACCESSORY,Compatible,Pleural drainage accessory
PRD-5C99BF6AB0,IPC_MANAGEMENT_ACCESSORY,Exact,Aspira management accessory
PRD-5C99BF6AB0,PLEURAL_DRAINAGE_ACCESSORY,Compatible,Pleural drainage accessory
PRD-0E088FC681,IPC_MANAGEMENT_ACCESSORY,Exact,Aspira management accessory
PRD-0E088FC681,PLEURAL_DRAINAGE_ACCESSORY,Compatible,Pleural drainage accessory
PRD-460DB62059,IPC_INSERTION_KIT,Exact,Aspira IPC insertion system
PRD-FEAA795BDD,IPC_INSERTION_KIT,Primary,
PRD-F54D35983D,IPC_INSERTION_KIT,Exact,Aspira IPC insertion system
PRD-6A7E037C55,IPC_INSERTION_KIT,Exact,Aspira IPC insertion system
PRD-6D1BDDE146,IPC_INSERTION_KIT,Primary,
PRD-3A7C0C418C,IPC_INSERTION_KIT,Exact,Aspira IPC insertion system
PRD-02BE5F7D32,PULMONARY_GUIDEWIRE,Exact,Pulmonary guidewire
PRD-C2115BE6BB,PULMONARY_GUIDEWIRE,Exact,Pulmonary guidewire
PRD-BA677F5907,AIRWAY_STENT_SEMS_COVERED,Primary,
PRD-6488B1F637,AIRWAY_STENT_SEMS_COVERED,Primary,
PRD-23E592FF23,AIRWAY_STENT_SEMS_COVERED,Primary,
PRD-58DB5E4909,AIRWAY_STENT_SEMS_COVERED,Primary,
PRD-2A67871443,AIRWAY_STENT_SEMS_COVERED,Primary,
PRD-8E2214C53F,AIRWAY_STENT_SEMS_COVERED,Primary,
PRD-C65DDE0FEC,AIRWAY_STENT_SEMS_COVERED,Primary,
PRD-EC1BF76FBC,AIRWAY_STENT_SEMS_COVERED,Primary,
PRD-2E03B33575,AIRWAY_STENT_SEMS_COVERED,Primary,
PRD-29E6B2C2D0,AIRWAY_STENT_SEMS_COVERED,Primary,
PRD-BD9FC1E209,AIRWAY_STENT_SEMS_COVERED,Primary,
PRD-C37147C7D7,AIRWAY_STENT_SEMS_COVERED,Primary,
PRD-0EF1C15F6B,AIRWAY_STENT_SEMS_COVERED,Primary,
PRD-FA59BE320F,AIRWAY_STENT_SEMS_COVERED,Primary,
PRD-BDE6A1058E,AIRWAY_STENT_SEMS_COVERED,Primary,
PRD-438D71C59C,AIRWAY_STENT_SEMS_COVERED,Primary,
PRD-7389E0BD35,AIRWAY_STENT_SEMS_COVERED,Primary,
PRD-BAC7605565,AIRWAY_STENT_SEMS_COVERED,Primary,
PRD-BFE5B739F0,AIRWAY_STENT_SEMS_COVERED,Exact,Direct-visualization covered airway SEMS
PRD-8B87F7D42B,AIRWAY_STENT_SEMS_COVERED,Exact,Direct-visualization covered airway SEMS
PRD-2EE09F18D7,AIRWAY_STENT_SEMS_COVERED,Exact,Direct-visualization covered airway SEMS
PRD-65629D3931,AIRWAY_STENT_SEMS_COVERED,Exact,Direct-visualization covered airway SEMS
PRD-3C2043D9ED,AIRWAY_STENT_SEMS_COVERED,Exact,Direct-visualization covered airway SEMS
PRD-6407CF16C1,AIRWAY_STENT_SEMS_COVERED,Exact,Direct-visualization covered airway SEMS
PRD-04F9EBA54C,AIRWAY_STENT_SEMS_COVERED,Exact,Direct-visualization covered airway SEMS
PRD-71B93D1EA0,AIRWAY_STENT_SEMS_COVERED,Exact,Direct-visualization covered airway SEMS
PRD-534A17E0C9,AIRWAY_STENT_SEMS_COVERED,Exact,Direct-visualization covered airway SEMS
PRD-F32CE903FF,AIRWAY_STENT_SEMS_COVERED,Exact,Direct-visualization covered airway SEMS
PRD-41BE0FC18C,AIRWAY_STENT_SEMS_COVERED,Exact,Direct-visualization covered airway SEMS
PRD-9C399CB432,AIRWAY_STENT_SEMS_COVERED,Exact,Direct-visualization covered airway SEMS
PRD-941D1C2633,AIRWAY_STENT_SEMS_COVERED,Exact,Direct-visualization covered airway SEMS
PRD-F227995333,AIRWAY_STENT_SEMS_COVERED,Exact,Direct-visualization covered airway SEMS
PRD-DA836B059E,AIRWAY_STENT_SEMS_COVERED,Exact,Direct-visualization covered airway SEMS
PRD-513E7E5BCD,AIRWAY_STENT_SIZING_DEVICE,Exact,Airway stent sizing device
PRD-86009D6403,AIRWAY_STENT_SEMS_COVERED,Exact,Fully covered small-airway SEMS
PRD-D09AAAFB72,AIRWAY_STENT_SEMS_COVERED,Exact,Fully covered small-airway SEMS
PRD-6556097624,AIRWAY_STENT_SEMS_COVERED,Exact,Fully covered small-airway SEMS
PRD-99532BAC7D,AIRWAY_STENT_SEMS_COVERED,Exact,Fully covered small-airway SEMS
PRD-A8D6EE3E6F,AIRWAY_STENT_SEMS_COVERED,Exact,Fully covered small-airway SEMS
PRD-ECDF9A7AFB,AIRWAY_STENT_SEMS_COVERED,Exact,Fully covered small-airway SEMS
PRD-88100A4D7B,AIRWAY_STENT_SEMS_COVERED,Exact,Fully covered small-airway SEMS
PRD-DB10C3EACC,AIRWAY_STENT_SEMS_COVERED,Exact,Fully covered small-airway SEMS
PRD-57D0D10F0F,AIRWAY_STENT_SEMS_COVERED,Exact,Fully covered small-airway SEMS
PRD-ED3B1867AC,AIRWAY_STENT_SEMS_COVERED,Exact,Fully covered small-airway SEMS
PRD-55F29BC1F9,AIRWAY_STENT_SEMS_COVERED,Exact,Fully covered small-airway SEMS
PRD-184B3719A2,THORACENTESIS_KIT,Primary,
PRD-CC55BDA6C8,IPC_DRAINAGE_KIT,Exact,Aspira drainage supply
PRD-A5F6B25BCB,IPC_DRAINAGE_KIT,Exact,Aspira drainage supply
PRD-FB2A9A64D9,BAL_KIT,Exact,BAL convenience accessory
PRD-7F97F4EC47,BAL_KIT,Exact,BAL convenience accessory
PRD-B8D6260C23,INFLATION_DEVICE,Exact,Balloon inflation device
PRD-1D568615A4,INFLATION_DEVICE,Exact,Balloon inflation device
PRD-CF1E28501A,INFLATION_DEVICE,Exact,Balloon inflation device
PRD-DAA7B0A0DF,INFLATION_DEVICE,Exact,Balloon inflation device
PRD-60785178C9,VACUUM_LOCKING_SYRINGE,Exact,Vacuum locking syringe
PRD-17F5A03227,VACUUM_LOCKING_SYRINGE,Exact,Vacuum locking syringe
PRD-188391A3A6,VACUUM_LOCKING_SYRINGE,Exact,Vacuum locking syringe
PRD-7CAB35AC24,VACUUM_LOCKING_SYRINGE,Exact,Vacuum locking syringe
PRD-1469E79896,VACUUM_LOCKING_SYRINGE,Exact,Vacuum locking syringe
PRD-9AB8A5ECAC,BAL_KIT,Exact,BAL convenience accessory
PRD-56DF49383B,IPC_MANAGEMENT_ACCESSORY,Exact,Aspira management accessory
PRD-56DF49383B,PLEURAL_DRAINAGE_ACCESSORY,Compatible,Pleural drainage accessory
PRD-771F462726,AIRWAY_BALLOON_DILATOR,Exact,Pulmonary balloon dilator
PRD-E1B889E869,AIRWAY_BALLOON_DILATOR,Exact,Pulmonary balloon dilator
PRD-BD2D495AB7,AIRWAY_BALLOON_DILATOR,Exact,Pulmonary balloon dilator
PRD-4361785147,AIRWAY_BALLOON_DILATOR,Exact,Pulmonary balloon dilator
PRD-7ED371400F,AIRWAY_BALLOON_DILATOR,Exact,Pulmonary balloon dilator
PRD-937DC338A9,AIRWAY_BALLOON_DILATOR,Exact,Pulmonary balloon dilator
PRD-36CD5DBC39,AIRWAY_BALLOON_DILATOR,Exact,Pulmonary balloon dilator
PRD-698A0D25B4,AIRWAY_BALLOON_DILATOR,Exact,Pulmonary balloon dilator
PRD-9D5C45AA6F,AIRWAY_BALLOON_DILATOR,Exact,Pulmonary balloon dilator
PRD-1EC996BD63,AIRWAY_BALLOON_DILATOR,Exact,Pulmonary balloon dilator
PRD-E46E521D1C,AIRWAY_BALLOON_DILATOR,Exact,Pulmonary balloon dilator
PRD-6A26802196,AIRWAY_BALLOON_DILATOR,Exact,Pulmonary balloon dilator
PRD-B1E837841F,CHEST_TUBE_SMALL_BORE,Exact,Small-bore thoracostomy tray
PRD-806A35FA67,THORACENTESIS_KIT,Primary,
PRD-FCEC968C4E,THORACENTESIS_KIT,Primary,
PRD-8E8D4D1565,THORACENTESIS_KIT,Primary,
PRD-BEE0D63766,THORACENTESIS_KIT,Primary,
PRD-F5AE18C06E,THORACENTESIS_KIT,Primary,
PRD-A4575632E4,THORACENTESIS_KIT,Primary,
PRD-62FB291C50,EBUS_NEEDLE_FNA,Primary,
PRD-4A3F2CCBBF,EBUS_NEEDLE_FNA,Primary,
PRD-D44D27C76E,EBUS_NEEDLE_FNA,Primary,
PRD-AEEAFB2957,EBUS_NEEDLE_FNB,Primary,
PRD-609D197124,EBUS_NEEDLE_FNB,Primary,
PRD-B54B621217,EBUS_NEEDLE_FNB,Primary,
PRD-BA02119C36,BIOPSY_FORCEPS_FLEX,Primary,
PRD-F43B951B75,FOREIGN_BODY_BASKET,Primary,
PRD-D532D5406F,FOREIGN_BODY_BASKET,Primary,
PRD-C3FA589A20,AIRWAY_STENT_SEMS_UNCOVERED,Primary,
PRD-B865D0FAF0,AIRWAY_STENT_SEMS_UNCOVERED,Primary,
PRD-3C6D28844E,AIRWAY_STENT_SEMS_UNCOVERED,Primary,
PRD-4724EA02A3,AIRWAY_STENT_SEMS_UNCOVERED,Primary,
PRD-A64069C0A0,AIRWAY_STENT_SEMS_UNCOVERED,Primary,
PRD-C7E66C10DC,AIRWAY_STENT_SEMS_UNCOVERED,Primary,
PRD-A5971F1DE3,AIRWAY_STENT_SEMS_COVERED,Primary,
PRD-E0A45CB3A7,AIRWAY_STENT_SEMS_COVERED,Primary,
PRD-B20E716435,AIRWAY_STENT_SEMS_COVERED,Primary,
PRD-3A6898898E,AIRWAY_STENT_SEMS_COVERED,Primary,
PRD-F7981773F7,AIRWAY_STENT_SEMS_COVERED,Primary,
PRD-112FA15A7C,AIRWAY_STENT_SEMS_COVERED,Primary,
PRD-369E8F396B,AIRWAY_STENT_SEMS_COVERED,Primary,
PRD-2644946D4C,AIRWAY_STENT_SEMS_COVERED,Primary,
PRD-70A8B88A8D,AIRWAY_STENT_SEMS_COVERED,Primary,
PRD-8A6658D379,AIRWAY_STENT_SEMS_COVERED,Primary,
PRD-063913C3C0,AIRWAY_STENT_SEMS_COVERED,Primary,
PRD-7A4AE2E955,AIRWAY_STENT_SEMS_COVERED,Primary,
PRD-C9704EAA93,AIRWAY_STENT_SEMS_UNCOVERED,Primary,
PRD-045F1D520E,AIRWAY_STENT_SEMS_UNCOVERED,Primary,
PRD-87E491F131,AIRWAY_STENT_SEMS_COVERED,Primary,
PRD-CD315440D5,AIRWAY_STENT_SEMS_COVERED,Primary,
PRD-BF31F89558,AIRWAY_STENT_SEMS_COVERED,Primary,
PRD-BBEB73374B,AIRWAY_STENT_SEMS_COVERED,Primary,
PRD-D92BDB1551,AIRWAY_STENT_SEMS_COVERED,Primary,
PRD-84F7ABC615,AIRWAY_STENT_SEMS_COVERED,Primary,
PRD-148F8BC5BA,AIRWAY_STENT_SEMS_COVERED,Primary,
PRD-DF0AB82B2D,AIRWAY_STENT_SEMS_COVERED,Primary,
PRD-82CCE45D12,AIRWAY_STENT_SEMS_COVERED,Primary,
PRD-2D588804C5,AIRWAY_STENT_SEMS_COVERED,Primary,
PRD-1A0C09927F,AIRWAY_STENT_SEMS_COVERED,Primary,
PRD-0D187D741A,AIRWAY_STENT_SEMS_COVERED,Primary,
PRD-5D09EFABDD,AIRWAY_STENT_SEMS_COVERED,Primary,
PRD-61B1C43B5C,AIRWAY_STENT_SEMS_COVERED,Primary,
PRD-71D6D8E081,AIRWAY_STENT_SEMS_COVERED,Primary,
PRD-F5CEB7234A,AIRWAY_STENT_SEMS_COVERED,Primary,
PRD-89BCEE2895,AIRWAY_STENT_SEMS_COVERED,Primary,
PRD-6124E1A326,AIRWAY_STENT_SEMS_COVERED,Primary,
PRD-21832A5DCA,AIRWAY_STENT_SEMS_COVERED,Primary,
PRD-6D8A97CC06,AIRWAY_STENT_SEMS_COVERED,Primary,
PRD-ACA2322DB2,AIRWAY_STENT_SEMS_COVERED,Primary,
PRD-AAFEA61B28,AIRWAY_STENT_SEMS_COVERED,Primary,
PRD-F9EB14C69E,AIRWAY_STENT_SEMS_COVERED,Primary,
PRD-98610CE8EB,AIRWAY_STENT_SEMS_COVERED,Primary,
PRD-D5A436E755,AIRWAY_STENT_SEMS_COVERED,Primary,
PRD-0FC4F02CEE,AIRWAY_STENT_SEMS_COVERED,Primary,
PRD-900AA8F053,AIRWAY_STENT_SEMS_COVERED,Primary,
PRD-B07610EC95,AIRWAY_STENT_SEMS_COVERED,Primary,
PRD-D29CE0D10F,AIRWAY_STENT_SEMS_COVERED,Primary,
PRD-9CE203EA1C,AIRWAY_STENT_SILICONE_STRAIGHT,Primary,
PRD-62E4A72F9D,AIRWAY_STENT_SILICONE_STRAIGHT,Primary,
PRD-5070336E33,AIRWAY_STENT_SILICONE_STRAIGHT,Primary,
PRD-7051E83D62,AIRWAY_STENT_SILICONE_STRAIGHT,Primary,
PRD-CC378D0981,AIRWAY_STENT_SILICONE_STRAIGHT,Primary,
PRD-A5DD232514,AIRWAY_STENT_SILICONE_Y,Primary,
PRD-5C46BC7DA9,AIRWAY_STENT_SILICONE_Y,Primary,
PRD-3BEF064A41,STENT_APPLICATOR,Primary,
PRD-F765071278,STENT_APPLICATOR,Primary,
PRD-B5E107E3AE,STENT_APPLICATOR,Primary,
PRD-0CD8E49B3D,STENT_APPLICATOR,Primary,
PRD-7C4A3CE094,AIRWAY_STENT_SILICONE_STRAIGHT,Primary,
PRD-5E4F566AA2,RIGID_BRONCHOSCOPE_HEAD,Primary,
PRD-042B406005,RIGID_BRONCHOSCOPE_ACCESSORY,Primary,
PRD-B5644A6608,RIGID_BRONCHOSCOPE_ACCESSORY,Primary,
PRD-9EB174FBB0,RIGID_BRONCHOSCOPE_BARREL,Primary,
PRD-9C6ECA3162,RIGID_BRONCHOSCOPE_BARREL,Primary,
PRD-6D6815FAE1,RIGID_BRONCHOSCOPE_BARREL,Primary,
PRD-7677972FA0,RIGID_BRONCHOSCOPE_BARREL,Primary,
PRD-492FC6BE35,RIGID_BRONCHOSCOPE_BARREL,Primary,
PRD-93C248AE98,RIGID_BRONCHOSCOPE_ACCESSORY,Primary,
PRD-BCF7612DDB,RIGID_BRONCHOSCOPE_ACCESSORY,Primary,
PRD-D81F566A09,RIGID_BRONCHOSCOPE_ACCESSORY,Primary,
PRD-E05104FF37,RIGID_BRONCHOSCOPE_ACCESSORY,Primary,
PRD-09192221FE,RIGID_BRONCHOSCOPE_ACCESSORY,Primary,
PRD-5402A5D241,RIGID_BRONCHOSCOPE_ACCESSORY,Primary,
PRD-D5CBD6E254,RIGID_BRONCHOSCOPE_ACCESSORY,Primary,
PRD-5BA5F9BD46,RIGID_BRONCHOSCOPE_ACCESSORY,Primary,
PRD-55094F0EC3,RIGID_BRONCHOSCOPE_ACCESSORY,Primary,
PRD-BADEC639F4,RIGID_BRONCHOSCOPE_ACCESSORY,Primary,
PRD-89259B5C28,RIGID_BRONCHOSCOPE_ACCESSORY,Primary,
PRD-E0331EA66D,RIGID_BRONCHOSCOPE_ACCESSORY,Primary,
PRD-BB33BD7BE9,RIGID_BRONCHOSCOPE_ACCESSORY,Primary,
PRD-1215DE841C,RIGID_BRONCHOSCOPE_ACCESSORY,Primary,
PRD-57EB842692,RIGID_BRONCHOSCOPE_ACCESSORY,Primary,
PRD-F4B03B6DFA,RIGID_BRONCHOSCOPE_ACCESSORY,Primary,
PRD-A4793529B7,RIGID_BRONCHOSCOPE_ACCESSORY,Primary,
PRD-5BDAA5E440,RIGID_BRONCHOSCOPE_ACCESSORY,Primary,
PRD-C4480F30D2,RIGID_BRONCHOSCOPE_HEAD,Primary,
PRD-1894515971,RIGID_FORCEPS,Primary,
PRD-5A3334BDDC,RIGID_FORCEPS,Primary,
PRD-2538CEF181,RIGID_FORCEPS,Primary,
PRD-EA133128FD,RIGID_FORCEPS,Primary,
PRD-2952D06A3F,RIGID_FORCEPS,Primary,
PRD-8CDDDC5158,RIGID_FORCEPS,Primary,
PRD-A7A7DF79BA,RIGID_FORCEPS,Primary,
PRD-66110A69CE,RIGID_FORCEPS,Primary,
PRD-C6E7ED547F,RIGID_FORCEPS,Primary,
PRD-028E85E656,RIGID_FORCEPS,Primary,
PRD-2A8E02EC0E,RIGID_FORCEPS,Primary,
PRD-7B30A285F1,RIGID_FORCEPS,Primary,
PRD-66A04F5119,RIGID_FORCEPS,Primary,
PRD-631CFE65BD,RIGID_BRONCHOSCOPE_ACCESSORY,Primary,
PRD-85E1F8359A,RIGID_BRONCHOSCOPE_ACCESSORY,Primary,
PRD-F0279D2028,AIRWAY_STENT_SILICONE_STRAIGHT,Primary,
PRD-F63C06E063,AIRWAY_STENT_SILICONE_STRAIGHT,Primary,
PRD-FCAC63DE74,AIRWAY_STENT_SILICONE_STRAIGHT,Primary,
PRD-5A54E4A232,AIRWAY_STENT_SILICONE_STRAIGHT,Primary,
PRD-DA69A8016A,AIRWAY_STENT_SILICONE_STRAIGHT,Primary,
PRD-1339050168,AIRWAY_STENT_SILICONE_STRAIGHT,Primary,
PRD-81E1C78F57,AIRWAY_STENT_SILICONE_STRAIGHT,Primary,
PRD-1F9597C1B1,AIRWAY_STENT_SILICONE_STRAIGHT,Primary,
PRD-E13F890A8D,AIRWAY_STENT_SILICONE_STRAIGHT,Primary,
PRD-94C76DB87E,AIRWAY_STENT_SILICONE_STRAIGHT,Primary,
PRD-E03ACFD7C6,AIRWAY_STENT_SILICONE_STRAIGHT,Primary,
PRD-9FDA372767,AIRWAY_STENT_SILICONE_STRAIGHT,Primary,
PRD-24BB958E53,AIRWAY_STENT_SILICONE_STRAIGHT,Primary,
PRD-35D1C951DD,AIRWAY_STENT_SILICONE_STRAIGHT,Primary,
PRD-8C4F3E180E,AIRWAY_STENT_SILICONE_STRAIGHT,Primary,
PRD-946F2F821B,AIRWAY_STENT_SILICONE_STRAIGHT,Primary,
PRD-7C94BF3D70,AIRWAY_STENT_SILICONE_STRAIGHT,Primary,
PRD-704850C991,AIRWAY_STENT_SILICONE_STRAIGHT,Primary,
PRD-50F36C0CF9,AIRWAY_STENT_SILICONE_STRAIGHT,Primary,
PRD-394135E376,AIRWAY_STENT_SILICONE_STRAIGHT,Primary,
PRD-57CB9C3B69,AIRWAY_STENT_SILICONE_STRAIGHT,Primary,
PRD-014290DBD6,AIRWAY_STENT_SILICONE_STRAIGHT,Primary,
PRD-0B65831FF3,AIRWAY_STENT_SILICONE_STRAIGHT,Primary,
PRD-83292E8BA3,AIRWAY_STENT_SILICONE_STRAIGHT,Primary,
PRD-69CC9C6D05,AIRWAY_STENT_SILICONE_STRAIGHT,Primary,
PRD-E91BAEC04F,AIRWAY_STENT_SILICONE_STRAIGHT,Primary,
PRD-246C3ADE5E,AIRWAY_STENT_SILICONE_STRAIGHT,Primary,
PRD-B4AC755EAE,AIRWAY_STENT_SILICONE_STRAIGHT,Primary,
PRD-861D4EA14A,AIRWAY_STENT_SILICONE_STRAIGHT,Primary,
PRD-ACB6E2620B,AIRWAY_STENT_SILICONE_STRAIGHT,Primary,
PRD-128B8E1F80,AIRWAY_STENT_SILICONE_STRAIGHT,Primary,
PRD-39EB1A695C,AIRWAY_STENT_SILICONE_STRAIGHT,Primary,
PRD-5955133BB7,AIRWAY_STENT_SILICONE_STRAIGHT,Primary,
PRD-C4EB1DBADB,AIRWAY_STENT_SILICONE_STRAIGHT,Primary,
PRD-1C368932FF,AIRWAY_STENT_SILICONE_STRAIGHT,Primary,
PRD-F2F9633FBF,AIRWAY_STENT_SILICONE_STRAIGHT,Primary,
PRD-23D7DAB53A,AIRWAY_STENT_SILICONE_STRAIGHT,Primary,
PRD-00FC2A29AC,AIRWAY_STENT_SILICONE_STRAIGHT,Primary,
PRD-5A90A3DABC,AIRWAY_STENT_SILICONE_STRAIGHT,Primary,
PRD-AC566D2949,AIRWAY_STENT_SILICONE_STRAIGHT,Primary,
PRD-BE0B6A0B53,AIRWAY_STENT_SILICONE_STRAIGHT,Primary,
PRD-8532C675A6,AIRWAY_STENT_SILICONE_STRAIGHT,Primary,
PRD-EC55EE1E59,AIRWAY_STENT_SILICONE_STRAIGHT,Primary,
PRD-E07985974F,AIRWAY_STENT_SILICONE_STRAIGHT,Primary,
PRD-BE121B185B,AIRWAY_STENT_SILICONE_STRAIGHT,Primary,
PRD-6A9E4504F4,AIRWAY_STENT_SILICONE_STRAIGHT,Primary,
PRD-F54BF5D38E,AIRWAY_STENT_SILICONE_STRAIGHT,Primary,
PRD-FE7880EF7E,AIRWAY_STENT_SILICONE_STRAIGHT,Primary,
PRD-DC7E693F2A,AIRWAY_STENT_SILICONE_STRAIGHT,Primary,
PRD-81D89E1E76,AIRWAY_STENT_SILICONE_STRAIGHT,Primary,
PRD-B5A96A4F81,AIRWAY_STENT_SILICONE_STRAIGHT,Primary,
PRD-29DCCCAF2B,AIRWAY_STENT_SILICONE_STRAIGHT,Primary,
PRD-A412BD40C1,AIRWAY_STENT_SILICONE_STRAIGHT,Primary,
PRD-E04E24D3CD,AIRWAY_STENT_SILICONE_STRAIGHT,Primary,
PRD-B226B5873B,AIRWAY_STENT_SILICONE_STRAIGHT,Primary,
PRD-3D383F0834,AIRWAY_STENT_SILICONE_STRAIGHT,Primary,
PRD-7C4B36F5CB,AIRWAY_STENT_SILICONE_STRAIGHT,Primary,
PRD-A9C2F393B9,AIRWAY_STENT_SILICONE_STRAIGHT,Primary,
PRD-231DEF421E,AIRWAY_STENT_SILICONE_STRAIGHT,Primary,
PRD-5AD92B5438,AIRWAY_STENT_SILICONE_STRAIGHT,Primary,
PRD-241E54356E,AIRWAY_STENT_SILICONE_STRAIGHT,Primary,
PRD-42804464C2,AIRWAY_STENT_SILICONE_STRAIGHT,Primary,
PRD-408A683593,AIRWAY_STENT_SILICONE_STRAIGHT,Primary,
PRD-CEFAA61748,AIRWAY_STENT_SILICONE_STRAIGHT,Primary,
PRD-D76BFAD4AA,AIRWAY_STENT_SILICONE_STRAIGHT,Primary,
PRD-66935DEE7B,AIRWAY_STENT_SILICONE_STRAIGHT,Primary,
PRD-15E6B259A7,AIRWAY_STENT_SILICONE_STRAIGHT,Primary,
PRD-2E1A3E4B68,AIRWAY_STENT_SILICONE_STRAIGHT,Primary,
PRD-3FF143180F,AIRWAY_STENT_SILICONE_STRAIGHT,Primary,
PRD-48CBAB53FF,AIRWAY_STENT_SILICONE_STRAIGHT,Primary,
PRD-48EEBAD727,AIRWAY_STENT_SILICONE_STRAIGHT,Primary,
PRD-DBCBF4AF27,AIRWAY_STENT_SILICONE_STRAIGHT,Primary,
PRD-C7B4627CB2,AIRWAY_STENT_SILICONE_STRAIGHT,Primary,
PRD-4D5E28D425,AIRWAY_STENT_SILICONE_STRAIGHT,Primary,
PRD-44A6CBF184,AIRWAY_STENT_SILICONE_STRAIGHT,Primary,
PRD-FA325AD5F8,AIRWAY_STENT_SILICONE_STRAIGHT,Primary,
PRD-87011FE827,AIRWAY_STENT_SILICONE_STRAIGHT,Primary,
PRD-0D2C2802C8,AIRWAY_STENT_SILICONE_STRAIGHT,Primary,
PRD-7359DC8555,AIRWAY_STENT_SILICONE_STRAIGHT,Primary,
PRD-6BE691A444,AIRWAY_STENT_SILICONE_STRAIGHT,Primary,
PRD-2C8EBB26DF,AIRWAY_STENT_SILICONE_STRAIGHT,Primary,
PRD-26349CF364,AIRWAY_STENT_SILICONE_STRAIGHT,Primary,
PRD-64B1BB919D,AIRWAY_STENT_SILICONE_STRAIGHT,Primary,
PRD-32203FFD61,AIRWAY_STENT_SILICONE_STRAIGHT,Primary,
PRD-6AE3D5D976,AIRWAY_STENT_SILICONE_STRAIGHT,Primary,
PRD-44839F0522,AIRWAY_STENT_SILICONE_STRAIGHT,Primary,
PRD-ACF77D4FD4,AIRWAY_STENT_SILICONE_STRAIGHT,Primary,
PRD-F010140B5E,AIRWAY_STENT_SILICONE_STRAIGHT,Primary,
PRD-08C3139357,AIRWAY_STENT_SILICONE_STRAIGHT,Primary,
PRD-26A160D11E,AIRWAY_STENT_SILICONE_STRAIGHT,Primary,
PRD-071D7736C1,AIRWAY_STENT_SILICONE_STRAIGHT,Primary,
PRD-457AC85266,AIRWAY_STENT_SILICONE_STRAIGHT,Primary,
PRD-9CE6425CE0,AIRWAY_STENT_SILICONE_STRAIGHT,Primary,
PRD-863ABAE464,AIRWAY_STENT_SILICONE_STRAIGHT,Primary,
PRD-65A15D079A,AIRWAY_STENT_SILICONE_STRAIGHT,Primary,
PRD-5ACC570E45,AIRWAY_STENT_SILICONE_STRAIGHT,Primary,
PRD-FD2FA688FB,AIRWAY_STENT_SILICONE_STRAIGHT,Primary,
PRD-F527A8F44E,AIRWAY_STENT_SILICONE_STRAIGHT,Primary,
PRD-102569C82C,AIRWAY_STENT_SILICONE_STRAIGHT,Primary,
PRD-70B22ED90D,AIRWAY_STENT_SILICONE_HOURGLASS,Primary,
PRD-D630FEC072,AIRWAY_STENT_SILICONE_HOURGLASS,Primary,
PRD-32BD35D821,AIRWAY_STENT_SILICONE_HOURGLASS,Primary,
PRD-CB29EF7937,AIRWAY_STENT_SILICONE_HOURGLASS,Primary,
PRD-D1DCE936D2,TALC_POUDRAGE_KIT,Primary,
PRD-EB27F8D657,TALC_VIAL,Primary,
PRD-8C6A6B2ACE,TALC_VIAL,Primary,
PRD-E37704D087,RIGID_FORCEPS,Primary,
PRD-07EA3DD76E,RIGID_SUCTION_CATHETER,Primary,
PRD-B98EADB33D,RIGID_SUCTION_CATHETER,Primary,
PRD-5A28AF1C52,RIGID_SUCTION_CATHETER,Primary,
PRD-952A7B928E,RIGID_SUCTION_CATHETER,Primary,
PRD-E00759020E,AIRWAY_STENT_SILICONE_Y,Primary,
PRD-6A53041E10,AIRWAY_STENT_SILICONE_Y,Primary,
PRD-E9AD59995F,AIRWAY_STENT_SILICONE_Y,Primary,
PRD-7A1E356519,AIRWAY_STENT_SILICONE_Y,Primary,
PRD-039120780F,EBV_SIZING_BALLOON,Primary,
PRD-6B70F708B5,EBV_SIZING_BALLOON,Primary,
PRD-1292C69B1E,CYTOLOGY_BRUSH,Primary,
PRD-4C745881F9,CYTOLOGY_BRUSH,Primary,
PRD-E7724A6977,CYTOLOGY_BRUSH,Primary,
PRD-B091070F8D,CYTOLOGY_BRUSH,Primary,
PRD-B2C431C0F9,CYTOLOGY_BRUSH,Primary,
PRD-5831011F6E,CYTOLOGY_BRUSH,Primary,
PRD-CB09A823A5,CYTOLOGY_BRUSH,Exact,Cytology brush
PRD-212CEA70A3,FLEX_SCOPE_SINGLE_USE,Primary,
PRD-34895D701B,FLEX_SCOPE_DIAGNOSTIC,Primary,
PRD-34895D701B,FLEX_SCOPE_SINGLE_USE,Primary,
PRD-7C8F860816,FLEX_SCOPE_DIAGNOSTIC,Primary,
PRD-7C8F860816,FLEX_SCOPE_SINGLE_USE,Primary,
PRD-9CE6992373,FLEX_SCOPE_SINGLE_USE,Primary,
PRD-9CE6992373,FLEX_SCOPE_THERAPEUTIC,Primary,
PRD-BC936E9D71,FLEX_SCOPE_SINGLE_USE,Primary,
PRD-BC936E9D71,FLEX_SCOPE_THERAPEUTIC,Primary,
PRD-4A04124FF2,FLEX_SCOPE_THERAPEUTIC,Primary,
PRD-D6F54A6D11,FLEX_SCOPE_DIAGNOSTIC,Primary,
PRD-CB1622624D,FLEX_SCOPE_DIAGNOSTIC,Exact,Reusable diagnostic/peripheral bronchoscope
PRD-AD22EAA0EC,FLEX_SCOPE_DIAGNOSTIC,Primary,
PRD-2FFEEB98B2,EBUS_SCOPE,Primary,
PRD-88DA368B9C,FLEX_SCOPE_DIAGNOSTIC,Exact,Reusable diagnostic/peripheral bronchoscope
PRD-E1E020F3BF,ENDOSCOPE_CLEANING_BRUSH,Primary,
PRD-DD8657352D,ENDOSCOPE_CLEANING_BRUSH,Primary,
PRD-D49EB30A21,ENDOSCOPE_CLEANING_BRUSH,Primary,
PRD-D771E6D06A,ENDOSCOPE_CLEANING_BRUSH,Primary,
PRD-2EAA2EFE2C,ENDOSCOPE_CLEANING_BRUSH,Primary,
PRD-707B8A1974,GUIDING_DEVICE,Primary,
PRD-CEED2FDA83,VIDEO_PROCESSOR,Primary,
PRD-AE9BC99FAA,VIDEO_PROCESSOR,Primary,
PRD-E04326B8E4,ULTRASOUND_PROCESSOR,Primary,
PRD-2B8AACAB67,ULTRASOUND_PROCESSOR,Exact,Radial EBUS ultrasound center
PRD-882E06A5A9,BIOPSY_FORCEPS_FLEX,Primary,
PRD-9CFCC838A3,BIOPSY_FORCEPS_FLEX,Primary,
PRD-E7FAE36160,BIOPSY_FORCEPS_FLEX,Primary,
PRD-EF6C5DE6CC,BIOPSY_FORCEPS_FLEX,Primary,
PRD-B76CB39194,PLEURAL_BIOPSY_FORCEPS,Primary,
PRD-2C4537F4D4,BIOPSY_FORCEPS_FLEX,Primary,
PRD-3D26E84017,BIOPSY_FORCEPS_FLEX,Primary,
PRD-58DE7D49C4,BIOPSY_FORCEPS_FLEX,Primary,
PRD-D630438171,FOREIGN_BODY_FORCEPS_FLEX,Primary,
PRD-2677F0C69F,FOREIGN_BODY_FORCEPS_FLEX,Primary,
PRD-D5A6823E45,FOREIGN_BODY_FORCEPS_FLEX,Primary,
PRD-C88B1CD284,FOREIGN_BODY_FORCEPS_FLEX,Primary,
PRD-C2CB78AC4C,FOREIGN_BODY_BASKET,Primary,
PRD-9C633556C2,FOREIGN_BODY_FORCEPS_FLEX,Primary,
PRD-BEB189750B,FOREIGN_BODY_FORCEPS_FLEX,Primary,
PRD-0790420A76,GUIDE_SHEATH_KIT,Primary,
PRD-E2EB4E573F,GUIDE_SHEATH_KIT,Primary,
PRD-6D7A0E9DA8,GUIDE_SHEATH_KIT,Exact,Peripheral guide sheath kit
PRD-6FF6668D03,GUIDE_SHEATH_KIT,Exact,Peripheral guide sheath kit
PRD-592787DB28,ENDOSCOPIC_SUCTION_PUMP,Compatible,Platform accessory
PRD-6B67179C61,ENDOSCOPIC_SUCTION_PUMP,Compatible,Platform accessory
PRD-4C3147DF15,ENDOSCOPY_CART,Compatible,Platform accessory
PRD-6EA4535CE1,ENDOSCOPY_CART,Compatible,Platform accessory
PRD-8106E78F85,ENDOSCOPY_CART,Compatible,Platform accessory
PRD-1266378787,ENDOSCOPY_CART,Compatible,Platform accessory
PRD-2103064DB9,ENDOSCOPY_CART,Compatible,Platform accessory
PRD-1E9BA85FC4,ENDOSCOPY_CART,Compatible,Platform accessory
PRD-225513EE42,ENDOSCOPY_CART,Compatible,Platform accessory
PRD-136C288332,ENDOSCOPY_CART,Compatible,Platform accessory
PRD-FE1DBA6966,ENDOSCOPY_CART,Compatible,Platform accessory
PRD-F376B6A68F,ENDOSCOPY_CART,Compatible,Platform accessory
PRD-6D6EEB24B8,ENDOSCOPY_CART,Compatible,Platform accessory
PRD-1840ABC86D,ENDOSCOPIC_SUCTION_PUMP,Compatible,Platform accessory
PRD-104DF655AD,ENDOSCOPIC_SUCTION_PUMP,Exact,Endoscopic suction pump
PRD-ADAEAEFCA8,PLEUROSCOPE,Primary,
PRD-5EF986AAB1,BITE_BLOCK,Primary,
PRD-A7209784C9,PLEUROSCOPY_TROCAR,Primary,
PRD-75E555BC77,CO2_INSUFFLATOR,Compatible,Platform accessory
PRD-48AEE784DD,CO2_INSUFFLATOR,Compatible,Platform accessory
PRD-CC458478A5,CO2_INSUFFLATOR,Compatible,Platform accessory
PRD-705623F89A,ENDOSCOPE_CLEANING_BRUSH,Primary,
PRD-C094F5AF07,EBUS_BALLOON,Primary,
PRD-EB1A3E8F85,EBUS_NEEDLE_ADAPTER,Primary,
PRD-426476A0AB,BITE_BLOCK,Primary,
PRD-2C2F29762E,ENDOSCOPIC_IRRIGATION_PUMP,Compatible,Platform accessory
PRD-1B9BB00FC8,ENDOSCOPIC_IRRIGATION_PUMP,Compatible,Platform accessory
PRD-34BAA70074,RADIAL_EBUS_DRIVE_UNIT,Exact,Radial EBUS probe drive unit
PRD-B3B30BCEE7,ULTRASOUND_CABLE,Primary,
PRD-DF1BEBD0C9,EBUS_NEEDLE_FNA,Primary,
PRD-664CA0CB26,EBUS_NEEDLE_FNA,Primary,
PRD-E393622AEC,EBUS_NEEDLE_FNA,Primary,
PRD-365451442E,EBUS_NEEDLE_FNA,Primary,
PRD-A457429809,TBNA_NEEDLE,Primary,
PRD-D4228B0E6F,TBNA_NEEDLE,Primary,
PRD-25415AA480,TBNA_NEEDLE,Primary,
PRD-7E601C1D9F,TBNA_NEEDLE,Primary,
PRD-77145058F8,TBNA_NEEDLE,Primary,
PRD-5788C21B1E,TBNA_NEEDLE,Primary,
PRD-B9CF43923C,EBUS_NEEDLE_FNA,Primary,
PRD-1BCD8D38BC,EBUS_NEEDLE_FNA,Primary,
PRD-2EBBDD96EC,EBUS_NEEDLE_FNA,Primary,
PRD-6D9A7A7E79,EBUS_NEEDLE_FNA,Primary,
PRD-0D6E4DB711,EBUS_NEEDLE_FNA,Primary,
PRD-0D6E4DB711,EBUS_NEEDLE_FNB,Primary,
PRD-B5FC89830C,ENDOSCOPY_MONITOR,Exact,Endoscopy monitor
PRD-F510911B2C,ENDOSCOPIC_IRRIGATION_PUMP,Exact,Endoscopic irrigation pump
PRD-150ECDCD05,ENDOSCOPIC_SUCTION_PUMP,Exact,Endoscopic suction pump
PRD-A85A76CB3E,EBV_DELIVERY_CATHETER,Primary,
PRD-34234ED158,EBV_VALVE,Primary,
PRD-B9B15302A7,EBV_VALVE,Primary,
PRD-0A2A8CB33F,EBV_VALVE,Primary,
PRD-69DB2A28A9,EBV_VALVE,Primary,
PRD-6D6BE53B9B,EBV_SIZING_KIT,Primary,
PRD-EA1D57AC9A,VIDEO_PROCESSOR,Primary,
PRD-5CF4A24299,ENDOSCOPY_CART,Primary,
PRD-AACBA3F0AD,CO2_INSUFFLATOR,Exact,CO2 insufflator
PRD-DF5BFBB99D,RADIAL_EBUS_PROBE,Exact,Radial EBUS miniature probe
PRD-2E043ED827,RADIAL_EBUS_PROBE,Exact,Radial EBUS miniature probe
PRD-12CFCE9A6C,ENDOSCOPY_CART,Exact,Endoscopy workstation
PRD-047902FA9C,ENDOSCOPY_CART,Exact,Endoscopy workstation
PRD-6C43A37366,EBV_VALVE,Primary,
PRD-02AD30BCD3,EBV_VALVE,Primary,
PRD-C12AB8BEA4,EBV_VALVE,Primary,
PRD-FDC723362C,EBV_VALVE,Primary,
PRD-6EE929E70C,EBV_DELIVERY_CATHETER,Primary,
PRD-737BCEA43F,EBV_DELIVERY_CATHETER,Primary,
PRD-0A72BF7A79,EBV_DELIVERY_CATHETER,Primary,
PRD-76C2832C18,RIGID_BRONCHOSCOPE_ACCESSORY,Exact,Flexible bronchoscope accessory
PRD-4A329E27C5,RIGID_BRONCHOSCOPE_ACCESSORY,Exact,Flexible bronchoscope accessory
PRD-ED5A6147B6,RIGID_BRONCHOSCOPE_ACCESSORY,Exact,Flexible bronchoscope accessory
PRD-5941DF2464,RIGID_BRONCHOSCOPE_ACCESSORY,Exact,Flexible bronchoscope accessory
PRD-BFAC46626D,RIGID_BRONCHOSCOPE_ACCESSORY,Exact,Rigid bronchoscope accessory
PRD-E353F2E250,RIGID_BRONCHOSCOPE_ACCESSORY,Exact,Flexible bronchoscope accessory
PRD-B9B63919B0,RIGID_BRONCHOSCOPE_ACCESSORY,Exact,Flexible bronchoscope accessory
PRD-CB102A8291,RIGID_BRONCHOSCOPE_ACCESSORY,Exact,Flexible bronchoscope accessory
PRD-5B0D81C458,RIGID_BRONCHOSCOPE_ACCESSORY,Exact,Flexible bronchoscope accessory
PRD-695162DE9E,RIGID_BRONCH_SHAVER,Exact,Rigid bronchoscopic shaver console
PRD-9B0EE44246,RIGID_BRONCH_SHAVER,Exact,Rigid bronchoscopic shaver accessory
PRD-FCD805E954,RIGID_BRONCHOSCOPE_ACCESSORY,Exact,Rigid bronchoscopy suction/accessory
PRD-5CD03F0708,RIGID_BRONCHOSCOPE_ACCESSORY,Exact,Flexible bronchoscope accessory
PRD-CE23D2A34E,VIDEO_PROCESSOR,Exact,Video processor
PRD-1F54DB1DE4,FLEX_SCOPE_DIAGNOSTIC,Exact,Flexible sensor bronchoscope
PRD-2616E505ED,ENDOSCOPE_CLEANING_BRUSH,Exact,Endoscope cleaning accessory
PRD-4BD7E911C3,ENDOSCOPE_CLEANING_BRUSH,Exact,Endoscope cleaning accessory
PRD-9C1CF84490,RIGID_BRONCHOSCOPE_ACCESSORY,Exact,Rigid bronchoscope accessory
PRD-473C35E94F,RIGID_BRONCHOSCOPE_ACCESSORY,Exact,Rigid bronchoscope accessory
PRD-83DE1D08C4,RIGID_BRONCHOSCOPE_ACCESSORY,Exact,Rigid bronchoscope accessory
PRD-18D62EB4E8,ENDOSCOPY_LIGHT_CABLE,Exact,Endoscopy light cable
PRD-2DBF0805A2,RIGID_BRONCHOSCOPE_ACCESSORY,Exact,Rigid bronchoscope accessory
PRD-993274DBA5,RIGID_BRONCHOSCOPE_ACCESSORY,Exact,Rigid bronchoscope accessory
PRD-25D4F080A3,RIGID_BRONCHOSCOPE_ACCESSORY,Exact,Rigid bronchoscope accessory
PRD-125BCF3BDD,RIGID_BRONCHOSCOPE_BARREL,Exact,Rigid bronchoscope/tracheoscope tube
PRD-598FB0AD5D,RIGID_BRONCHOSCOPE_BARREL,Exact,Rigid bronchoscope/tracheoscope tube
PRD-B4FCC0198A,RIGID_BRONCHOSCOPE_BARREL,Exact,Rigid bronchoscope/tracheoscope tube
PRD-18F33007D6,RIGID_BRONCHOSCOPE_BARREL,Exact,Rigid bronchoscope/tracheoscope tube
PRD-7B69AB81B4,RIGID_BRONCHOSCOPE_BARREL,Exact,Rigid bronchoscope/tracheoscope tube
PRD-5C40D8FE80,RIGID_BRONCHOSCOPE_BARREL,Exact,Rigid bronchoscope/tracheoscope tube
PRD-E4277B23A8,RIGID_BRONCHOSCOPE_BARREL,Exact,Rigid bronchoscope/tracheoscope tube
PRD-1DCE96086D,RIGID_BRONCHOSCOPE_BARREL,Exact,Rigid bronchoscope/tracheoscope tube
PRD-53FF14A0C3,RIGID_BRONCHOSCOPE_BARREL,Exact,Rigid bronchoscope/tracheoscope tube
PRD-A0214EBAC0,RIGID_BRONCHOSCOPE_BARREL,Exact,Rigid bronchoscope/tracheoscope tube
PRD-CB5FB20E4F,RIGID_BRONCHOSCOPE_BARREL,Exact,Rigid bronchoscope/tracheoscope tube
PRD-91BFC52CEC,RIGID_BRONCHOSCOPE_BARREL,Exact,Rigid bronchoscope/tracheoscope tube
PRD-DE28F9BAFD,RIGID_BRONCHOSCOPE_BARREL,Exact,Rigid bronchoscope/tracheoscope tube
PRD-36F32A458B,RIGID_BRONCHOSCOPE_ACCESSORY,Exact,Rigid bronchoscope telescope adapter
PRD-2EB4F34219,RIGID_BRONCHOSCOPE_ACCESSORY,Exact,Rigid bronchoscope telescope adapter
PRD-5C35FB169D,RIGID_BRONCHOSCOPE_ACCESSORY,Exact,Rigid bronchoscope telescope adapter
PRD-A3EBA86219,RIGID_BRONCHOSCOPE_ACCESSORY,Exact,Rigid bronchoscope telescope adapter
PRD-97B68B1ECE,RIGID_BRONCHOSCOPE_ACCESSORY,Exact,Rigid bronchoscope accessory
PRD-388B36D2E2,RIGID_FORCEPS,Exact,Articulated rigid bronchoscopic instrument
PRD-0BA1BB5296,RIGID_FORCEPS,Exact,Articulated rigid bronchoscopic instrument
PRD-027269F110,RIGID_FORCEPS,Exact,Articulated rigid bronchoscopic instrument
PRD-543E5F36B7,RIGID_BIPOLAR_FORCEPS,Exact,Rigid bipolar forceps component
PRD-7E9D9CEC94,RIGID_BIPOLAR_FORCEPS,Exact,Rigid bipolar forceps component
PRD-F7968862EF,RIGID_BIPOLAR_FORCEPS,Exact,Rigid bipolar forceps component
PRD-7058C81A50,RIGID_BRONCHOSCOPE_ACCESSORY,Exact,Rigid bronchoscope accessory
PRD-AEB8017EDB,RIGID_BRONCHOSCOPE_ACCESSORY,Exact,Rigid bronchoscope accessory
PRD-6CB8BD3445,PLEURAL_BIOPSY_FORCEPS,Exact,Thoracoscopy instrument
PRD-A8A5497344,PLEURAL_BIOPSY_FORCEPS,Exact,Thoracoscopy instrument
PRD-529E58AC8C,PLEURAL_BIOPSY_FORCEPS,Exact,Thoracoscopy instrument
PRD-023092D446,PLEURAL_BIOPSY_FORCEPS,Exact,Thoracoscopy instrument
PRD-2BD5C6261D,PLEURAL_BIOPSY_FORCEPS,Exact,Thoracoscopy instrument
PRD-9C5FCF73E5,PLEURAL_BIOPSY_FORCEPS,Exact,Thoracoscopy instrument
PRD-6D2D08656C,PLEURAL_BIOPSY_FORCEPS,Exact,Thoracoscopy instrument
PRD-759CE9B00A,THORACOSCOPY_SCISSORS,Exact,Thoracoscopy instrument
PRD-24AE19F5D2,THORACOSCOPY_SCISSORS,Exact,Thoracoscopy instrument
PRD-58CFB02C8E,PLEURAL_BIOPSY_FORCEPS,Exact,Thoracoscopy instrument
PRD-901A1A1C5C,PLEURAL_BIOPSY_FORCEPS,Exact,Thoracoscopy instrument
PRD-F6BB76BECF,PLEURAL_BIOPSY_FORCEPS,Exact,Thoracoscopy instrument
PRD-635FE10D65,PLEURAL_BIOPSY_FORCEPS,Exact,Thoracoscopy instrument
PRD-54CEDAAE5B,RIGID_BRONCHOSCOPE_HEAD,Exact,Rigid bronchoscope head
PRD-AC9CC6E8A4,RIGID_BRONCHOSCOPE_HEAD,Exact,Rigid bronchoscope head
PRD-0F20768341,RIGID_BRONCHOSCOPE_HEAD,Exact,Rigid bronchoscope optical element
PRD-123BAC018B,RIGID_TELESCOPE,Exact,Rigid bronchoscopy telescope
PRD-FEA0F47B62,RIGID_TELESCOPE,Exact,Rigid bronchoscopy telescope
PRD-924AFC41F8,RIGID_BRONCHOSCOPE_BARREL,Exact,Rigid bronchoscope/tracheoscope tube
PRD-B077E82907,RIGID_BRONCHOSCOPE_BARREL,Exact,Rigid bronchoscope/tracheoscope tube
PRD-5E6845A633,RIGID_BRONCHOSCOPE_BARREL,Exact,Rigid bronchoscope/tracheoscope tube
PRD-095515E20C,RIGID_BRONCHOSCOPE_BARREL,Exact,Rigid bronchoscope/tracheoscope tube
PRD-59D2DF4F88,RIGID_BRONCHOSCOPE_BARREL,Exact,Rigid bronchoscope/tracheoscope tube
PRD-00C13A59AA,RIGID_BRONCHOSCOPE_BARREL,Exact,Rigid bronchoscope/tracheoscope tube
PRD-523148A737,RIGID_BRONCHOSCOPE_BARREL,Exact,Rigid bronchoscope/tracheoscope tube
PRD-D18E672989,RIGID_BRONCHOSCOPE_BARREL,Exact,Rigid bronchoscope/tracheoscope tube
PRD-3C756110F0,RIGID_BRONCHOSCOPE_BARREL,Exact,Rigid bronchoscope/tracheoscope tube
PRD-2EB7F5EEC1,RIGID_BRONCHOSCOPE_BARREL,Exact,Rigid bronchoscope/tracheoscope tube
PRD-41F9791461,RIGID_FORCEPS,Exact,Optical rigid bronchoscopy forceps
PRD-3A4F408F18,RIGID_FORCEPS,Exact,Optical rigid bronchoscopy forceps
PRD-663E85AB45,RIGID_FORCEPS,Exact,Optical rigid bronchoscopy forceps
PRD-D217637957,RIGID_FORCEPS,Exact,Optical rigid bronchoscopy forceps
PRD-891A7CBCBC,RIGID_FORCEPS,Exact,Optical rigid bronchoscopy forceps
PRD-7EAB3D4582,RIGID_FORCEPS,Exact,Optical rigid bronchoscopy forceps
PRD-FF384E6481,RIGID_FORCEPS,Exact,Optical rigid bronchoscopy forceps
PRD-6B09435B5B,RIGID_FORCEPS,Exact,Optical rigid bronchoscopy forceps
PRD-14D0927E5A,RIGID_FORCEPS,Exact,Optical rigid bronchoscopy forceps
PRD-8337850C95,RIGID_FORCEPS,Exact,Optical rigid bronchoscopy forceps
PRD-167A020826,RIGID_FORCEPS,Exact,Optical rigid bronchoscopy forceps
PRD-E6B6E0ACC5,RIGID_BRONCHOSCOPE_ACCESSORY,Exact,Rigid bronchoscope accessory
PRD-96993E6593,RIGID_BRONCH_SHAVER,Exact,Rigid bronchoscopic shaver instrument
PRD-1C81CBF06E,RIGID_BRONCH_SHAVER,Exact,Rigid bronchoscopic shaver instrument
PRD-7CDBD7C74A,RIGID_BRONCH_SHAVER,Exact,Rigid bronchoscopic shaver instrument
PRD-DCD7CC99AF,RIGID_BRONCH_SHAVER,Exact,Rigid bronchoscopic shaver instrument
PRD-0F30F277C1,FOREIGN_BODY_FORCEPS_FLEX,Exact,Flexible bronchoscopy instrument
PRD-75434A8582,RIGID_FORCEPS,Exact,Rigid bronchoscopy forceps
PRD-CE081B3A72,RIGID_FORCEPS,Exact,Rigid bronchoscopy forceps
PRD-716AA24BEF,RIGID_FORCEPS,Exact,Rigid bronchoscopy forceps
PRD-AF3652245F,RIGID_FORCEPS,Exact,Rigid bronchoscopy forceps
PRD-6C99AA9B16,RIGID_FORCEPS,Exact,Rigid bronchoscopy forceps
PRD-C717487CFD,RIGID_FORCEPS,Exact,Rigid bronchoscopy forceps
PRD-0C13E4001B,RIGID_FORCEPS,Exact,Rigid bronchoscopy forceps
PRD-AE3B2BA40B,RIGID_FORCEPS,Exact,Rigid bronchoscopy forceps
PRD-C01DCF9726,RIGID_FORCEPS,Exact,Rigid bronchoscopy forceps
PRD-4298F66678,RIGID_FORCEPS,Exact,Rigid bronchoscopy forceps
PRD-ED98C24F0E,RIGID_FORCEPS,Exact,Rigid bronchoscopy forceps
PRD-FB1867A930,RIGID_FORCEPS,Exact,Rigid bronchoscopy forceps
PRD-A2F4A953C4,BIOPSY_FORCEPS_FLEX,Exact,Flexible bronchoscopy instrument
PRD-985ACD0324,RIGID_BRONCHOSCOPE_ACCESSORY,Exact,Flexible bronchoscope accessory
PRD-53805EF31F,RIGID_SUCTION_CATHETER,Exact,Rigid bronchoscopy suction/accessory
PRD-0BCFAC0926,RIGID_BRONCHOSCOPE_ACCESSORY,Exact,Rigid bronchoscopy suction/accessory
PRD-3FE0E7E391,RIGID_BRONCHOSCOPE_ACCESSORY,Exact,Rigid bronchoscopy suction/accessory
PRD-DFDC63935D,RIGID_BRONCHOSCOPE_ACCESSORY,Exact,Rigid bronchoscopy suction/accessory
PRD-EEA17CA0DB,THORACOSCOPY_PROBE,Exact,Thoracoscopy surgical probe
PRD-0E6A5953F1,THORACOSCOPY_PROBE,Exact,Thoracoscopy surgical probe
PRD-B94F3A417B,THORACOSCOPY_PROBE,Exact,Thoracoscopy surgical probe
PRD-5D118F7388,RIGID_BIPOLAR_FORCEPS,Exact,Rigid bipolar forceps component
PRD-D58A0A54AA,RIGID_BRONCH_SHAVER,Exact,Rigid bronchoscopic shaver instrument
PRD-C32CFEC594,RIGID_TELESCOPE,Exact,Rigid bronchoscopy telescope
PRD-058B06F45B,RIGID_FORCEPS,Exact,Optical rigid bronchoscopy forceps
PRD-F1DC24ED97,RIGID_FORCEPS,Exact,Optical rigid bronchoscopy forceps
PRD-7F94CAD8E8,RIGID_FORCEPS,Exact,Optical rigid bronchoscopy forceps
PRD-D736275364,RIGID_TELESCOPE,Exact,Rigid bronchoscopy telescope
PRD-50AAFE240E,RIGID_TELESCOPE,Exact,Rigid bronchoscopy telescope
PRD-DFBA1DB7E3,RIGID_FORCEPS,Exact,Optical rigid bronchoscopy forceps
PRD-F40F385751,RIGID_FORCEPS,Exact,Optical rigid bronchoscopy forceps
PRD-7563085A90,RIGID_FORCEPS,Exact,Optical rigid bronchoscopy forceps
PRD-4F06212417,RIGID_FORCEPS,Exact,Optical rigid bronchoscopy forceps
PRD-4DBE64B0DA,RIGID_FORCEPS,Exact,Optical rigid bronchoscopy forceps
PRD-CB9242F78E,RIGID_FORCEPS,Exact,Optical rigid bronchoscopy forceps
PRD-0577F2977F,RIGID_FORCEPS,Exact,Optical rigid bronchoscopy forceps
PRD-B6A919EF32,THORACOSCOPY_TELESCOPE,Exact,Thoracoscopy telescope
PRD-4E59B4CEB3,ENDOSCOPE_CLEANING_BRUSH,Exact,Endoscope cleaning accessory
PRD-FF9CE26B43,RIGID_BRONCHOSCOPE_ACCESSORY,Exact,Flexible bronchoscope accessory
PRD-BA7CBE6482,PLEUROSCOPY_TROCAR,Exact,Thoracoscopy trocar
PRD-ED212D7E3C,PLEUROSCOPY_TROCAR,Exact,Thoracoscopy trocar
PRD-9CCC6DB32E,PLEUROSCOPY_TROCAR,Exact,Thoracoscopy trocar
PRD-DFFE75EB48,PLEUROSCOPY_TROCAR,Exact,Thoracoscopy trocar
PRD-68E4686E4B,PLEUROSCOPY_TROCAR,Exact,Thoracoscopy trocar
PRD-7E7BC96506,PLEUROSCOPY_TROCAR,Exact,Thoracoscopy trocar
PRD-A12A620A18,PLEUROSCOPY_TROCAR,Exact,Thoracoscopy trocar
PRD-5E2713887A,PLEURAL_BIOPSY_FORCEPS,Exact,Pleural biopsy forceps
PRD-C1F90B7445,PLEUROSCOPY_TROCAR,Exact,Thoracoscopy trocar
PRD-AD1CD2C1B2,PLEUROSCOPY_TROCAR,Exact,Thoracoscopy trocar
PRD-8287E5FFEF,PLEUROSCOPY_TROCAR,Exact,Thoracoscopy trocar
PRD-3236D0CEDC,PLEUROSCOPY_TROCAR,Exact,Thoracoscopy trocar
PRD-5FA4880E82,PLEUROSCOPE,Exact,Mini thoracoscope
PRD-67D1D03D3F,PLEUROSCOPY_TROCAR,Exact,Thoracoscopy trocar
PRD-D2F1921685,PLEUROSCOPY_TROCAR,Exact,Thoracoscopy trocar
PRD-4F64240AD0,PLEUROSCOPY_TROCAR,Exact,Thoracoscopy trocar
PRD-A8B69D1E0B,PLEUROSCOPY_TROCAR,Exact,Thoracoscopy trocar
PRD-40B834E981,PLEUROSCOPY_TROCAR,Exact,Thoracoscopy trocar
PRD-8509EF4D1E,PLEUROSCOPY_TROCAR,Exact,Thoracoscopy trocar
PRD-2058BA100A,THORACOSCOPY_TELESCOPE,Exact,Thoracoscopy telescope
PRD-AD5DB57EBC,THORACOSCOPY_TELESCOPE,Exact,Thoracoscopy telescope
PRD-5B271EC93B,THORACOSCOPY_TELESCOPE,Exact,Thoracoscopy telescope
PRD-B4E0EB9EFB,THORACOSCOPY_TELESCOPE,Exact,Thoracoscopy telescope
PRD-2FBD344316,THORACOSCOPY_TELESCOPE,Exact,Thoracoscopy telescope
PRD-1FE403B84C,THORACOSCOPY_TELESCOPE,Exact,Thoracoscopy telescope
PRD-2ACB51E58C,THORACOSCOPY_TELESCOPE,Exact,Thoracoscopy telescope
PRD-D99A37C035,THORACOSCOPY_TELESCOPE,Exact,Thoracoscopy telescope
PRD-BA86F45760,THORACOSCOPY_TELESCOPE,Exact,Thoracoscopy telescope
PRD-A1B7FC0BD4,THORACOSCOPY_TELESCOPE,Exact,Thoracoscopy telescope
PRD-6BF80B6E0D,THORACOSCOPY_TELESCOPE,Exact,Thoracoscopy telescope
PRD-4BB84F196B,THORACOSCOPY_TELESCOPE,Exact,Thoracoscopy telescope
PRD-01F519887A,THORACOSCOPY_TELESCOPE,Exact,Thoracoscopy telescope
PRD-0221D4FEAA,THORACOSCOPY_TELESCOPE,Exact,Thoracoscopy telescope
PRD-6E580584DD,THORACOSCOPY_TELESCOPE,Exact,Thoracoscopy telescope
PRD-1058B185EB,RIGID_BRONCH_SHAVER,Exact,Rigid bronchoscopic shaver handpiece
PRD-6F8A951376,IPC_DRAINAGE_KIT,Exact,Rocket IPC drainage supply
PRD-412ADCED34,IPC_INSERTION_KIT,Exact,Rocket IPC placement kit
PRD-6B7E932D54,IPC_INSERTION_KIT,Exact,Rocket IPC placement kit
PRD-2C648B78A4,IPC_DRAINAGE_KIT,Exact,Rocket IPC drainage supply
PRD-13CE349B91,IPC_INSERTION_KIT,Exact,Rocket IPC placement kit
PRD-22A349ADEC,IPC_DRAINAGE_KIT,Exact,Rocket IPC drainage supply
PRD-22A349ADEC,IPC_INSERTION_KIT,Primary,
PRD-A8F80E7C94,IPC_DRAINAGE_KIT,Exact,Rocket IPC drainage supply
PRD-BACF8FDE9B,IPC_DRAINAGE_KIT,Exact,Rocket IPC drainage supply
PRD-9FFD95C095,IPC_DRAINAGE_KIT,Exact,Rocket IPC drainage supply
PRD-60C171D0E6,IPC_DRAINAGE_KIT,Exact,Rocket IPC drainage supply
PRD-C6BE641E4E,IPC_DRESSING_KIT,Exact,Rocket IPC dressing pack
PRD-F96AA87958,IPC_MANAGEMENT_ACCESSORY,Exact,Rocket IPC management accessory
PRD-F96AA87958,PLEURAL_DRAINAGE_ACCESSORY,Compatible,IPC accessory
PRD-8D82B325C6,IPC_MANAGEMENT_ACCESSORY,Exact,Rocket IPC management accessory
PRD-8D82B325C6,PLEURAL_DRAINAGE_ACCESSORY,Compatible,IPC accessory
PRD-7578C8D45A,IPC_MANAGEMENT_ACCESSORY,Exact,Rocket IPC management accessory
PRD-7578C8D45A,PLEURAL_DRAINAGE_ACCESSORY,Compatible,IPC accessory
PRD-2E6996BA6A,IPC_MANAGEMENT_ACCESSORY,Exact,Rocket IPC management accessory
PRD-2E6996BA6A,PLEURAL_DRAINAGE_ACCESSORY,Compatible,IPC accessory
PRD-6E2197DFEE,IPC_MANAGEMENT_ACCESSORY,Exact,Rocket IPC management accessory
PRD-6E2197DFEE,PLEURAL_DRAINAGE_ACCESSORY,Compatible,IPC accessory
PRD-F3BBB75E29,IPC_MANAGEMENT_ACCESSORY,Exact,Rocket IPC management accessory
PRD-F3BBB75E29,PLEURAL_DRAINAGE_ACCESSORY,Compatible,IPC accessory
PRD-D3E1DD19D2,IPC_MANAGEMENT_ACCESSORY,Exact,Rocket IPC management accessory
PRD-D3E1DD19D2,PLEURAL_DRAINAGE_ACCESSORY,Compatible,IPC accessory
PRD-A72E811F09,THORACENTESIS_KIT,Primary,
PRD-7E17F5F17E,PNEUMOTHORAX_KIT,Primary,
PRD-6EFB8B3386,AIRWAY_STENT_SEMS_COVERED,Primary,
PRD-733F2370BA,AIRWAY_STENT_SEMS_COVERED,Primary,
PRD-138ECF4319,AIRWAY_STENT_SEMS_COVERED,Primary,
PRD-CBD72081E8,AIRWAY_STENT_SEMS_COVERED,Primary,
PRD-FBE99854E1,AIRWAY_STENT_SEMS_COVERED,Primary,
PRD-7ACC124BE1,AIRWAY_STENT_SEMS_COVERED,Primary,
PRD-A0DF0074DB,AIRWAY_STENT_SEMS_COVERED,Primary,
PRD-7AA19EC9FD,AIRWAY_STENT_SEMS_COVERED,Primary,
PRD-6DB8E6BC3D,AIRWAY_STENT_SEMS_COVERED,Primary,
PRD-BBBE3C6465,AIRWAY_STENT_SEMS_COVERED,Primary,
PRD-D2C6029A70,AIRWAY_STENT_SEMS_COVERED,Primary,
PRD-6F74CF87DF,AIRWAY_STENT_SEMS_COVERED,Primary,
PRD-908A7EB205,AIRWAY_STENT_SEMS_COVERED,Primary,
PRD-7EE559B95F,AIRWAY_STENT_SEMS_COVERED,Primary,
PRD-81325BA145,AIRWAY_STENT_SEMS_COVERED,Primary,
PRD-0C3327D71D,AIRWAY_STENT_SEMS_COVERED,Primary,
PRD-0581A0B7D2,AIRWAY_STENT_SEMS_COVERED,Primary,
PRD-EF96863018,AIRWAY_STENT_SEMS_COVERED,Primary,
PRD-5255AADD2C,AIRWAY_STENT_SEMS_COVERED,Primary,
PRD-2CEB73CB15,AIRWAY_STENT_SEMS_COVERED,Primary,
PRD-9BBDA8D7D6,AIRWAY_STENT_SEMS_COVERED,Primary,
PRD-F980B28A34,AIRWAY_STENT_SEMS_COVERED,Primary,
PRD-8C9CE98C9B,AIRWAY_STENT_SEMS_COVERED,Primary,
PRD-13EE4FE542,AIRWAY_STENT_SEMS_COVERED,Primary,
PRD-DF6218682C,AIRWAY_STENT_SEMS_COVERED,Primary,
PRD-03B374F7B8,AIRWAY_STENT_SEMS_COVERED,Primary,
PRD-EFB3CF2E71,AIRWAY_STENT_SEMS_COVERED,Primary,
PRD-470EA6C7BA,AIRWAY_STENT_SEMS_COVERED,Primary,
PRD-4AECEED0C8,AIRWAY_STENT_SEMS_COVERED,Primary,
PRD-56932BDE51,AIRWAY_STENT_SEMS_COVERED,Primary,
PRD-D968D7AB8E,AIRWAY_STENT_SEMS_COVERED,Primary,
PRD-6BC9B48573,AIRWAY_STENT_SEMS_COVERED,Primary,
PRD-95C0E7E548,AIRWAY_STENT_SEMS_COVERED,Primary,
PRD-34598AB94A,AIRWAY_STENT_SEMS_COVERED,Primary,
PRD-9C53328A79,AIRWAY_STENT_SEMS_COVERED,Primary,
PRD-9DCC51E06A,AIRWAY_STENT_SEMS_COVERED,Primary,
PRD-963930CE88,AIRWAY_STENT_SEMS_COVERED,Primary,
PRD-9BAC333008,AIRWAY_STENT_SEMS_COVERED,Primary,
PRD-78354BF30F,AIRWAY_STENT_SEMS_COVERED,Primary,
PRD-C7EB76131F,PDT_KIT,Primary,
PRD-EA6F3E44C1,PDT_KIT,Primary,
PRD-64481A5C4F,PDT_KIT,Primary,
PRD-20CB4910F8,PDT_KIT,Primary,
PRD-FFA21E88CC,PDT_KIT,Primary,
PRD-1A152615A0,AIRWAY_STENT_PATIENT_SPECIFIC,Primary,
